The system is: Linux - 3.10.0-957.27.2.el7.x86_64 - x86_64
Compiling the CXX compiler identification source file "CMakeCXXCompilerId.cpp" succeeded.
Compiler: /appl/opt/cluster_studio_xe2019/compilers_and_libraries_2019.4.243/linux/bin/intel64/icpc 
Build flags: 
Id flags:  

The output was:
0


Compilation of the CXX compiler identification source "CMakeCXXCompilerId.cpp" produced "a.out"

The CXX compiler identification is Intel, found in "/projappl/plasyre/Github/siris4-framework/multi-particle/CMakeFiles/3.12.3/CompilerIdCXX/a.out"

Compiling the C compiler identification source file "CMakeCCompilerId.c" succeeded.
Compiler: /appl/opt/cluster_studio_xe2019/compilers_and_libraries_2019.4.243/linux/bin/intel64/icc 
Build flags: 
Id flags:  

The output was:
0


Compilation of the C compiler identification source "CMakeCCompilerId.c" produced "a.out"

The C compiler identification is Intel, found in "/projappl/plasyre/Github/siris4-framework/multi-particle/CMakeFiles/3.12.3/CompilerIdC/a.out"

Compiling the Fortran compiler identification source file "CMakeFortranCompilerId.F" succeeded.
Compiler: /appl/opt/cluster_studio_xe2019/compilers_and_libraries_2019.4.243/linux/bin/intel64/ifort 
Build flags: 
Id flags: -v 

The output was:
0
ifort version 19.0.4.243
/appl/opt/cluster_studio_xe2019/compilers_and_libraries_2019.4.243/linux/bin/intel64/fpp    -D__INTEL_COMPILER=1900 -D__INTEL_COMPILER_UPDATE=4 -D__unix__ -D__unix -D__linux__ -D__linux -D__gnu_linux__ -Dunix -Dlinux -D__ELF__ -D__x86_64 -D__x86_64__ -D__amd64 -D__amd64__ -D__INTEL_COMPILER_BUILD_DATE=20190416 -D__INTEL_OFFLOAD -D__i686 -D__i686__ -D__pentiumpro -D__pentiumpro__ -D__tune_i686__ -D__tune_pentiumpro__ -D__pentium4 -D__pentium4__ -D__tune_pentium4__ -D__SSE2__ -D__SSE2_MATH__ -D__SSE__ -D__SSE_MATH__ -D__MMX__ -I. -I/appl/spack/install-tree/intel-19.0.4/boost-1.68.0-f7wza3/include -I/appl/opt/cluster_studio_xe2019/compilers_and_libraries_2019.4.243/linux/mkl/include -I/appl/spack/install-tree/intel-19.0.4/hpcx-mpi-2.4.0-keuon4/include -I/appl/opt/cluster_studio_xe2019/compilers_and_libraries_2019.4.243/linux/ipp/include -I/appl/opt/cluster_studio_xe2019/compilers_and_libraries_2019.4.243/linux/pstl/include -I/appl/opt/cluster_studio_xe2019/compilers_and_libraries_2019.4.243/linux/tbb/include -I/appl/opt/cluster_studio_xe2019/compilers_and_libraries_2019.4.243/linux/daal/include -I/appl/opt/cluster_studio_xe2019/compilers_and_libraries_2019.4.243/linux/compiler/include/intel64 -I/appl/opt/cluster_studio_xe2019/compilers_and_libraries_2019.4.243/linux/compiler/include/icc -I/appl/opt/cluster_studio_xe2019/compilers_and_libraries_2019.4.243/linux/compiler/include -I/usr/local/include -I/appl/spack/install-tree/gcc-4.8.5/gcc-8.3.0-qzmzn5/lib/gcc/x86_64-pc-linux-gnu/8.3.0/include -I/appl/spack/install-tree/gcc-4.8.5/gcc-8.3.0-qzmzn5/lib/gcc/x86_64-pc-linux-gnu/8.3.0/include-fixed -I/appl/spack/install-tree/gcc-4.8.5/gcc-8.3.0-qzmzn5/include/ -I/usr/include -fixed -4Ycpp -4Ncvf -f_com=yes -MX CMakeFortranCompilerId.F /local_scratch/apentti/ifort47zJcb.i
#include "..." search starts here:
#include <...> search starts here:
 .
 /appl/spack/install-tree/intel-19.0.4/boost-1.68.0-f7wza3/include
 /appl/opt/cluster_studio_xe2019/compilers_and_libraries_2019.4.243/linux/mkl/include
 /appl/spack/install-tree/intel-19.0.4/hpcx-mpi-2.4.0-keuon4/include
 /appl/opt/cluster_studio_xe2019/compilers_and_libraries_2019.4.243/linux/ipp/include
 /appl/opt/cluster_studio_xe2019/compilers_and_libraries_2019.4.243/linux/pstl/include
 /appl/opt/cluster_studio_xe2019/compilers_and_libraries_2019.4.243/linux/tbb/include
 /appl/opt/cluster_studio_xe2019/compilers_and_libraries_2019.4.243/linux/daal/include
 /appl/opt/cluster_studio_xe2019/compilers_and_libraries_2019.4.243/linux/compiler/include/intel64
 /appl/opt/cluster_studio_xe2019/compilers_and_libraries_2019.4.243/linux/compiler/include/icc
 /appl/opt/cluster_studio_xe2019/compilers_and_libraries_2019.4.243/linux/compiler/include
 /usr/local/include
 /appl/spack/install-tree/gcc-4.8.5/gcc-8.3.0-qzmzn5/lib/gcc/x86_64-pc-linux-gnu/8.3.0/include
 /appl/spack/install-tree/gcc-4.8.5/gcc-8.3.0-qzmzn5/lib/gcc/x86_64-pc-linux-gnu/8.3.0/include-fixed
 /appl/spack/install-tree/gcc-4.8.5/gcc-8.3.0-qzmzn5/include/
 /usr/include
End of search list.
/appl/opt/cluster_studio_xe2019/compilers_and_libraries_2019.4.243/linux/bin/intel64/fortcom    -D__INTEL_COMPILER=1900 -D__INTEL_COMPILER_UPDATE=4 -D__unix__ -D__unix -D__linux__ -D__linux -D__gnu_linux__ -Dunix -Dlinux -D__ELF__ -D__x86_64 -D__x86_64__ -D__amd64 -D__amd64__ -D__INTEL_COMPILER_BUILD_DATE=20190416 -D__INTEL_OFFLOAD -D__i686 -D__i686__ -D__pentiumpro -D__pentiumpro__ -D__tune_i686__ -D__tune_pentiumpro__ -D__pentium4 -D__pentium4__ -D__tune_pentium4__ -D__SSE2__ -D__SSE2_MATH__ -D__SSE__ -D__SSE_MATH__ -D__MMX__ -mGLOB_pack_sort_init_list -I. -I/appl/spack/install-tree/intel-19.0.4/boost-1.68.0-f7wza3/include -I/appl/opt/cluster_studio_xe2019/compilers_and_libraries_2019.4.243/linux/mkl/include -I/appl/spack/install-tree/intel-19.0.4/hpcx-mpi-2.4.0-keuon4/include -I/appl/opt/cluster_studio_xe2019/compilers_and_libraries_2019.4.243/linux/ipp/include -I/appl/opt/cluster_studio_xe2019/compilers_and_libraries_2019.4.243/linux/pstl/include -I/appl/opt/cluster_studio_xe2019/compilers_and_libraries_2019.4.243/linux/tbb/include -I/appl/opt/cluster_studio_xe2019/compilers_and_libraries_2019.4.243/linux/daal/include -I/appl/opt/cluster_studio_xe2019/compilers_and_libraries_2019.4.243/linux/compiler/include/intel64 -I/appl/opt/cluster_studio_xe2019/compilers_and_libraries_2019.4.243/linux/compiler/include/icc -I/appl/opt/cluster_studio_xe2019/compilers_and_libraries_2019.4.243/linux/compiler/include -I/usr/local/include -I/appl/spack/install-tree/gcc-4.8.5/gcc-8.3.0-qzmzn5/lib/gcc/x86_64-pc-linux-gnu/8.3.0/include -I/appl/spack/install-tree/gcc-4.8.5/gcc-8.3.0-qzmzn5/lib/gcc/x86_64-pc-linux-gnu/8.3.0/include-fixed -I/appl/spack/install-tree/gcc-4.8.5/gcc-8.3.0-qzmzn5/include/ -I/usr/include -omp_simd -O2 "-reentrancy threaded" -simd -offload_host -mGLOB_em64t=TRUE -mP1OPT_version=19.0-intel64 -mGLOB_diag_file=/local_scratch/apentti/ifort0uUiWS.diag -mGLOB_long_size_64 -mGLOB_routine_pointer_size_64 -mGLOB_source_language=GLOB_SOURCE_LANGUAGE_F90 -mP2OPT_static_promotion -mP1OPT_print_version=FALSE -mCG_use_gas_got_workaround=F -mP2OPT_align_option_used=TRUE -mGLOB_gcc_version=830 "-mGLOB_options_string=-gnu-prefix=/appl/spack/install-tree/gcc-4.8.5/gcc-8.3.0-qzmzn5/bin/ -Xlinker -rpath=/appl/spack/install-tree/gcc-4.8.5/gcc-8.3.0-qzmzn5/lib64 -v" -mGLOB_cxx_limited_range=FALSE -mCG_extend_parms=FALSE -mGLOB_compiler_bin_directory=/appl/opt/cluster_studio_xe2019/compilers_and_libraries_2019.4.243/linux/bin/intel64 -mGLOB_as_output_backup_file_name=/local_scratch/apentti/ifortQQBHKLas_.s -mGLOB_dashboard_use_source_name -mIPOPT_activate -mIPOPT_lite -mGLOB_uarch_tuning=0x0 -mGLOB_product_id_code=0x22006d91 -mCG_bnl_movbe=T -mGLOB_extended_instructions=0x8 -mP3OPT_use_mspp_call_convention -mP2OPT_subs_out_of_bound=FALSE -mP2OPT_disam_type_based_disam=2 -mGLOB_ansi_alias -mPGOPTI_value_profile_use=T -mGLOB_opt_report_use_source_name -mGLOB_offload_mode=1 -mP2OPT_offload_unique_var_string=ifort1105595411adXpVH -mP2OPT_hlo_level=2 -mP2OPT_hlo -mP2OPT_hpo_rtt_control=0 -mIPOPT_args_in_regs=0 -mP2OPT_disam_assume_nonstd_intent_in=FALSE -mGLOB_imf_mapping_library=/appl/opt/cluster_studio_xe2019/compilers_and_libraries_2019.4.243/linux/bin/intel64/libiml_attr.so -mIPOPT_single_file_compile_and_link=TRUE -mPGOPTI_gen_threadsafe_level=0 -mIPOPT_lto_object_enabled -mIPOPT_lto_object_value=1 -mIPOPT_obj_output_file_name=/local_scratch/apentti/ifort0uUiWS.o -mIPOPT_whole_archive_fixup_file_name=/local_scratch/apentti/ifortwarchuFQnkm -mGLOB_linker_version=2.31.1 -mGLOB_linker=/appl/spack/install-tree/gcc-4.8.5/binutils-2.31.1-xbslr3/bin/ld -mGLOB_driver_tempfile_name=/local_scratch/apentti/iforttempfileEj0CCE -mP3OPT_asm_target=P3OPT_ASM_TARGET_GAS -mGLOB_async_unwind_tables=TRUE -mGLOB_obj_output_file=/local_scratch/apentti/ifort0uUiWS.o -mGLOB_source_dialect=GLOB_SOURCE_DIALECT_FORTRAN -mP1OPT_source_file_name=CMakeFortranCompilerId.F -mP1OPT_full_source_file_name=/projappl/plasyre/Github/siris4-framework/multi-particle/CMakeFiles/3.12.3/CompilerIdFortran/CMakeFortranCompilerId.F -mP2OPT_symtab_type_copy=true /local_scratch/apentti/ifort47zJcb.i
#include "..." search starts here:
#include <...> search starts here:
 .
 /appl/spack/install-tree/intel-19.0.4/boost-1.68.0-f7wza3/include
 /appl/opt/cluster_studio_xe2019/compilers_and_libraries_2019.4.243/linux/mkl/include
 /appl/spack/install-tree/intel-19.0.4/hpcx-mpi-2.4.0-keuon4/include
 /appl/opt/cluster_studio_xe2019/compilers_and_libraries_2019.4.243/linux/ipp/include
 /appl/opt/cluster_studio_xe2019/compilers_and_libraries_2019.4.243/linux/pstl/include
 /appl/opt/cluster_studio_xe2019/compilers_and_libraries_2019.4.243/linux/tbb/include
 /appl/opt/cluster_studio_xe2019/compilers_and_libraries_2019.4.243/linux/daal/include
 /appl/opt/cluster_studio_xe2019/compilers_and_libraries_2019.4.243/linux/compiler/include/intel64
 /appl/opt/cluster_studio_xe2019/compilers_and_libraries_2019.4.243/linux/compiler/include/icc
 /appl/opt/cluster_studio_xe2019/compilers_and_libraries_2019.4.243/linux/compiler/include
 /usr/local/include
 /appl/spack/install-tree/gcc-4.8.5/gcc-8.3.0-qzmzn5/lib/gcc/x86_64-pc-linux-gnu/8.3.0/include
 /appl/spack/install-tree/gcc-4.8.5/gcc-8.3.0-qzmzn5/lib/gcc/x86_64-pc-linux-gnu/8.3.0/include-fixed
 /appl/spack/install-tree/gcc-4.8.5/gcc-8.3.0-qzmzn5/include/
 /usr/include
End of search list.
/appl/spack/install-tree/gcc-4.8.5/binutils-2.31.1-xbslr3/bin/ld    /lib/../lib64/crt1.o /lib/../lib64/crti.o /appl/spack/install-tree/gcc-4.8.5/gcc-8.3.0-qzmzn5/lib/gcc/x86_64-pc-linux-gnu/8.3.0/crtbegin.o --eh-frame-hdr --build-id -dynamic-linker /lib64/ld-linux-x86-64.so.2 -m elf_x86_64 -o a.out /appl/opt/cluster_studio_xe2019/compilers_and_libraries_2019.4.243/linux/compiler/lib/intel64_lin/for_main.o -L/appl/spack/install-tree/intel-19.0.4/boost-1.68.0-f7wza3/lib -L/appl/opt/cluster_studio_xe2019/compilers_and_libraries_2019.4.243/linux/tbb/lib/intel64_lin/gcc4.7 -L/appl/opt/cluster_studio_xe2019/compilers_and_libraries_2019.4.243/linux/compiler/lib/intel64_lin -L/appl/opt/cluster_studio_xe2019/compilers_and_libraries_2019.4.243/linux/mkl/lib/intel64_lin -L/appl/spack/install-tree/intel-19.0.4/hpcx-mpi-2.4.0-keuon4/lib -L/appl/opt/cluster_studio_xe2019/compilers_and_libraries_2019.4.243/linux/ipp/lib/intel64 -L/appl/opt/cluster_studio_xe2019/compilers_and_libraries_2019.4.243/linux/tbb/lib/intel64/gcc4.7 -L/appl/opt/cluster_studio_xe2019/compilers_and_libraries_2019.4.243/linux/daal/lib/intel64_lin -L/appl/opt/cluster_studio_xe2019/compilers_and_libraries_2019.4.243/linux/daal/../tbb/lib/intel64_lin/gcc4.4 -L/appl/opt/cluster_studio_xe2019/compilers_and_libraries_2019.4.243/linux/compiler/lib/intel64_lin -L/appl/spack/install-tree/gcc-4.8.5/gcc-8.3.0-qzmzn5/lib/gcc/x86_64-pc-linux-gnu/8.3.0/ -L/appl/spack/install-tree/gcc-4.8.5/gcc-8.3.0-qzmzn5/lib/gcc/x86_64-pc-linux-gnu/8.3.0/../../../../lib64 -L/appl/spack/install-tree/gcc-4.8.5/gcc-8.3.0-qzmzn5/lib/gcc/x86_64-pc-linux-gnu/8.3.0/../../../../lib64/ -L/lib/../lib64 -L/lib/../lib64/ -L/usr/lib/../lib64 -L/usr/lib/../lib64/ -L/appl/spack/install-tree/intel-19.0.4/boost-1.68.0-f7wza3/lib/ -L/appl/opt/cluster_studio_xe2019/compilers_and_libraries_2019.4.243/linux/tbb/lib/intel64_lin/gcc4.7/ -L/appl/opt/cluster_studio_xe2019/compilers_and_libraries_2019.4.243/linux/compiler/lib/intel64_lin/ -L/appl/opt/cluster_studio_xe2019/compilers_and_libraries_2019.4.243/linux/mkl/lib/intel64_lin/ -L/appl/spack/install-tree/intel-19.0.4/hpcx-mpi-2.4.0-keuon4/lib/ -L/appl/opt/cluster_studio_xe2019/compilers_and_libraries_2019.4.243/linux/ipp/lib/intel64/ -L/appl/opt/cluster_studio_xe2019/compilers_and_libraries_2019.4.243/linux/tbb/lib/intel64/gcc4.7/ -L/appl/opt/cluster_studio_xe2019/compilers_and_libraries_2019.4.243/linux/daal/lib/intel64_lin/ -L/appl/opt/cluster_studio_xe2019/compilers_and_libraries_2019.4.243/linux/daal/../tbb/lib/intel64_lin/gcc4.4/ -L/appl/spack/install-tree/gcc-4.8.5/gcc-8.3.0-qzmzn5/lib/gcc/x86_64-pc-linux-gnu/8.3.0/../../../ -L/lib64 -L/lib/ -L/usr/lib64 -L/usr/lib -rpath=/appl/spack/install-tree/gcc-4.8.5/gcc-8.3.0-qzmzn5/lib64 /local_scratch/apentti/ifort0uUiWS.o -Bdynamic -Bstatic -lifport -lifcoremt -limf -lsvml -Bdynamic -lm -Bstatic -lipgo -lirc -Bdynamic -lpthread -Bstatic -lsvml -Bdynamic -lc -lgcc -lgcc_s -Bstatic -lirc_s -Bdynamic -ldl -lc /appl/spack/install-tree/gcc-4.8.5/gcc-8.3.0-qzmzn5/lib/gcc/x86_64-pc-linux-gnu/8.3.0/crtend.o /lib/../lib64/crtn.o


Compilation of the Fortran compiler identification source "CMakeFortranCompilerId.F" produced "a.out"

The Fortran compiler identification is Intel, found in "/projappl/plasyre/Github/siris4-framework/multi-particle/CMakeFiles/3.12.3/CompilerIdFortran/a.out"

Determining if the CXX compiler works passed with the following output:
Change Dir: /projappl/plasyre/Github/siris4-framework/multi-particle/CMakeFiles/CMakeTmp

Run Build Command:"/usr/bin/gmake" "cmTC_c9a0e/fast"
/usr/bin/gmake -f CMakeFiles/cmTC_c9a0e.dir/build.make CMakeFiles/cmTC_c9a0e.dir/build
gmake[1]: Entering directory `/projappl/plasyre/Github/siris4-framework/multi-particle/CMakeFiles/CMakeTmp'
Building CXX object CMakeFiles/cmTC_c9a0e.dir/testCXXCompiler.cxx.o
/appl/opt/cluster_studio_xe2019/compilers_and_libraries_2019.4.243/linux/bin/intel64/icpc     -o CMakeFiles/cmTC_c9a0e.dir/testCXXCompiler.cxx.o -c /projappl/plasyre/Github/siris4-framework/multi-particle/CMakeFiles/CMakeTmp/testCXXCompiler.cxx
Linking CXX executable cmTC_c9a0e
/appl/spack/install-tree/gcc-4.8.5/cmake-3.12.3-bmoi4r/bin/cmake -E cmake_link_script CMakeFiles/cmTC_c9a0e.dir/link.txt --verbose=1
/appl/opt/cluster_studio_xe2019/compilers_and_libraries_2019.4.243/linux/bin/intel64/icpc       -rdynamic CMakeFiles/cmTC_c9a0e.dir/testCXXCompiler.cxx.o  -o cmTC_c9a0e 
gmake[1]: Leaving directory `/projappl/plasyre/Github/siris4-framework/multi-particle/CMakeFiles/CMakeTmp'


Detecting CXX compiler ABI info compiled with the following output:
Change Dir: /projappl/plasyre/Github/siris4-framework/multi-particle/CMakeFiles/CMakeTmp

Run Build Command:"/usr/bin/gmake" "cmTC_89aaa/fast"
/usr/bin/gmake -f CMakeFiles/cmTC_89aaa.dir/build.make CMakeFiles/cmTC_89aaa.dir/build
gmake[1]: Entering directory `/projappl/plasyre/Github/siris4-framework/multi-particle/CMakeFiles/CMakeTmp'
Building CXX object CMakeFiles/cmTC_89aaa.dir/CMakeCXXCompilerABI.cpp.o
/appl/opt/cluster_studio_xe2019/compilers_and_libraries_2019.4.243/linux/bin/intel64/icpc     -o CMakeFiles/cmTC_89aaa.dir/CMakeCXXCompilerABI.cpp.o -c /appl/spack/install-tree/gcc-4.8.5/cmake-3.12.3-bmoi4r/share/cmake-3.12/Modules/CMakeCXXCompilerABI.cpp
Linking CXX executable cmTC_89aaa
/appl/spack/install-tree/gcc-4.8.5/cmake-3.12.3-bmoi4r/bin/cmake -E cmake_link_script CMakeFiles/cmTC_89aaa.dir/link.txt --verbose=1
/appl/opt/cluster_studio_xe2019/compilers_and_libraries_2019.4.243/linux/bin/intel64/icpc      -v -rdynamic CMakeFiles/cmTC_89aaa.dir/CMakeCXXCompilerABI.cpp.o  -o cmTC_89aaa 
icpc version 19.0.4.243 (gcc version 8.3.0 compatibility)
/appl/opt/cluster_studio_xe2019/compilers_and_libraries_2019.4.243/linux/bin/intel64/mcpcom    -mGLOB_em64t=TRUE -mP1OPT_version=19.0-intel64 -mGLOB_diag_file=CMakeFiles/cmTC_89aaa.dir/CMakeCXXCompilerABI.cpp.diag -mGLOB_long_size_64 -mGLOB_routine_pointer_size_64 -mP1OPT_print_version=FALSE -mCG_use_gas_got_workaround=F -mP2OPT_align_option_used=TRUE -mGLOB_gcc_version=830 "-mGLOB_options_string=-gnu-prefix=/appl/spack/install-tree/gcc-4.8.5/gcc-8.3.0-qzmzn5/bin/ -Xlinker -rpath=/appl/spack/install-tree/gcc-4.8.5/gcc-8.3.0-qzmzn5/lib64 -v -rdynamic -o cmTC_89aaa" -mGLOB_cxx_limited_range=FALSE -mCG_extend_parms=FALSE -mGLOB_compiler_bin_directory=/appl/opt/cluster_studio_xe2019/compilers_and_libraries_2019.4.243/linux/bin/intel64 -mGLOB_as_output_backup_file_name=/local_scratch/apentti/icpcz6KOYKas_.s -mGLOB_dashboard_use_source_name -mIPOPT_activate -mGLOB_product_id_code=0x22006d90 -mP3OPT_use_mspp_call_convention -mP2OPT_subs_out_of_bound=FALSE -mP2OPT_disam_type_based_disam=2 -mP2OPT_disam_assume_ansi_c -mP2OPT_checked_disam_ansi_alias=TRUE -mGLOB_ansi_alias -mPGOPTI_value_profile_use=T -mGLOB_opt_report_use_source_name -mP2OPT_il0_array_sections=TRUE -mGLOB_offload_mode=1 -mP2OPT_offload_unique_var_string=icpc0611276265tOLzg0 -mP2OPT_hlo -mP2OPT_hpo_rtt_control=0 -mIPOPT_args_in_regs=0 -mP2OPT_disam_assume_nonstd_intent_in=FALSE -mGLOB_imf_mapping_library=/appl/opt/cluster_studio_xe2019/compilers_and_libraries_2019.4.243/linux/bin/intel64/libiml_attr.so -mPGOPTI_gen_threadsafe_level=0 -mIPOPT_link -mIPOPT_ipo_activate -mIPOPT_mo_activate -mIPOPT_source_files_list=/local_scratch/apentti/icpcslislcSr04 -mIPOPT_mo_global_data -mIPOPT_link_script_file=/local_scratch/apentti/icpcscriptd6bDZp "-mIPOPT_cmdline_link="/lib/../lib64/crt1.o" "/lib/../lib64/crti.o" "/appl/spack/install-tree/gcc-4.8.5/gcc-8.3.0-qzmzn5/lib/gcc/x86_64-pc-linux-gnu/8.3.0/crtbegin.o" "-export-dynamic" "--eh-frame-hdr" "--build-id" "-dynamic-linker" "/lib64/ld-linux-x86-64.so.2" "-m" "elf_x86_64" "-o" "cmTC_89aaa" "-L/appl/spack/install-tree/intel-19.0.4/boost-1.68.0-f7wza3/lib" "-L/appl/opt/cluster_studio_xe2019/compilers_and_libraries_2019.4.243/linux/tbb/lib/intel64_lin/gcc4.7" "-L/appl/opt/cluster_studio_xe2019/compilers_and_libraries_2019.4.243/linux/compiler/lib/intel64_lin" "-L/appl/opt/cluster_studio_xe2019/compilers_and_libraries_2019.4.243/linux/mkl/lib/intel64_lin" "-L/appl/spack/install-tree/intel-19.0.4/hpcx-mpi-2.4.0-keuon4/lib" "-L/appl/opt/cluster_studio_xe2019/compilers_and_libraries_2019.4.243/linux/ipp/lib/intel64" "-L/appl/opt/cluster_studio_xe2019/compilers_and_libraries_2019.4.243/linux/tbb/lib/intel64/gcc4.7" "-L/appl/opt/cluster_studio_xe2019/compilers_and_libraries_2019.4.243/linux/daal/lib/intel64_lin" "-L/appl/opt/cluster_studio_xe2019/compilers_and_libraries_2019.4.243/linux/daal/../tbb/lib/intel64_lin/gcc4.4" "-L/appl/opt/cluster_studio_xe2019/compilers_and_libraries_2019.4.243/linux/compiler/lib/intel64_lin" "-L/appl/spack/install-tree/gcc-4.8.5/gcc-8.3.0-qzmzn5/lib/gcc/x86_64-pc-linux-gnu/8.3.0/" "-L/appl/spack/install-tree/gcc-4.8.5/gcc-8.3.0-qzmzn5/lib/gcc/x86_64-pc-linux-gnu/8.3.0/../../../../lib64" "-L/appl/spack/install-tree/gcc-4.8.5/gcc-8.3.0-qzmzn5/lib/gcc/x86_64-pc-linux-gnu/8.3.0/../../../../lib64/" "-L/lib/../lib64" "-L/lib/../lib64/" "-L/usr/lib/../lib64" "-L/usr/lib/../lib64/" "-L/appl/spack/install-tree/intel-19.0.4/boost-1.68.0-f7wza3/lib/" "-L/appl/opt/cluster_studio_xe2019/compilers_and_libraries_2019.4.243/linux/tbb/lib/intel64_lin/gcc4.7/" "-L/appl/opt/cluster_studio_xe2019/compilers_and_libraries_2019.4.243/linux/compiler/lib/intel64_lin/" "-L/appl/opt/cluster_studio_xe2019/compilers_and_libraries_2019.4.243/linux/mkl/lib/intel64_lin/" "-L/appl/spack/install-tree/intel-19.0.4/hpcx-mpi-2.4.0-keuon4/lib/" "-L/appl/opt/cluster_studio_xe2019/compilers_and_libraries_2019.4.243/linux/ipp/lib/intel64/" "-L/appl/opt/cluster_studio_xe2019/compilers_and_libraries_2019.4.243/linux/tbb/lib/intel64/gcc4.7/" "-L/appl/opt/cluster_studio_xe2019/compilers_and_libraries_2019.4.243/linux/daal/lib/intel64_lin/" "-L/appl/opt/cluster_studio_xe2019/compilers_and_libraries_2019.4.243/linux/daal/../tbb/lib/intel64_lin/gcc4.4/" "-L/appl/spack/install-tree/gcc-4.8.5/gcc-8.3.0-qzmzn5/lib/gcc/x86_64-pc-linux-gnu/8.3.0/../../../" "-L/lib64" "-L/lib/" "-L/usr/lib64" "-L/usr/lib" "-rpath=/appl/spack/install-tree/gcc-4.8.5/gcc-8.3.0-qzmzn5/lib64" "CMakeFiles/cmTC_89aaa.dir/CMakeCXXCompilerABI.cpp.o" "-Bdynamic" "-Bstatic" "-limf" "-lsvml" "-lirng" "-Bdynamic" "-lstdc++" "-lm" "-Bstatic" "-lipgo" "-ldecimal" "--as-needed" "-Bdynamic" "-lcilkrts" "--no-as-needed" "-lstdc++" "-lgcc" "-lgcc_s" "-Bstatic" "-lirc" "-lsvml" "-Bdynamic" "-lc" "-lgcc" "-lgcc_s" "-Bstatic" "-lirc_s" "-Bdynamic" "-ldl" "-lc" "/appl/spack/install-tree/gcc-4.8.5/gcc-8.3.0-qzmzn5/lib/gcc/x86_64-pc-linux-gnu/8.3.0/crtend.o" "/lib/../lib64/crtn.o"" -mIPOPT_il_in_obj -mIPOPT_ipo_activate_warn=FALSE -mIPOPT_obj_output_file_name=/local_scratch/apentti/ipo_icpcjqTp52.o -mIPOPT_whole_archive_fixup_file_name=/local_scratch/apentti/icpcwarch7pR9Xq -mGLOB_linker_version=2.31.1 -mGLOB_linker=/appl/spack/install-tree/gcc-4.8.5/binutils-2.31.1-xbslr3/bin/ld -mGLOB_driver_tempfile_name=/local_scratch/apentti/icpctempfilejqNiYL -mP3OPT_asm_target=P3OPT_ASM_TARGET_GAS -mGLOB_async_unwind_tables=TRUE -mGLOB_obj_output_file=/local_scratch/apentti/ipo_icpcjqTp52.o -mGLOB_source_dialect=GLOB_SOURCE_DIALECT_NONE -mP1OPT_source_file_name=ipo_out.c CMakeFiles/cmTC_89aaa.dir/CMakeCXXCompilerABI.cpp.o -mIPOPT_object_files=T -mIPOPT_assembly_files=/local_scratch/apentti/icpcalisx13J3I -mIPOPT_generated_tempfiles=/local_scratch/apentti/icpcelis1SIU23 -mIPOPT_embedded_object_base_name=/local_scratch/apentti/icpceobjhjA51o -mIPOPT_cmdline_link_new_name=/local_scratch/apentti/icpcllisdMKg1J
/appl/spack/install-tree/gcc-4.8.5/binutils-2.31.1-xbslr3/bin/ld    /lib/../lib64/crt1.o /lib/../lib64/crti.o /appl/spack/install-tree/gcc-4.8.5/gcc-8.3.0-qzmzn5/lib/gcc/x86_64-pc-linux-gnu/8.3.0/crtbegin.o -export-dynamic --eh-frame-hdr --build-id -dynamic-linker /lib64/ld-linux-x86-64.so.2 -m elf_x86_64 -o cmTC_89aaa -L/appl/spack/install-tree/intel-19.0.4/boost-1.68.0-f7wza3/lib -L/appl/opt/cluster_studio_xe2019/compilers_and_libraries_2019.4.243/linux/tbb/lib/intel64_lin/gcc4.7 -L/appl/opt/cluster_studio_xe2019/compilers_and_libraries_2019.4.243/linux/compiler/lib/intel64_lin -L/appl/opt/cluster_studio_xe2019/compilers_and_libraries_2019.4.243/linux/mkl/lib/intel64_lin -L/appl/spack/install-tree/intel-19.0.4/hpcx-mpi-2.4.0-keuon4/lib -L/appl/opt/cluster_studio_xe2019/compilers_and_libraries_2019.4.243/linux/ipp/lib/intel64 -L/appl/opt/cluster_studio_xe2019/compilers_and_libraries_2019.4.243/linux/tbb/lib/intel64/gcc4.7 -L/appl/opt/cluster_studio_xe2019/compilers_and_libraries_2019.4.243/linux/daal/lib/intel64_lin -L/appl/opt/cluster_studio_xe2019/compilers_and_libraries_2019.4.243/linux/daal/../tbb/lib/intel64_lin/gcc4.4 -L/appl/opt/cluster_studio_xe2019/compilers_and_libraries_2019.4.243/linux/compiler/lib/intel64_lin -L/appl/spack/install-tree/gcc-4.8.5/gcc-8.3.0-qzmzn5/lib/gcc/x86_64-pc-linux-gnu/8.3.0/ -L/appl/spack/install-tree/gcc-4.8.5/gcc-8.3.0-qzmzn5/lib/gcc/x86_64-pc-linux-gnu/8.3.0/../../../../lib64 -L/appl/spack/install-tree/gcc-4.8.5/gcc-8.3.0-qzmzn5/lib/gcc/x86_64-pc-linux-gnu/8.3.0/../../../../lib64/ -L/lib/../lib64 -L/lib/../lib64/ -L/usr/lib/../lib64 -L/usr/lib/../lib64/ -L/appl/spack/install-tree/intel-19.0.4/boost-1.68.0-f7wza3/lib/ -L/appl/opt/cluster_studio_xe2019/compilers_and_libraries_2019.4.243/linux/tbb/lib/intel64_lin/gcc4.7/ -L/appl/opt/cluster_studio_xe2019/compilers_and_libraries_2019.4.243/linux/compiler/lib/intel64_lin/ -L/appl/opt/cluster_studio_xe2019/compilers_and_libraries_2019.4.243/linux/mkl/lib/intel64_lin/ -L/appl/spack/install-tree/intel-19.0.4/hpcx-mpi-2.4.0-keuon4/lib/ -L/appl/opt/cluster_studio_xe2019/compilers_and_libraries_2019.4.243/linux/ipp/lib/intel64/ -L/appl/opt/cluster_studio_xe2019/compilers_and_libraries_2019.4.243/linux/tbb/lib/intel64/gcc4.7/ -L/appl/opt/cluster_studio_xe2019/compilers_and_libraries_2019.4.243/linux/daal/lib/intel64_lin/ -L/appl/opt/cluster_studio_xe2019/compilers_and_libraries_2019.4.243/linux/daal/../tbb/lib/intel64_lin/gcc4.4/ -L/appl/spack/install-tree/gcc-4.8.5/gcc-8.3.0-qzmzn5/lib/gcc/x86_64-pc-linux-gnu/8.3.0/../../../ -L/lib64 -L/lib/ -L/usr/lib64 -L/usr/lib -rpath=/appl/spack/install-tree/gcc-4.8.5/gcc-8.3.0-qzmzn5/lib64 CMakeFiles/cmTC_89aaa.dir/CMakeCXXCompilerABI.cpp.o -Bdynamic -Bstatic -limf -lsvml -lirng -Bdynamic -lstdc++ -lm -Bstatic -lipgo -ldecimal --as-needed -Bdynamic -lcilkrts --no-as-needed -lstdc++ -lgcc -lgcc_s -Bstatic -lirc -lsvml -Bdynamic -lc -lgcc -lgcc_s -Bstatic -lirc_s -Bdynamic -ldl -lc /appl/spack/install-tree/gcc-4.8.5/gcc-8.3.0-qzmzn5/lib/gcc/x86_64-pc-linux-gnu/8.3.0/crtend.o /lib/../lib64/crtn.o
gmake[1]: Leaving directory `/projappl/plasyre/Github/siris4-framework/multi-particle/CMakeFiles/CMakeTmp'


Parsed CXX implicit link information from above output:
  link line regex: [^( *|.*[/\])(ld|CMAKE_LINK_STARTFILE-NOTFOUND|([^/\]+-)?ld|collect2)[^/\]*( |$)]
  ignore line: [Change Dir: /projappl/plasyre/Github/siris4-framework/multi-particle/CMakeFiles/CMakeTmp]
  ignore line: []
  ignore line: [Run Build Command:"/usr/bin/gmake" "cmTC_89aaa/fast"]
  ignore line: [/usr/bin/gmake -f CMakeFiles/cmTC_89aaa.dir/build.make CMakeFiles/cmTC_89aaa.dir/build]
  ignore line: [gmake[1]: Entering directory `/projappl/plasyre/Github/siris4-framework/multi-particle/CMakeFiles/CMakeTmp']
  ignore line: [Building CXX object CMakeFiles/cmTC_89aaa.dir/CMakeCXXCompilerABI.cpp.o]
  ignore line: [/appl/opt/cluster_studio_xe2019/compilers_and_libraries_2019.4.243/linux/bin/intel64/icpc     -o CMakeFiles/cmTC_89aaa.dir/CMakeCXXCompilerABI.cpp.o -c /appl/spack/install-tree/gcc-4.8.5/cmake-3.12.3-bmoi4r/share/cmake-3.12/Modules/CMakeCXXCompilerABI.cpp]
  ignore line: [Linking CXX executable cmTC_89aaa]
  ignore line: [/appl/spack/install-tree/gcc-4.8.5/cmake-3.12.3-bmoi4r/bin/cmake -E cmake_link_script CMakeFiles/cmTC_89aaa.dir/link.txt --verbose=1]
  ignore line: [/appl/opt/cluster_studio_xe2019/compilers_and_libraries_2019.4.243/linux/bin/intel64/icpc      -v -rdynamic CMakeFiles/cmTC_89aaa.dir/CMakeCXXCompilerABI.cpp.o  -o cmTC_89aaa ]
  ignore line: [icpc version 19.0.4.243 (gcc version 8.3.0 compatibility)]
  ignore line: [/appl/opt/cluster_studio_xe2019/compilers_and_libraries_2019.4.243/linux/bin/intel64/mcpcom    -mGLOB_em64t=TRUE -mP1OPT_version=19.0-intel64 -mGLOB_diag_file=CMakeFiles/cmTC_89aaa.dir/CMakeCXXCompilerABI.cpp.diag -mGLOB_long_size_64 -mGLOB_routine_pointer_size_64 -mP1OPT_print_version=FALSE -mCG_use_gas_got_workaround=F -mP2OPT_align_option_used=TRUE -mGLOB_gcc_version=830 "-mGLOB_options_string=-gnu-prefix=/appl/spack/install-tree/gcc-4.8.5/gcc-8.3.0-qzmzn5/bin/ -Xlinker -rpath=/appl/spack/install-tree/gcc-4.8.5/gcc-8.3.0-qzmzn5/lib64 -v -rdynamic -o cmTC_89aaa" -mGLOB_cxx_limited_range=FALSE -mCG_extend_parms=FALSE -mGLOB_compiler_bin_directory=/appl/opt/cluster_studio_xe2019/compilers_and_libraries_2019.4.243/linux/bin/intel64 -mGLOB_as_output_backup_file_name=/local_scratch/apentti/icpcz6KOYKas_.s -mGLOB_dashboard_use_source_name -mIPOPT_activate -mGLOB_product_id_code=0x22006d90 -mP3OPT_use_mspp_call_convention -mP2OPT_subs_out_of_bound=FALSE -mP2OPT_disam_type_based_disam=2 -mP2OPT_disam_assume_ansi_c -mP2OPT_checked_disam_ansi_alias=TRUE -mGLOB_ansi_alias -mPGOPTI_value_profile_use=T -mGLOB_opt_report_use_source_name -mP2OPT_il0_array_sections=TRUE -mGLOB_offload_mode=1 -mP2OPT_offload_unique_var_string=icpc0611276265tOLzg0 -mP2OPT_hlo -mP2OPT_hpo_rtt_control=0 -mIPOPT_args_in_regs=0 -mP2OPT_disam_assume_nonstd_intent_in=FALSE -mGLOB_imf_mapping_library=/appl/opt/cluster_studio_xe2019/compilers_and_libraries_2019.4.243/linux/bin/intel64/libiml_attr.so -mPGOPTI_gen_threadsafe_level=0 -mIPOPT_link -mIPOPT_ipo_activate -mIPOPT_mo_activate -mIPOPT_source_files_list=/local_scratch/apentti/icpcslislcSr04 -mIPOPT_mo_global_data -mIPOPT_link_script_file=/local_scratch/apentti/icpcscriptd6bDZp "-mIPOPT_cmdline_link="/lib/../lib64/crt1.o" "/lib/../lib64/crti.o" "/appl/spack/install-tree/gcc-4.8.5/gcc-8.3.0-qzmzn5/lib/gcc/x86_64-pc-linux-gnu/8.3.0/crtbegin.o" "-export-dynamic" "--eh-frame-hdr" "--build-id" "-dynamic-linker" "/lib64/ld-linux-x86-64.so.2" "-m" "elf_x86_64" "-o" "cmTC_89aaa" "-L/appl/spack/install-tree/intel-19.0.4/boost-1.68.0-f7wza3/lib" "-L/appl/opt/cluster_studio_xe2019/compilers_and_libraries_2019.4.243/linux/tbb/lib/intel64_lin/gcc4.7" "-L/appl/opt/cluster_studio_xe2019/compilers_and_libraries_2019.4.243/linux/compiler/lib/intel64_lin" "-L/appl/opt/cluster_studio_xe2019/compilers_and_libraries_2019.4.243/linux/mkl/lib/intel64_lin" "-L/appl/spack/install-tree/intel-19.0.4/hpcx-mpi-2.4.0-keuon4/lib" "-L/appl/opt/cluster_studio_xe2019/compilers_and_libraries_2019.4.243/linux/ipp/lib/intel64" "-L/appl/opt/cluster_studio_xe2019/compilers_and_libraries_2019.4.243/linux/tbb/lib/intel64/gcc4.7" "-L/appl/opt/cluster_studio_xe2019/compilers_and_libraries_2019.4.243/linux/daal/lib/intel64_lin" "-L/appl/opt/cluster_studio_xe2019/compilers_and_libraries_2019.4.243/linux/daal/../tbb/lib/intel64_lin/gcc4.4" "-L/appl/opt/cluster_studio_xe2019/compilers_and_libraries_2019.4.243/linux/compiler/lib/intel64_lin" "-L/appl/spack/install-tree/gcc-4.8.5/gcc-8.3.0-qzmzn5/lib/gcc/x86_64-pc-linux-gnu/8.3.0/" "-L/appl/spack/install-tree/gcc-4.8.5/gcc-8.3.0-qzmzn5/lib/gcc/x86_64-pc-linux-gnu/8.3.0/../../../../lib64" "-L/appl/spack/install-tree/gcc-4.8.5/gcc-8.3.0-qzmzn5/lib/gcc/x86_64-pc-linux-gnu/8.3.0/../../../../lib64/" "-L/lib/../lib64" "-L/lib/../lib64/" "-L/usr/lib/../lib64" "-L/usr/lib/../lib64/" "-L/appl/spack/install-tree/intel-19.0.4/boost-1.68.0-f7wza3/lib/" "-L/appl/opt/cluster_studio_xe2019/compilers_and_libraries_2019.4.243/linux/tbb/lib/intel64_lin/gcc4.7/" "-L/appl/opt/cluster_studio_xe2019/compilers_and_libraries_2019.4.243/linux/compiler/lib/intel64_lin/" "-L/appl/opt/cluster_studio_xe2019/compilers_and_libraries_2019.4.243/linux/mkl/lib/intel64_lin/" "-L/appl/spack/install-tree/intel-19.0.4/hpcx-mpi-2.4.0-keuon4/lib/" "-L/appl/opt/cluster_studio_xe2019/compilers_and_libraries_2019.4.243/linux/ipp/lib/intel64/" "-L/appl/opt/cluster_studio_xe2019/compilers_and_libraries_2019.4.243/linux/tbb/lib/intel64/gcc4.7/" "-L/appl/opt/cluster_studio_xe2019/compilers_and_libraries_2019.4.243/linux/daal/lib/intel64_lin/" "-L/appl/opt/cluster_studio_xe2019/compilers_and_libraries_2019.4.243/linux/daal/../tbb/lib/intel64_lin/gcc4.4/" "-L/appl/spack/install-tree/gcc-4.8.5/gcc-8.3.0-qzmzn5/lib/gcc/x86_64-pc-linux-gnu/8.3.0/../../../" "-L/lib64" "-L/lib/" "-L/usr/lib64" "-L/usr/lib" "-rpath=/appl/spack/install-tree/gcc-4.8.5/gcc-8.3.0-qzmzn5/lib64" "CMakeFiles/cmTC_89aaa.dir/CMakeCXXCompilerABI.cpp.o" "-Bdynamic" "-Bstatic" "-limf" "-lsvml" "-lirng" "-Bdynamic" "-lstdc++" "-lm" "-Bstatic" "-lipgo" "-ldecimal" "--as-needed" "-Bdynamic" "-lcilkrts" "--no-as-needed" "-lstdc++" "-lgcc" "-lgcc_s" "-Bstatic" "-lirc" "-lsvml" "-Bdynamic" "-lc" "-lgcc" "-lgcc_s" "-Bstatic" "-lirc_s" "-Bdynamic" "-ldl" "-lc" "/appl/spack/install-tree/gcc-4.8.5/gcc-8.3.0-qzmzn5/lib/gcc/x86_64-pc-linux-gnu/8.3.0/crtend.o" "/lib/../lib64/crtn.o"" -mIPOPT_il_in_obj -mIPOPT_ipo_activate_warn=FALSE -mIPOPT_obj_output_file_name=/local_scratch/apentti/ipo_icpcjqTp52.o -mIPOPT_whole_archive_fixup_file_name=/local_scratch/apentti/icpcwarch7pR9Xq -mGLOB_linker_version=2.31.1 -mGLOB_linker=/appl/spack/install-tree/gcc-4.8.5/binutils-2.31.1-xbslr3/bin/ld -mGLOB_driver_tempfile_name=/local_scratch/apentti/icpctempfilejqNiYL -mP3OPT_asm_target=P3OPT_ASM_TARGET_GAS -mGLOB_async_unwind_tables=TRUE -mGLOB_obj_output_file=/local_scratch/apentti/ipo_icpcjqTp52.o -mGLOB_source_dialect=GLOB_SOURCE_DIALECT_NONE -mP1OPT_source_file_name=ipo_out.c CMakeFiles/cmTC_89aaa.dir/CMakeCXXCompilerABI.cpp.o -mIPOPT_object_files=T -mIPOPT_assembly_files=/local_scratch/apentti/icpcalisx13J3I -mIPOPT_generated_tempfiles=/local_scratch/apentti/icpcelis1SIU23 -mIPOPT_embedded_object_base_name=/local_scratch/apentti/icpceobjhjA51o -mIPOPT_cmdline_link_new_name=/local_scratch/apentti/icpcllisdMKg1J]
  link line: [/appl/spack/install-tree/gcc-4.8.5/binutils-2.31.1-xbslr3/bin/ld    /lib/../lib64/crt1.o /lib/../lib64/crti.o /appl/spack/install-tree/gcc-4.8.5/gcc-8.3.0-qzmzn5/lib/gcc/x86_64-pc-linux-gnu/8.3.0/crtbegin.o -export-dynamic --eh-frame-hdr --build-id -dynamic-linker /lib64/ld-linux-x86-64.so.2 -m elf_x86_64 -o cmTC_89aaa -L/appl/spack/install-tree/intel-19.0.4/boost-1.68.0-f7wza3/lib -L/appl/opt/cluster_studio_xe2019/compilers_and_libraries_2019.4.243/linux/tbb/lib/intel64_lin/gcc4.7 -L/appl/opt/cluster_studio_xe2019/compilers_and_libraries_2019.4.243/linux/compiler/lib/intel64_lin -L/appl/opt/cluster_studio_xe2019/compilers_and_libraries_2019.4.243/linux/mkl/lib/intel64_lin -L/appl/spack/install-tree/intel-19.0.4/hpcx-mpi-2.4.0-keuon4/lib -L/appl/opt/cluster_studio_xe2019/compilers_and_libraries_2019.4.243/linux/ipp/lib/intel64 -L/appl/opt/cluster_studio_xe2019/compilers_and_libraries_2019.4.243/linux/tbb/lib/intel64/gcc4.7 -L/appl/opt/cluster_studio_xe2019/compilers_and_libraries_2019.4.243/linux/daal/lib/intel64_lin -L/appl/opt/cluster_studio_xe2019/compilers_and_libraries_2019.4.243/linux/daal/../tbb/lib/intel64_lin/gcc4.4 -L/appl/opt/cluster_studio_xe2019/compilers_and_libraries_2019.4.243/linux/compiler/lib/intel64_lin -L/appl/spack/install-tree/gcc-4.8.5/gcc-8.3.0-qzmzn5/lib/gcc/x86_64-pc-linux-gnu/8.3.0/ -L/appl/spack/install-tree/gcc-4.8.5/gcc-8.3.0-qzmzn5/lib/gcc/x86_64-pc-linux-gnu/8.3.0/../../../../lib64 -L/appl/spack/install-tree/gcc-4.8.5/gcc-8.3.0-qzmzn5/lib/gcc/x86_64-pc-linux-gnu/8.3.0/../../../../lib64/ -L/lib/../lib64 -L/lib/../lib64/ -L/usr/lib/../lib64 -L/usr/lib/../lib64/ -L/appl/spack/install-tree/intel-19.0.4/boost-1.68.0-f7wza3/lib/ -L/appl/opt/cluster_studio_xe2019/compilers_and_libraries_2019.4.243/linux/tbb/lib/intel64_lin/gcc4.7/ -L/appl/opt/cluster_studio_xe2019/compilers_and_libraries_2019.4.243/linux/compiler/lib/intel64_lin/ -L/appl/opt/cluster_studio_xe2019/compilers_and_libraries_2019.4.243/linux/mkl/lib/intel64_lin/ -L/appl/spack/install-tree/intel-19.0.4/hpcx-mpi-2.4.0-keuon4/lib/ -L/appl/opt/cluster_studio_xe2019/compilers_and_libraries_2019.4.243/linux/ipp/lib/intel64/ -L/appl/opt/cluster_studio_xe2019/compilers_and_libraries_2019.4.243/linux/tbb/lib/intel64/gcc4.7/ -L/appl/opt/cluster_studio_xe2019/compilers_and_libraries_2019.4.243/linux/daal/lib/intel64_lin/ -L/appl/opt/cluster_studio_xe2019/compilers_and_libraries_2019.4.243/linux/daal/../tbb/lib/intel64_lin/gcc4.4/ -L/appl/spack/install-tree/gcc-4.8.5/gcc-8.3.0-qzmzn5/lib/gcc/x86_64-pc-linux-gnu/8.3.0/../../../ -L/lib64 -L/lib/ -L/usr/lib64 -L/usr/lib -rpath=/appl/spack/install-tree/gcc-4.8.5/gcc-8.3.0-qzmzn5/lib64 CMakeFiles/cmTC_89aaa.dir/CMakeCXXCompilerABI.cpp.o -Bdynamic -Bstatic -limf -lsvml -lirng -Bdynamic -lstdc++ -lm -Bstatic -lipgo -ldecimal --as-needed -Bdynamic -lcilkrts --no-as-needed -lstdc++ -lgcc -lgcc_s -Bstatic -lirc -lsvml -Bdynamic -lc -lgcc -lgcc_s -Bstatic -lirc_s -Bdynamic -ldl -lc /appl/spack/install-tree/gcc-4.8.5/gcc-8.3.0-qzmzn5/lib/gcc/x86_64-pc-linux-gnu/8.3.0/crtend.o /lib/../lib64/crtn.o]
    arg [/appl/spack/install-tree/gcc-4.8.5/binutils-2.31.1-xbslr3/bin/ld] ==> ignore
    arg [/lib/../lib64/crt1.o] ==> ignore
    arg [/lib/../lib64/crti.o] ==> ignore
    arg [/appl/spack/install-tree/gcc-4.8.5/gcc-8.3.0-qzmzn5/lib/gcc/x86_64-pc-linux-gnu/8.3.0/crtbegin.o] ==> ignore
    arg [-export-dynamic] ==> ignore
    arg [--eh-frame-hdr] ==> ignore
    arg [--build-id] ==> ignore
    arg [-dynamic-linker] ==> ignore
    arg [/lib64/ld-linux-x86-64.so.2] ==> ignore
    arg [-m] ==> ignore
    arg [elf_x86_64] ==> ignore
    arg [-o] ==> ignore
    arg [cmTC_89aaa] ==> ignore
    arg [-L/appl/spack/install-tree/intel-19.0.4/boost-1.68.0-f7wza3/lib] ==> dir [/appl/spack/install-tree/intel-19.0.4/boost-1.68.0-f7wza3/lib]
    arg [-L/appl/opt/cluster_studio_xe2019/compilers_and_libraries_2019.4.243/linux/tbb/lib/intel64_lin/gcc4.7] ==> dir [/appl/opt/cluster_studio_xe2019/compilers_and_libraries_2019.4.243/linux/tbb/lib/intel64_lin/gcc4.7]
    arg [-L/appl/opt/cluster_studio_xe2019/compilers_and_libraries_2019.4.243/linux/compiler/lib/intel64_lin] ==> dir [/appl/opt/cluster_studio_xe2019/compilers_and_libraries_2019.4.243/linux/compiler/lib/intel64_lin]
    arg [-L/appl/opt/cluster_studio_xe2019/compilers_and_libraries_2019.4.243/linux/mkl/lib/intel64_lin] ==> dir [/appl/opt/cluster_studio_xe2019/compilers_and_libraries_2019.4.243/linux/mkl/lib/intel64_lin]
    arg [-L/appl/spack/install-tree/intel-19.0.4/hpcx-mpi-2.4.0-keuon4/lib] ==> dir [/appl/spack/install-tree/intel-19.0.4/hpcx-mpi-2.4.0-keuon4/lib]
    arg [-L/appl/opt/cluster_studio_xe2019/compilers_and_libraries_2019.4.243/linux/ipp/lib/intel64] ==> dir [/appl/opt/cluster_studio_xe2019/compilers_and_libraries_2019.4.243/linux/ipp/lib/intel64]
    arg [-L/appl/opt/cluster_studio_xe2019/compilers_and_libraries_2019.4.243/linux/tbb/lib/intel64/gcc4.7] ==> dir [/appl/opt/cluster_studio_xe2019/compilers_and_libraries_2019.4.243/linux/tbb/lib/intel64/gcc4.7]
    arg [-L/appl/opt/cluster_studio_xe2019/compilers_and_libraries_2019.4.243/linux/daal/lib/intel64_lin] ==> dir [/appl/opt/cluster_studio_xe2019/compilers_and_libraries_2019.4.243/linux/daal/lib/intel64_lin]
    arg [-L/appl/opt/cluster_studio_xe2019/compilers_and_libraries_2019.4.243/linux/daal/../tbb/lib/intel64_lin/gcc4.4] ==> dir [/appl/opt/cluster_studio_xe2019/compilers_and_libraries_2019.4.243/linux/daal/../tbb/lib/intel64_lin/gcc4.4]
    arg [-L/appl/opt/cluster_studio_xe2019/compilers_and_libraries_2019.4.243/linux/compiler/lib/intel64_lin] ==> dir [/appl/opt/cluster_studio_xe2019/compilers_and_libraries_2019.4.243/linux/compiler/lib/intel64_lin]
    arg [-L/appl/spack/install-tree/gcc-4.8.5/gcc-8.3.0-qzmzn5/lib/gcc/x86_64-pc-linux-gnu/8.3.0/] ==> dir [/appl/spack/install-tree/gcc-4.8.5/gcc-8.3.0-qzmzn5/lib/gcc/x86_64-pc-linux-gnu/8.3.0/]
    arg [-L/appl/spack/install-tree/gcc-4.8.5/gcc-8.3.0-qzmzn5/lib/gcc/x86_64-pc-linux-gnu/8.3.0/../../../../lib64] ==> dir [/appl/spack/install-tree/gcc-4.8.5/gcc-8.3.0-qzmzn5/lib/gcc/x86_64-pc-linux-gnu/8.3.0/../../../../lib64]
    arg [-L/appl/spack/install-tree/gcc-4.8.5/gcc-8.3.0-qzmzn5/lib/gcc/x86_64-pc-linux-gnu/8.3.0/../../../../lib64/] ==> dir [/appl/spack/install-tree/gcc-4.8.5/gcc-8.3.0-qzmzn5/lib/gcc/x86_64-pc-linux-gnu/8.3.0/../../../../lib64/]
    arg [-L/lib/../lib64] ==> dir [/lib/../lib64]
    arg [-L/lib/../lib64/] ==> dir [/lib/../lib64/]
    arg [-L/usr/lib/../lib64] ==> dir [/usr/lib/../lib64]
    arg [-L/usr/lib/../lib64/] ==> dir [/usr/lib/../lib64/]
    arg [-L/appl/spack/install-tree/intel-19.0.4/boost-1.68.0-f7wza3/lib/] ==> dir [/appl/spack/install-tree/intel-19.0.4/boost-1.68.0-f7wza3/lib/]
    arg [-L/appl/opt/cluster_studio_xe2019/compilers_and_libraries_2019.4.243/linux/tbb/lib/intel64_lin/gcc4.7/] ==> dir [/appl/opt/cluster_studio_xe2019/compilers_and_libraries_2019.4.243/linux/tbb/lib/intel64_lin/gcc4.7/]
    arg [-L/appl/opt/cluster_studio_xe2019/compilers_and_libraries_2019.4.243/linux/compiler/lib/intel64_lin/] ==> dir [/appl/opt/cluster_studio_xe2019/compilers_and_libraries_2019.4.243/linux/compiler/lib/intel64_lin/]
    arg [-L/appl/opt/cluster_studio_xe2019/compilers_and_libraries_2019.4.243/linux/mkl/lib/intel64_lin/] ==> dir [/appl/opt/cluster_studio_xe2019/compilers_and_libraries_2019.4.243/linux/mkl/lib/intel64_lin/]
    arg [-L/appl/spack/install-tree/intel-19.0.4/hpcx-mpi-2.4.0-keuon4/lib/] ==> dir [/appl/spack/install-tree/intel-19.0.4/hpcx-mpi-2.4.0-keuon4/lib/]
    arg [-L/appl/opt/cluster_studio_xe2019/compilers_and_libraries_2019.4.243/linux/ipp/lib/intel64/] ==> dir [/appl/opt/cluster_studio_xe2019/compilers_and_libraries_2019.4.243/linux/ipp/lib/intel64/]
    arg [-L/appl/opt/cluster_studio_xe2019/compilers_and_libraries_2019.4.243/linux/tbb/lib/intel64/gcc4.7/] ==> dir [/appl/opt/cluster_studio_xe2019/compilers_and_libraries_2019.4.243/linux/tbb/lib/intel64/gcc4.7/]
    arg [-L/appl/opt/cluster_studio_xe2019/compilers_and_libraries_2019.4.243/linux/daal/lib/intel64_lin/] ==> dir [/appl/opt/cluster_studio_xe2019/compilers_and_libraries_2019.4.243/linux/daal/lib/intel64_lin/]
    arg [-L/appl/opt/cluster_studio_xe2019/compilers_and_libraries_2019.4.243/linux/daal/../tbb/lib/intel64_lin/gcc4.4/] ==> dir [/appl/opt/cluster_studio_xe2019/compilers_and_libraries_2019.4.243/linux/daal/../tbb/lib/intel64_lin/gcc4.4/]
    arg [-L/appl/spack/install-tree/gcc-4.8.5/gcc-8.3.0-qzmzn5/lib/gcc/x86_64-pc-linux-gnu/8.3.0/../../../] ==> dir [/appl/spack/install-tree/gcc-4.8.5/gcc-8.3.0-qzmzn5/lib/gcc/x86_64-pc-linux-gnu/8.3.0/../../../]
    arg [-L/lib64] ==> dir [/lib64]
    arg [-L/lib/] ==> dir [/lib/]
    arg [-L/usr/lib64] ==> dir [/usr/lib64]
    arg [-L/usr/lib] ==> dir [/usr/lib]
    arg [-rpath=/appl/spack/install-tree/gcc-4.8.5/gcc-8.3.0-qzmzn5/lib64] ==> ignore
    arg [CMakeFiles/cmTC_89aaa.dir/CMakeCXXCompilerABI.cpp.o] ==> ignore
    arg [-Bdynamic] ==> ignore
    arg [-Bstatic] ==> ignore
    arg [-limf] ==> lib [imf]
    arg [-lsvml] ==> lib [svml]
    arg [-lirng] ==> lib [irng]
    arg [-Bdynamic] ==> ignore
    arg [-lstdc++] ==> lib [stdc++]
    arg [-lm] ==> lib [m]
    arg [-Bstatic] ==> ignore
    arg [-lipgo] ==> lib [ipgo]
    arg [-ldecimal] ==> lib [decimal]
    arg [--as-needed] ==> ignore
    arg [-Bdynamic] ==> ignore
    arg [-lcilkrts] ==> lib [cilkrts]
    arg [--no-as-needed] ==> ignore
    arg [-lstdc++] ==> lib [stdc++]
    arg [-lgcc] ==> lib [gcc]
    arg [-lgcc_s] ==> lib [gcc_s]
    arg [-Bstatic] ==> ignore
    arg [-lirc] ==> lib [irc]
    arg [-lsvml] ==> lib [svml]
    arg [-Bdynamic] ==> ignore
    arg [-lc] ==> lib [c]
    arg [-lgcc] ==> lib [gcc]
    arg [-lgcc_s] ==> lib [gcc_s]
    arg [-Bstatic] ==> ignore
    arg [-lirc_s] ==> lib [irc_s]
    arg [-Bdynamic] ==> ignore
    arg [-ldl] ==> lib [dl]
    arg [-lc] ==> lib [c]
    arg [/appl/spack/install-tree/gcc-4.8.5/gcc-8.3.0-qzmzn5/lib/gcc/x86_64-pc-linux-gnu/8.3.0/crtend.o] ==> ignore
    arg [/lib/../lib64/crtn.o] ==> ignore
  collapse library dir [/appl/spack/install-tree/intel-19.0.4/boost-1.68.0-f7wza3/lib] ==> [/appl/spack/install-tree/intel-19.0.4/boost-1.68.0-f7wza3/lib]
  collapse library dir [/appl/opt/cluster_studio_xe2019/compilers_and_libraries_2019.4.243/linux/tbb/lib/intel64_lin/gcc4.7] ==> [/appl/opt/cluster_studio_xe2019/compilers_and_libraries_2019.4.243/linux/tbb/lib/intel64_lin/gcc4.7]
  collapse library dir [/appl/opt/cluster_studio_xe2019/compilers_and_libraries_2019.4.243/linux/compiler/lib/intel64_lin] ==> [/appl/opt/cluster_studio_xe2019/compilers_and_libraries_2019.4.243/linux/compiler/lib/intel64_lin]
  collapse library dir [/appl/opt/cluster_studio_xe2019/compilers_and_libraries_2019.4.243/linux/mkl/lib/intel64_lin] ==> [/appl/opt/cluster_studio_xe2019/compilers_and_libraries_2019.4.243/linux/mkl/lib/intel64_lin]
  collapse library dir [/appl/spack/install-tree/intel-19.0.4/hpcx-mpi-2.4.0-keuon4/lib] ==> [/appl/spack/install-tree/intel-19.0.4/hpcx-mpi-2.4.0-keuon4/lib]
  collapse library dir [/appl/opt/cluster_studio_xe2019/compilers_and_libraries_2019.4.243/linux/ipp/lib/intel64] ==> [/appl/opt/cluster_studio_xe2019/compilers_and_libraries_2019.4.243/linux/ipp/lib/intel64]
  collapse library dir [/appl/opt/cluster_studio_xe2019/compilers_and_libraries_2019.4.243/linux/tbb/lib/intel64/gcc4.7] ==> [/appl/opt/cluster_studio_xe2019/compilers_and_libraries_2019.4.243/linux/tbb/lib/intel64/gcc4.7]
  collapse library dir [/appl/opt/cluster_studio_xe2019/compilers_and_libraries_2019.4.243/linux/daal/lib/intel64_lin] ==> [/appl/opt/cluster_studio_xe2019/compilers_and_libraries_2019.4.243/linux/daal/lib/intel64_lin]
  collapse library dir [/appl/opt/cluster_studio_xe2019/compilers_and_libraries_2019.4.243/linux/daal/../tbb/lib/intel64_lin/gcc4.4] ==> [/appl/opt/cluster_studio_xe2019/compilers_and_libraries_2019.4.243/linux/tbb/lib/intel64_lin/gcc4.4]
  collapse library dir [/appl/opt/cluster_studio_xe2019/compilers_and_libraries_2019.4.243/linux/compiler/lib/intel64_lin] ==> [/appl/opt/cluster_studio_xe2019/compilers_and_libraries_2019.4.243/linux/compiler/lib/intel64_lin]
  collapse library dir [/appl/spack/install-tree/gcc-4.8.5/gcc-8.3.0-qzmzn5/lib/gcc/x86_64-pc-linux-gnu/8.3.0/] ==> [/appl/spack/install-tree/gcc-4.8.5/gcc-8.3.0-qzmzn5/lib/gcc/x86_64-pc-linux-gnu/8.3.0]
  collapse library dir [/appl/spack/install-tree/gcc-4.8.5/gcc-8.3.0-qzmzn5/lib/gcc/x86_64-pc-linux-gnu/8.3.0/../../../../lib64] ==> [/appl/spack/install-tree/gcc-4.8.5/gcc-8.3.0-qzmzn5/lib64]
  collapse library dir [/appl/spack/install-tree/gcc-4.8.5/gcc-8.3.0-qzmzn5/lib/gcc/x86_64-pc-linux-gnu/8.3.0/../../../../lib64/] ==> [/appl/spack/install-tree/gcc-4.8.5/gcc-8.3.0-qzmzn5/lib64]
  collapse library dir [/lib/../lib64] ==> [/lib64]
  collapse library dir [/lib/../lib64/] ==> [/lib64]
  collapse library dir [/usr/lib/../lib64] ==> [/usr/lib64]
  collapse library dir [/usr/lib/../lib64/] ==> [/usr/lib64]
  collapse library dir [/appl/spack/install-tree/intel-19.0.4/boost-1.68.0-f7wza3/lib/] ==> [/appl/spack/install-tree/intel-19.0.4/boost-1.68.0-f7wza3/lib]
  collapse library dir [/appl/opt/cluster_studio_xe2019/compilers_and_libraries_2019.4.243/linux/tbb/lib/intel64_lin/gcc4.7/] ==> [/appl/opt/cluster_studio_xe2019/compilers_and_libraries_2019.4.243/linux/tbb/lib/intel64_lin/gcc4.7]
  collapse library dir [/appl/opt/cluster_studio_xe2019/compilers_and_libraries_2019.4.243/linux/compiler/lib/intel64_lin/] ==> [/appl/opt/cluster_studio_xe2019/compilers_and_libraries_2019.4.243/linux/compiler/lib/intel64_lin]
  collapse library dir [/appl/opt/cluster_studio_xe2019/compilers_and_libraries_2019.4.243/linux/mkl/lib/intel64_lin/] ==> [/appl/opt/cluster_studio_xe2019/compilers_and_libraries_2019.4.243/linux/mkl/lib/intel64_lin]
  collapse library dir [/appl/spack/install-tree/intel-19.0.4/hpcx-mpi-2.4.0-keuon4/lib/] ==> [/appl/spack/install-tree/intel-19.0.4/hpcx-mpi-2.4.0-keuon4/lib]
  collapse library dir [/appl/opt/cluster_studio_xe2019/compilers_and_libraries_2019.4.243/linux/ipp/lib/intel64/] ==> [/appl/opt/cluster_studio_xe2019/compilers_and_libraries_2019.4.243/linux/ipp/lib/intel64]
  collapse library dir [/appl/opt/cluster_studio_xe2019/compilers_and_libraries_2019.4.243/linux/tbb/lib/intel64/gcc4.7/] ==> [/appl/opt/cluster_studio_xe2019/compilers_and_libraries_2019.4.243/linux/tbb/lib/intel64/gcc4.7]
  collapse library dir [/appl/opt/cluster_studio_xe2019/compilers_and_libraries_2019.4.243/linux/daal/lib/intel64_lin/] ==> [/appl/opt/cluster_studio_xe2019/compilers_and_libraries_2019.4.243/linux/daal/lib/intel64_lin]
  collapse library dir [/appl/opt/cluster_studio_xe2019/compilers_and_libraries_2019.4.243/linux/daal/../tbb/lib/intel64_lin/gcc4.4/] ==> [/appl/opt/cluster_studio_xe2019/compilers_and_libraries_2019.4.243/linux/tbb/lib/intel64_lin/gcc4.4]
  collapse library dir [/appl/spack/install-tree/gcc-4.8.5/gcc-8.3.0-qzmzn5/lib/gcc/x86_64-pc-linux-gnu/8.3.0/../../../] ==> [/appl/spack/install-tree/gcc-4.8.5/gcc-8.3.0-qzmzn5/lib]
  collapse library dir [/lib64] ==> [/lib64]
  collapse library dir [/lib/] ==> [/lib]
  collapse library dir [/usr/lib64] ==> [/usr/lib64]
  collapse library dir [/usr/lib] ==> [/usr/lib]
  implicit libs: [imf;svml;irng;stdc++;m;ipgo;decimal;cilkrts;stdc++;gcc;gcc_s;irc;svml;c;gcc;gcc_s;irc_s;dl;c]
  implicit dirs: [/appl/spack/install-tree/intel-19.0.4/boost-1.68.0-f7wza3/lib;/appl/opt/cluster_studio_xe2019/compilers_and_libraries_2019.4.243/linux/tbb/lib/intel64_lin/gcc4.7;/appl/opt/cluster_studio_xe2019/compilers_and_libraries_2019.4.243/linux/compiler/lib/intel64_lin;/appl/opt/cluster_studio_xe2019/compilers_and_libraries_2019.4.243/linux/mkl/lib/intel64_lin;/appl/spack/install-tree/intel-19.0.4/hpcx-mpi-2.4.0-keuon4/lib;/appl/opt/cluster_studio_xe2019/compilers_and_libraries_2019.4.243/linux/ipp/lib/intel64;/appl/opt/cluster_studio_xe2019/compilers_and_libraries_2019.4.243/linux/tbb/lib/intel64/gcc4.7;/appl/opt/cluster_studio_xe2019/compilers_and_libraries_2019.4.243/linux/daal/lib/intel64_lin;/appl/opt/cluster_studio_xe2019/compilers_and_libraries_2019.4.243/linux/tbb/lib/intel64_lin/gcc4.4;/appl/spack/install-tree/gcc-4.8.5/gcc-8.3.0-qzmzn5/lib/gcc/x86_64-pc-linux-gnu/8.3.0;/appl/spack/install-tree/gcc-4.8.5/gcc-8.3.0-qzmzn5/lib64;/lib64;/usr/lib64;/appl/spack/install-tree/gcc-4.8.5/gcc-8.3.0-qzmzn5/lib;/lib;/usr/lib]
  implicit fwks: []




Detecting CXX [-std=c++17] compiler features compiled with the following output:
Change Dir: /projappl/plasyre/Github/siris4-framework/multi-particle/CMakeFiles/CMakeTmp

Run Build Command:"/usr/bin/gmake" "cmTC_a8bbd/fast"
/usr/bin/gmake -f CMakeFiles/cmTC_a8bbd.dir/build.make CMakeFiles/cmTC_a8bbd.dir/build
gmake[1]: Entering directory `/projappl/plasyre/Github/siris4-framework/multi-particle/CMakeFiles/CMakeTmp'
Building CXX object CMakeFiles/cmTC_a8bbd.dir/feature_tests.cxx.o
/appl/opt/cluster_studio_xe2019/compilers_and_libraries_2019.4.243/linux/bin/intel64/icpc    -std=c++17 -o CMakeFiles/cmTC_a8bbd.dir/feature_tests.cxx.o -c /projappl/plasyre/Github/siris4-framework/multi-particle/CMakeFiles/feature_tests.cxx
Linking CXX executable cmTC_a8bbd
/appl/spack/install-tree/gcc-4.8.5/cmake-3.12.3-bmoi4r/bin/cmake -E cmake_link_script CMakeFiles/cmTC_a8bbd.dir/link.txt --verbose=1
/appl/opt/cluster_studio_xe2019/compilers_and_libraries_2019.4.243/linux/bin/intel64/icpc       -rdynamic CMakeFiles/cmTC_a8bbd.dir/feature_tests.cxx.o  -o cmTC_a8bbd 
gmake[1]: Leaving directory `/projappl/plasyre/Github/siris4-framework/multi-particle/CMakeFiles/CMakeTmp'


    Feature record: CXX_FEATURE:1cxx_aggregate_default_initializers
    Feature record: CXX_FEATURE:1cxx_alias_templates
    Feature record: CXX_FEATURE:1cxx_alignas
    Feature record: CXX_FEATURE:1cxx_alignof
    Feature record: CXX_FEATURE:1cxx_attributes
    Feature record: CXX_FEATURE:1cxx_attribute_deprecated
    Feature record: CXX_FEATURE:1cxx_auto_type
    Feature record: CXX_FEATURE:1cxx_binary_literals
    Feature record: CXX_FEATURE:1cxx_constexpr
    Feature record: CXX_FEATURE:1cxx_contextual_conversions
    Feature record: CXX_FEATURE:1cxx_decltype
    Feature record: CXX_FEATURE:1cxx_decltype_auto
    Feature record: CXX_FEATURE:1cxx_decltype_incomplete_return_types
    Feature record: CXX_FEATURE:1cxx_default_function_template_args
    Feature record: CXX_FEATURE:1cxx_defaulted_functions
    Feature record: CXX_FEATURE:1cxx_defaulted_move_initializers
    Feature record: CXX_FEATURE:1cxx_delegating_constructors
    Feature record: CXX_FEATURE:1cxx_deleted_functions
    Feature record: CXX_FEATURE:1cxx_digit_separators
    Feature record: CXX_FEATURE:1cxx_enum_forward_declarations
    Feature record: CXX_FEATURE:1cxx_explicit_conversions
    Feature record: CXX_FEATURE:1cxx_extended_friend_declarations
    Feature record: CXX_FEATURE:1cxx_extern_templates
    Feature record: CXX_FEATURE:1cxx_final
    Feature record: CXX_FEATURE:1cxx_func_identifier
    Feature record: CXX_FEATURE:1cxx_generalized_initializers
    Feature record: CXX_FEATURE:1cxx_generic_lambdas
    Feature record: CXX_FEATURE:1cxx_inheriting_constructors
    Feature record: CXX_FEATURE:1cxx_inline_namespaces
    Feature record: CXX_FEATURE:1cxx_lambdas
    Feature record: CXX_FEATURE:1cxx_lambda_init_captures
    Feature record: CXX_FEATURE:1cxx_local_type_template_args
    Feature record: CXX_FEATURE:1cxx_long_long_type
    Feature record: CXX_FEATURE:1cxx_noexcept
    Feature record: CXX_FEATURE:1cxx_nonstatic_member_init
    Feature record: CXX_FEATURE:1cxx_nullptr
    Feature record: CXX_FEATURE:1cxx_override
    Feature record: CXX_FEATURE:1cxx_range_for
    Feature record: CXX_FEATURE:1cxx_raw_string_literals
    Feature record: CXX_FEATURE:1cxx_reference_qualified_functions
    Feature record: CXX_FEATURE:1cxx_relaxed_constexpr
    Feature record: CXX_FEATURE:1cxx_return_type_deduction
    Feature record: CXX_FEATURE:1cxx_right_angle_brackets
    Feature record: CXX_FEATURE:1cxx_rvalue_references
    Feature record: CXX_FEATURE:1cxx_sizeof_member
    Feature record: CXX_FEATURE:1cxx_static_assert
    Feature record: CXX_FEATURE:1cxx_strong_enums
    Feature record: CXX_FEATURE:1cxx_template_template_parameters
    Feature record: CXX_FEATURE:1cxx_thread_local
    Feature record: CXX_FEATURE:1cxx_trailing_return_types
    Feature record: CXX_FEATURE:1cxx_unicode_literals
    Feature record: CXX_FEATURE:1cxx_uniform_initialization
    Feature record: CXX_FEATURE:1cxx_unrestricted_unions
    Feature record: CXX_FEATURE:1cxx_user_literals
    Feature record: CXX_FEATURE:1cxx_variable_templates
    Feature record: CXX_FEATURE:1cxx_variadic_macros
    Feature record: CXX_FEATURE:1cxx_variadic_templates


Detecting CXX [-std=c++14] compiler features compiled with the following output:
Change Dir: /projappl/plasyre/Github/siris4-framework/multi-particle/CMakeFiles/CMakeTmp

Run Build Command:"/usr/bin/gmake" "cmTC_27b60/fast"
/usr/bin/gmake -f CMakeFiles/cmTC_27b60.dir/build.make CMakeFiles/cmTC_27b60.dir/build
gmake[1]: Entering directory `/projappl/plasyre/Github/siris4-framework/multi-particle/CMakeFiles/CMakeTmp'
Building CXX object CMakeFiles/cmTC_27b60.dir/feature_tests.cxx.o
/appl/opt/cluster_studio_xe2019/compilers_and_libraries_2019.4.243/linux/bin/intel64/icpc    -std=c++14 -o CMakeFiles/cmTC_27b60.dir/feature_tests.cxx.o -c /projappl/plasyre/Github/siris4-framework/multi-particle/CMakeFiles/feature_tests.cxx
Linking CXX executable cmTC_27b60
/appl/spack/install-tree/gcc-4.8.5/cmake-3.12.3-bmoi4r/bin/cmake -E cmake_link_script CMakeFiles/cmTC_27b60.dir/link.txt --verbose=1
/appl/opt/cluster_studio_xe2019/compilers_and_libraries_2019.4.243/linux/bin/intel64/icpc       -rdynamic CMakeFiles/cmTC_27b60.dir/feature_tests.cxx.o  -o cmTC_27b60 
gmake[1]: Leaving directory `/projappl/plasyre/Github/siris4-framework/multi-particle/CMakeFiles/CMakeTmp'


    Feature record: CXX_FEATURE:1cxx_aggregate_default_initializers
    Feature record: CXX_FEATURE:1cxx_alias_templates
    Feature record: CXX_FEATURE:1cxx_alignas
    Feature record: CXX_FEATURE:1cxx_alignof
    Feature record: CXX_FEATURE:1cxx_attributes
    Feature record: CXX_FEATURE:1cxx_attribute_deprecated
    Feature record: CXX_FEATURE:1cxx_auto_type
    Feature record: CXX_FEATURE:1cxx_binary_literals
    Feature record: CXX_FEATURE:1cxx_constexpr
    Feature record: CXX_FEATURE:1cxx_contextual_conversions
    Feature record: CXX_FEATURE:1cxx_decltype
    Feature record: CXX_FEATURE:1cxx_decltype_auto
    Feature record: CXX_FEATURE:1cxx_decltype_incomplete_return_types
    Feature record: CXX_FEATURE:1cxx_default_function_template_args
    Feature record: CXX_FEATURE:1cxx_defaulted_functions
    Feature record: CXX_FEATURE:1cxx_defaulted_move_initializers
    Feature record: CXX_FEATURE:1cxx_delegating_constructors
    Feature record: CXX_FEATURE:1cxx_deleted_functions
    Feature record: CXX_FEATURE:1cxx_digit_separators
    Feature record: CXX_FEATURE:1cxx_enum_forward_declarations
    Feature record: CXX_FEATURE:1cxx_explicit_conversions
    Feature record: CXX_FEATURE:1cxx_extended_friend_declarations
    Feature record: CXX_FEATURE:1cxx_extern_templates
    Feature record: CXX_FEATURE:1cxx_final
    Feature record: CXX_FEATURE:1cxx_func_identifier
    Feature record: CXX_FEATURE:1cxx_generalized_initializers
    Feature record: CXX_FEATURE:1cxx_generic_lambdas
    Feature record: CXX_FEATURE:1cxx_inheriting_constructors
    Feature record: CXX_FEATURE:1cxx_inline_namespaces
    Feature record: CXX_FEATURE:1cxx_lambdas
    Feature record: CXX_FEATURE:1cxx_lambda_init_captures
    Feature record: CXX_FEATURE:1cxx_local_type_template_args
    Feature record: CXX_FEATURE:1cxx_long_long_type
    Feature record: CXX_FEATURE:1cxx_noexcept
    Feature record: CXX_FEATURE:1cxx_nonstatic_member_init
    Feature record: CXX_FEATURE:1cxx_nullptr
    Feature record: CXX_FEATURE:1cxx_override
    Feature record: CXX_FEATURE:1cxx_range_for
    Feature record: CXX_FEATURE:1cxx_raw_string_literals
    Feature record: CXX_FEATURE:1cxx_reference_qualified_functions
    Feature record: CXX_FEATURE:1cxx_relaxed_constexpr
    Feature record: CXX_FEATURE:1cxx_return_type_deduction
    Feature record: CXX_FEATURE:1cxx_right_angle_brackets
    Feature record: CXX_FEATURE:1cxx_rvalue_references
    Feature record: CXX_FEATURE:1cxx_sizeof_member
    Feature record: CXX_FEATURE:1cxx_static_assert
    Feature record: CXX_FEATURE:1cxx_strong_enums
    Feature record: CXX_FEATURE:1cxx_template_template_parameters
    Feature record: CXX_FEATURE:1cxx_thread_local
    Feature record: CXX_FEATURE:1cxx_trailing_return_types
    Feature record: CXX_FEATURE:1cxx_unicode_literals
    Feature record: CXX_FEATURE:1cxx_uniform_initialization
    Feature record: CXX_FEATURE:1cxx_unrestricted_unions
    Feature record: CXX_FEATURE:1cxx_user_literals
    Feature record: CXX_FEATURE:1cxx_variable_templates
    Feature record: CXX_FEATURE:1cxx_variadic_macros
    Feature record: CXX_FEATURE:1cxx_variadic_templates


Detecting CXX [-std=c++11] compiler features compiled with the following output:
Change Dir: /projappl/plasyre/Github/siris4-framework/multi-particle/CMakeFiles/CMakeTmp

Run Build Command:"/usr/bin/gmake" "cmTC_7fac0/fast"
/usr/bin/gmake -f CMakeFiles/cmTC_7fac0.dir/build.make CMakeFiles/cmTC_7fac0.dir/build
gmake[1]: Entering directory `/projappl/plasyre/Github/siris4-framework/multi-particle/CMakeFiles/CMakeTmp'
Building CXX object CMakeFiles/cmTC_7fac0.dir/feature_tests.cxx.o
/appl/opt/cluster_studio_xe2019/compilers_and_libraries_2019.4.243/linux/bin/intel64/icpc    -std=c++11 -o CMakeFiles/cmTC_7fac0.dir/feature_tests.cxx.o -c /projappl/plasyre/Github/siris4-framework/multi-particle/CMakeFiles/feature_tests.cxx
Linking CXX executable cmTC_7fac0
/appl/spack/install-tree/gcc-4.8.5/cmake-3.12.3-bmoi4r/bin/cmake -E cmake_link_script CMakeFiles/cmTC_7fac0.dir/link.txt --verbose=1
/appl/opt/cluster_studio_xe2019/compilers_and_libraries_2019.4.243/linux/bin/intel64/icpc       -rdynamic CMakeFiles/cmTC_7fac0.dir/feature_tests.cxx.o  -o cmTC_7fac0 
gmake[1]: Leaving directory `/projappl/plasyre/Github/siris4-framework/multi-particle/CMakeFiles/CMakeTmp'


    Feature record: CXX_FEATURE:0cxx_aggregate_default_initializers
    Feature record: CXX_FEATURE:1cxx_alias_templates
    Feature record: CXX_FEATURE:1cxx_alignas
    Feature record: CXX_FEATURE:1cxx_alignof
    Feature record: CXX_FEATURE:1cxx_attributes
    Feature record: CXX_FEATURE:0cxx_attribute_deprecated
    Feature record: CXX_FEATURE:1cxx_auto_type
    Feature record: CXX_FEATURE:1cxx_binary_literals
    Feature record: CXX_FEATURE:1cxx_constexpr
    Feature record: CXX_FEATURE:0cxx_contextual_conversions
    Feature record: CXX_FEATURE:1cxx_decltype
    Feature record: CXX_FEATURE:0cxx_decltype_auto
    Feature record: CXX_FEATURE:1cxx_decltype_incomplete_return_types
    Feature record: CXX_FEATURE:1cxx_default_function_template_args
    Feature record: CXX_FEATURE:1cxx_defaulted_functions
    Feature record: CXX_FEATURE:1cxx_defaulted_move_initializers
    Feature record: CXX_FEATURE:1cxx_delegating_constructors
    Feature record: CXX_FEATURE:1cxx_deleted_functions
    Feature record: CXX_FEATURE:0cxx_digit_separators
    Feature record: CXX_FEATURE:1cxx_enum_forward_declarations
    Feature record: CXX_FEATURE:1cxx_explicit_conversions
    Feature record: CXX_FEATURE:1cxx_extended_friend_declarations
    Feature record: CXX_FEATURE:1cxx_extern_templates
    Feature record: CXX_FEATURE:1cxx_final
    Feature record: CXX_FEATURE:1cxx_func_identifier
    Feature record: CXX_FEATURE:1cxx_generalized_initializers
    Feature record: CXX_FEATURE:0cxx_generic_lambdas
    Feature record: CXX_FEATURE:1cxx_inheriting_constructors
    Feature record: CXX_FEATURE:1cxx_inline_namespaces
    Feature record: CXX_FEATURE:1cxx_lambdas
    Feature record: CXX_FEATURE:0cxx_lambda_init_captures
    Feature record: CXX_FEATURE:1cxx_local_type_template_args
    Feature record: CXX_FEATURE:1cxx_long_long_type
    Feature record: CXX_FEATURE:1cxx_noexcept
    Feature record: CXX_FEATURE:1cxx_nonstatic_member_init
    Feature record: CXX_FEATURE:1cxx_nullptr
    Feature record: CXX_FEATURE:1cxx_override
    Feature record: CXX_FEATURE:1cxx_range_for
    Feature record: CXX_FEATURE:1cxx_raw_string_literals
    Feature record: CXX_FEATURE:1cxx_reference_qualified_functions
    Feature record: CXX_FEATURE:0cxx_relaxed_constexpr
    Feature record: CXX_FEATURE:0cxx_return_type_deduction
    Feature record: CXX_FEATURE:1cxx_right_angle_brackets
    Feature record: CXX_FEATURE:1cxx_rvalue_references
    Feature record: CXX_FEATURE:1cxx_sizeof_member
    Feature record: CXX_FEATURE:1cxx_static_assert
    Feature record: CXX_FEATURE:1cxx_strong_enums
    Feature record: CXX_FEATURE:1cxx_template_template_parameters
    Feature record: CXX_FEATURE:1cxx_thread_local
    Feature record: CXX_FEATURE:1cxx_trailing_return_types
    Feature record: CXX_FEATURE:1cxx_unicode_literals
    Feature record: CXX_FEATURE:1cxx_uniform_initialization
    Feature record: CXX_FEATURE:1cxx_unrestricted_unions
    Feature record: CXX_FEATURE:1cxx_user_literals
    Feature record: CXX_FEATURE:0cxx_variable_templates
    Feature record: CXX_FEATURE:1cxx_variadic_macros
    Feature record: CXX_FEATURE:1cxx_variadic_templates


Detecting CXX [-std=c++98] compiler features compiled with the following output:
Change Dir: /projappl/plasyre/Github/siris4-framework/multi-particle/CMakeFiles/CMakeTmp

Run Build Command:"/usr/bin/gmake" "cmTC_006ed/fast"
/usr/bin/gmake -f CMakeFiles/cmTC_006ed.dir/build.make CMakeFiles/cmTC_006ed.dir/build
gmake[1]: Entering directory `/projappl/plasyre/Github/siris4-framework/multi-particle/CMakeFiles/CMakeTmp'
Building CXX object CMakeFiles/cmTC_006ed.dir/feature_tests.cxx.o
/appl/opt/cluster_studio_xe2019/compilers_and_libraries_2019.4.243/linux/bin/intel64/icpc    -std=c++98 -o CMakeFiles/cmTC_006ed.dir/feature_tests.cxx.o -c /projappl/plasyre/Github/siris4-framework/multi-particle/CMakeFiles/feature_tests.cxx
Linking CXX executable cmTC_006ed
/appl/spack/install-tree/gcc-4.8.5/cmake-3.12.3-bmoi4r/bin/cmake -E cmake_link_script CMakeFiles/cmTC_006ed.dir/link.txt --verbose=1
/appl/opt/cluster_studio_xe2019/compilers_and_libraries_2019.4.243/linux/bin/intel64/icpc       -rdynamic CMakeFiles/cmTC_006ed.dir/feature_tests.cxx.o  -o cmTC_006ed 
gmake[1]: Leaving directory `/projappl/plasyre/Github/siris4-framework/multi-particle/CMakeFiles/CMakeTmp'


    Feature record: CXX_FEATURE:0cxx_aggregate_default_initializers
    Feature record: CXX_FEATURE:0cxx_alias_templates
    Feature record: CXX_FEATURE:0cxx_alignas
    Feature record: CXX_FEATURE:0cxx_alignof
    Feature record: CXX_FEATURE:0cxx_attributes
    Feature record: CXX_FEATURE:0cxx_attribute_deprecated
    Feature record: CXX_FEATURE:0cxx_auto_type
    Feature record: CXX_FEATURE:1cxx_binary_literals
    Feature record: CXX_FEATURE:0cxx_constexpr
    Feature record: CXX_FEATURE:0cxx_contextual_conversions
    Feature record: CXX_FEATURE:0cxx_decltype
    Feature record: CXX_FEATURE:0cxx_decltype_auto
    Feature record: CXX_FEATURE:0cxx_decltype_incomplete_return_types
    Feature record: CXX_FEATURE:0cxx_default_function_template_args
    Feature record: CXX_FEATURE:0cxx_defaulted_functions
    Feature record: CXX_FEATURE:0cxx_defaulted_move_initializers
    Feature record: CXX_FEATURE:0cxx_delegating_constructors
    Feature record: CXX_FEATURE:0cxx_deleted_functions
    Feature record: CXX_FEATURE:0cxx_digit_separators
    Feature record: CXX_FEATURE:0cxx_enum_forward_declarations
    Feature record: CXX_FEATURE:0cxx_explicit_conversions
    Feature record: CXX_FEATURE:0cxx_extended_friend_declarations
    Feature record: CXX_FEATURE:0cxx_extern_templates
    Feature record: CXX_FEATURE:0cxx_final
    Feature record: CXX_FEATURE:0cxx_func_identifier
    Feature record: CXX_FEATURE:0cxx_generalized_initializers
    Feature record: CXX_FEATURE:0cxx_generic_lambdas
    Feature record: CXX_FEATURE:0cxx_inheriting_constructors
    Feature record: CXX_FEATURE:0cxx_inline_namespaces
    Feature record: CXX_FEATURE:0cxx_lambdas
    Feature record: CXX_FEATURE:0cxx_lambda_init_captures
    Feature record: CXX_FEATURE:0cxx_local_type_template_args
    Feature record: CXX_FEATURE:0cxx_long_long_type
    Feature record: CXX_FEATURE:0cxx_noexcept
    Feature record: CXX_FEATURE:0cxx_nonstatic_member_init
    Feature record: CXX_FEATURE:0cxx_nullptr
    Feature record: CXX_FEATURE:0cxx_override
    Feature record: CXX_FEATURE:0cxx_range_for
    Feature record: CXX_FEATURE:0cxx_raw_string_literals
    Feature record: CXX_FEATURE:0cxx_reference_qualified_functions
    Feature record: CXX_FEATURE:0cxx_relaxed_constexpr
    Feature record: CXX_FEATURE:0cxx_return_type_deduction
    Feature record: CXX_FEATURE:0cxx_right_angle_brackets
    Feature record: CXX_FEATURE:0cxx_rvalue_references
    Feature record: CXX_FEATURE:0cxx_sizeof_member
    Feature record: CXX_FEATURE:0cxx_static_assert
    Feature record: CXX_FEATURE:0cxx_strong_enums
    Feature record: CXX_FEATURE:0cxx_template_template_parameters
    Feature record: CXX_FEATURE:0cxx_thread_local
    Feature record: CXX_FEATURE:0cxx_trailing_return_types
    Feature record: CXX_FEATURE:0cxx_unicode_literals
    Feature record: CXX_FEATURE:0cxx_uniform_initialization
    Feature record: CXX_FEATURE:0cxx_unrestricted_unions
    Feature record: CXX_FEATURE:0cxx_user_literals
    Feature record: CXX_FEATURE:0cxx_variable_templates
    Feature record: CXX_FEATURE:0cxx_variadic_macros
    Feature record: CXX_FEATURE:0cxx_variadic_templates
Determining if the C compiler works passed with the following output:
Change Dir: /projappl/plasyre/Github/siris4-framework/multi-particle/CMakeFiles/CMakeTmp

Run Build Command:"/usr/bin/gmake" "cmTC_746b1/fast"
/usr/bin/gmake -f CMakeFiles/cmTC_746b1.dir/build.make CMakeFiles/cmTC_746b1.dir/build
gmake[1]: Entering directory `/projappl/plasyre/Github/siris4-framework/multi-particle/CMakeFiles/CMakeTmp'
Building C object CMakeFiles/cmTC_746b1.dir/testCCompiler.c.o
/appl/opt/cluster_studio_xe2019/compilers_and_libraries_2019.4.243/linux/bin/intel64/icc    -o CMakeFiles/cmTC_746b1.dir/testCCompiler.c.o   -c /projappl/plasyre/Github/siris4-framework/multi-particle/CMakeFiles/CMakeTmp/testCCompiler.c
Linking C executable cmTC_746b1
/appl/spack/install-tree/gcc-4.8.5/cmake-3.12.3-bmoi4r/bin/cmake -E cmake_link_script CMakeFiles/cmTC_746b1.dir/link.txt --verbose=1
/appl/opt/cluster_studio_xe2019/compilers_and_libraries_2019.4.243/linux/bin/intel64/icc      -rdynamic CMakeFiles/cmTC_746b1.dir/testCCompiler.c.o  -o cmTC_746b1 
gmake[1]: Leaving directory `/projappl/plasyre/Github/siris4-framework/multi-particle/CMakeFiles/CMakeTmp'


Detecting C compiler ABI info compiled with the following output:
Change Dir: /projappl/plasyre/Github/siris4-framework/multi-particle/CMakeFiles/CMakeTmp

Run Build Command:"/usr/bin/gmake" "cmTC_d17ad/fast"
/usr/bin/gmake -f CMakeFiles/cmTC_d17ad.dir/build.make CMakeFiles/cmTC_d17ad.dir/build
gmake[1]: Entering directory `/projappl/plasyre/Github/siris4-framework/multi-particle/CMakeFiles/CMakeTmp'
Building C object CMakeFiles/cmTC_d17ad.dir/CMakeCCompilerABI.c.o
/appl/opt/cluster_studio_xe2019/compilers_and_libraries_2019.4.243/linux/bin/intel64/icc    -o CMakeFiles/cmTC_d17ad.dir/CMakeCCompilerABI.c.o   -c /appl/spack/install-tree/gcc-4.8.5/cmake-3.12.3-bmoi4r/share/cmake-3.12/Modules/CMakeCCompilerABI.c
Linking C executable cmTC_d17ad
/appl/spack/install-tree/gcc-4.8.5/cmake-3.12.3-bmoi4r/bin/cmake -E cmake_link_script CMakeFiles/cmTC_d17ad.dir/link.txt --verbose=1
/appl/opt/cluster_studio_xe2019/compilers_and_libraries_2019.4.243/linux/bin/intel64/icc     -v -rdynamic CMakeFiles/cmTC_d17ad.dir/CMakeCCompilerABI.c.o  -o cmTC_d17ad 
icc version 19.0.4.243 (gcc version 8.3.0 compatibility)
/appl/opt/cluster_studio_xe2019/compilers_and_libraries_2019.4.243/linux/bin/intel64/mcpcom    -mGLOB_em64t=TRUE -mP1OPT_version=19.0-intel64 -mGLOB_diag_file=CMakeFiles/cmTC_d17ad.dir/CMakeCCompilerABI.c.diag -mGLOB_long_size_64 -mGLOB_routine_pointer_size_64 -mP1OPT_print_version=FALSE -mCG_use_gas_got_workaround=F -mP2OPT_align_option_used=TRUE -mGLOB_gcc_version=830 "-mGLOB_options_string=-gnu-prefix=/appl/spack/install-tree/gcc-4.8.5/gcc-8.3.0-qzmzn5/bin/ -Xlinker -rpath=/appl/spack/install-tree/gcc-4.8.5/gcc-8.3.0-qzmzn5/lib64 -v -rdynamic -o cmTC_d17ad" -mGLOB_cxx_limited_range=FALSE -mCG_extend_parms=FALSE -mGLOB_compiler_bin_directory=/appl/opt/cluster_studio_xe2019/compilers_and_libraries_2019.4.243/linux/bin/intel64 -mGLOB_as_output_backup_file_name=/local_scratch/apentti/iccBW2TApas_.s -mGLOB_dashboard_use_source_name -mIPOPT_activate -mGLOB_product_id_code=0x22006d93 -mP3OPT_use_mspp_call_convention -mP2OPT_subs_out_of_bound=FALSE -mP2OPT_disam_type_based_disam=2 -mP2OPT_disam_assume_ansi_c -mP2OPT_checked_disam_ansi_alias=TRUE -mGLOB_ansi_alias -mPGOPTI_value_profile_use=T -mGLOB_opt_report_use_source_name -mP2OPT_il0_array_sections=TRUE -mGLOB_offload_mode=1 -mP2OPT_offload_unique_var_string=icc1179146288eIm76f -mP2OPT_hlo -mP2OPT_hpo_rtt_control=0 -mIPOPT_args_in_regs=0 -mP2OPT_disam_assume_nonstd_intent_in=FALSE -mGLOB_imf_mapping_library=/appl/opt/cluster_studio_xe2019/compilers_and_libraries_2019.4.243/linux/bin/intel64/libiml_attr.so -mPGOPTI_gen_threadsafe_level=0 -mIPOPT_link -mIPOPT_ipo_activate -mIPOPT_mo_activate -mIPOPT_source_files_list=/local_scratch/apentti/iccslisBJyp7r -mIPOPT_mo_global_data -mIPOPT_link_script_file=/local_scratch/apentti/iccscriptILG9QV "-mIPOPT_cmdline_link="/lib/../lib64/crt1.o" "/lib/../lib64/crti.o" "/appl/spack/install-tree/gcc-4.8.5/gcc-8.3.0-qzmzn5/lib/gcc/x86_64-pc-linux-gnu/8.3.0/crtbegin.o" "-export-dynamic" "--eh-frame-hdr" "--build-id" "-dynamic-linker" "/lib64/ld-linux-x86-64.so.2" "-m" "elf_x86_64" "-o" "cmTC_d17ad" "-L/appl/spack/install-tree/intel-19.0.4/boost-1.68.0-f7wza3/lib" "-L/appl/opt/cluster_studio_xe2019/compilers_and_libraries_2019.4.243/linux/tbb/lib/intel64_lin/gcc4.7" "-L/appl/opt/cluster_studio_xe2019/compilers_and_libraries_2019.4.243/linux/compiler/lib/intel64_lin" "-L/appl/opt/cluster_studio_xe2019/compilers_and_libraries_2019.4.243/linux/mkl/lib/intel64_lin" "-L/appl/spack/install-tree/intel-19.0.4/hpcx-mpi-2.4.0-keuon4/lib" "-L/appl/opt/cluster_studio_xe2019/compilers_and_libraries_2019.4.243/linux/ipp/lib/intel64" "-L/appl/opt/cluster_studio_xe2019/compilers_and_libraries_2019.4.243/linux/tbb/lib/intel64/gcc4.7" "-L/appl/opt/cluster_studio_xe2019/compilers_and_libraries_2019.4.243/linux/daal/lib/intel64_lin" "-L/appl/opt/cluster_studio_xe2019/compilers_and_libraries_2019.4.243/linux/daal/../tbb/lib/intel64_lin/gcc4.4" "-L/appl/opt/cluster_studio_xe2019/compilers_and_libraries_2019.4.243/linux/compiler/lib/intel64_lin" "-L/appl/spack/install-tree/gcc-4.8.5/gcc-8.3.0-qzmzn5/lib/gcc/x86_64-pc-linux-gnu/8.3.0/" "-L/appl/spack/install-tree/gcc-4.8.5/gcc-8.3.0-qzmzn5/lib/gcc/x86_64-pc-linux-gnu/8.3.0/../../../../lib64" "-L/appl/spack/install-tree/gcc-4.8.5/gcc-8.3.0-qzmzn5/lib/gcc/x86_64-pc-linux-gnu/8.3.0/../../../../lib64/" "-L/lib/../lib64" "-L/lib/../lib64/" "-L/usr/lib/../lib64" "-L/usr/lib/../lib64/" "-L/appl/spack/install-tree/intel-19.0.4/boost-1.68.0-f7wza3/lib/" "-L/appl/opt/cluster_studio_xe2019/compilers_and_libraries_2019.4.243/linux/tbb/lib/intel64_lin/gcc4.7/" "-L/appl/opt/cluster_studio_xe2019/compilers_and_libraries_2019.4.243/linux/compiler/lib/intel64_lin/" "-L/appl/opt/cluster_studio_xe2019/compilers_and_libraries_2019.4.243/linux/mkl/lib/intel64_lin/" "-L/appl/spack/install-tree/intel-19.0.4/hpcx-mpi-2.4.0-keuon4/lib/" "-L/appl/opt/cluster_studio_xe2019/compilers_and_libraries_2019.4.243/linux/ipp/lib/intel64/" "-L/appl/opt/cluster_studio_xe2019/compilers_and_libraries_2019.4.243/linux/tbb/lib/intel64/gcc4.7/" "-L/appl/opt/cluster_studio_xe2019/compilers_and_libraries_2019.4.243/linux/daal/lib/intel64_lin/" "-L/appl/opt/cluster_studio_xe2019/compilers_and_libraries_2019.4.243/linux/daal/../tbb/lib/intel64_lin/gcc4.4/" "-L/appl/spack/install-tree/gcc-4.8.5/gcc-8.3.0-qzmzn5/lib/gcc/x86_64-pc-linux-gnu/8.3.0/../../../" "-L/lib64" "-L/lib/" "-L/usr/lib64" "-L/usr/lib" "-rpath=/appl/spack/install-tree/gcc-4.8.5/gcc-8.3.0-qzmzn5/lib64" "CMakeFiles/cmTC_d17ad.dir/CMakeCCompilerABI.c.o" "-Bdynamic" "-Bstatic" "-limf" "-lsvml" "-lirng" "-Bdynamic" "-lm" "-Bstatic" "-lipgo" "-ldecimal" "--as-needed" "-Bdynamic" "-lcilkrts" "-lstdc++" "--no-as-needed" "-lgcc" "-lgcc_s" "-Bstatic" "-lirc" "-lsvml" "-Bdynamic" "-lc" "-lgcc" "-lgcc_s" "-Bstatic" "-lirc_s" "-Bdynamic" "-ldl" "-lc" "/appl/spack/install-tree/gcc-4.8.5/gcc-8.3.0-qzmzn5/lib/gcc/x86_64-pc-linux-gnu/8.3.0/crtend.o" "/lib/../lib64/crtn.o"" -mIPOPT_il_in_obj -mIPOPT_ipo_activate_warn=FALSE -mIPOPT_obj_output_file_name=/local_scratch/apentti/ipo_iccByo2Gz.o -mIPOPT_whole_archive_fixup_file_name=/local_scratch/apentti/iccwarchDxml5m -mGLOB_linker_version=2.31.1 -mGLOB_linker=/appl/spack/install-tree/gcc-4.8.5/binutils-2.31.1-xbslr3/bin/ld -mGLOB_driver_tempfile_name=/local_scratch/apentti/icctempfileYEl2PQ -mP3OPT_asm_target=P3OPT_ASM_TARGET_GAS -mGLOB_async_unwind_tables=TRUE -mGLOB_obj_output_file=/local_scratch/apentti/ipo_iccByo2Gz.o -mGLOB_source_dialect=GLOB_SOURCE_DIALECT_NONE -mP1OPT_source_file_name=ipo_out.c CMakeFiles/cmTC_d17ad.dir/CMakeCCompilerABI.c.o -mIPOPT_object_files=T -mIPOPT_assembly_files=/local_scratch/apentti/iccalisp02tax -mIPOPT_generated_tempfiles=/local_scratch/apentti/iccelisCIgdU0 -mIPOPT_embedded_object_base_name=/local_scratch/apentti/icceobjBCjWDu -mIPOPT_cmdline_link_new_name=/local_scratch/apentti/iccllisQqPFnY
/appl/spack/install-tree/gcc-4.8.5/binutils-2.31.1-xbslr3/bin/ld    /lib/../lib64/crt1.o /lib/../lib64/crti.o /appl/spack/install-tree/gcc-4.8.5/gcc-8.3.0-qzmzn5/lib/gcc/x86_64-pc-linux-gnu/8.3.0/crtbegin.o -export-dynamic --eh-frame-hdr --build-id -dynamic-linker /lib64/ld-linux-x86-64.so.2 -m elf_x86_64 -o cmTC_d17ad -L/appl/spack/install-tree/intel-19.0.4/boost-1.68.0-f7wza3/lib -L/appl/opt/cluster_studio_xe2019/compilers_and_libraries_2019.4.243/linux/tbb/lib/intel64_lin/gcc4.7 -L/appl/opt/cluster_studio_xe2019/compilers_and_libraries_2019.4.243/linux/compiler/lib/intel64_lin -L/appl/opt/cluster_studio_xe2019/compilers_and_libraries_2019.4.243/linux/mkl/lib/intel64_lin -L/appl/spack/install-tree/intel-19.0.4/hpcx-mpi-2.4.0-keuon4/lib -L/appl/opt/cluster_studio_xe2019/compilers_and_libraries_2019.4.243/linux/ipp/lib/intel64 -L/appl/opt/cluster_studio_xe2019/compilers_and_libraries_2019.4.243/linux/tbb/lib/intel64/gcc4.7 -L/appl/opt/cluster_studio_xe2019/compilers_and_libraries_2019.4.243/linux/daal/lib/intel64_lin -L/appl/opt/cluster_studio_xe2019/compilers_and_libraries_2019.4.243/linux/daal/../tbb/lib/intel64_lin/gcc4.4 -L/appl/opt/cluster_studio_xe2019/compilers_and_libraries_2019.4.243/linux/compiler/lib/intel64_lin -L/appl/spack/install-tree/gcc-4.8.5/gcc-8.3.0-qzmzn5/lib/gcc/x86_64-pc-linux-gnu/8.3.0/ -L/appl/spack/install-tree/gcc-4.8.5/gcc-8.3.0-qzmzn5/lib/gcc/x86_64-pc-linux-gnu/8.3.0/../../../../lib64 -L/appl/spack/install-tree/gcc-4.8.5/gcc-8.3.0-qzmzn5/lib/gcc/x86_64-pc-linux-gnu/8.3.0/../../../../lib64/ -L/lib/../lib64 -L/lib/../lib64/ -L/usr/lib/../lib64 -L/usr/lib/../lib64/ -L/appl/spack/install-tree/intel-19.0.4/boost-1.68.0-f7wza3/lib/ -L/appl/opt/cluster_studio_xe2019/compilers_and_libraries_2019.4.243/linux/tbb/lib/intel64_lin/gcc4.7/ -L/appl/opt/cluster_studio_xe2019/compilers_and_libraries_2019.4.243/linux/compiler/lib/intel64_lin/ -L/appl/opt/cluster_studio_xe2019/compilers_and_libraries_2019.4.243/linux/mkl/lib/intel64_lin/ -L/appl/spack/install-tree/intel-19.0.4/hpcx-mpi-2.4.0-keuon4/lib/ -L/appl/opt/cluster_studio_xe2019/compilers_and_libraries_2019.4.243/linux/ipp/lib/intel64/ -L/appl/opt/cluster_studio_xe2019/compilers_and_libraries_2019.4.243/linux/tbb/lib/intel64/gcc4.7/ -L/appl/opt/cluster_studio_xe2019/compilers_and_libraries_2019.4.243/linux/daal/lib/intel64_lin/ -L/appl/opt/cluster_studio_xe2019/compilers_and_libraries_2019.4.243/linux/daal/../tbb/lib/intel64_lin/gcc4.4/ -L/appl/spack/install-tree/gcc-4.8.5/gcc-8.3.0-qzmzn5/lib/gcc/x86_64-pc-linux-gnu/8.3.0/../../../ -L/lib64 -L/lib/ -L/usr/lib64 -L/usr/lib -rpath=/appl/spack/install-tree/gcc-4.8.5/gcc-8.3.0-qzmzn5/lib64 CMakeFiles/cmTC_d17ad.dir/CMakeCCompilerABI.c.o -Bdynamic -Bstatic -limf -lsvml -lirng -Bdynamic -lm -Bstatic -lipgo -ldecimal --as-needed -Bdynamic -lcilkrts -lstdc++ --no-as-needed -lgcc -lgcc_s -Bstatic -lirc -lsvml -Bdynamic -lc -lgcc -lgcc_s -Bstatic -lirc_s -Bdynamic -ldl -lc /appl/spack/install-tree/gcc-4.8.5/gcc-8.3.0-qzmzn5/lib/gcc/x86_64-pc-linux-gnu/8.3.0/crtend.o /lib/../lib64/crtn.o
gmake[1]: Leaving directory `/projappl/plasyre/Github/siris4-framework/multi-particle/CMakeFiles/CMakeTmp'


Parsed C implicit link information from above output:
  link line regex: [^( *|.*[/\])(ld|CMAKE_LINK_STARTFILE-NOTFOUND|([^/\]+-)?ld|collect2)[^/\]*( |$)]
  ignore line: [Change Dir: /projappl/plasyre/Github/siris4-framework/multi-particle/CMakeFiles/CMakeTmp]
  ignore line: []
  ignore line: [Run Build Command:"/usr/bin/gmake" "cmTC_d17ad/fast"]
  ignore line: [/usr/bin/gmake -f CMakeFiles/cmTC_d17ad.dir/build.make CMakeFiles/cmTC_d17ad.dir/build]
  ignore line: [gmake[1]: Entering directory `/projappl/plasyre/Github/siris4-framework/multi-particle/CMakeFiles/CMakeTmp']
  ignore line: [Building C object CMakeFiles/cmTC_d17ad.dir/CMakeCCompilerABI.c.o]
  ignore line: [/appl/opt/cluster_studio_xe2019/compilers_and_libraries_2019.4.243/linux/bin/intel64/icc    -o CMakeFiles/cmTC_d17ad.dir/CMakeCCompilerABI.c.o   -c /appl/spack/install-tree/gcc-4.8.5/cmake-3.12.3-bmoi4r/share/cmake-3.12/Modules/CMakeCCompilerABI.c]
  ignore line: [Linking C executable cmTC_d17ad]
  ignore line: [/appl/spack/install-tree/gcc-4.8.5/cmake-3.12.3-bmoi4r/bin/cmake -E cmake_link_script CMakeFiles/cmTC_d17ad.dir/link.txt --verbose=1]
  ignore line: [/appl/opt/cluster_studio_xe2019/compilers_and_libraries_2019.4.243/linux/bin/intel64/icc     -v -rdynamic CMakeFiles/cmTC_d17ad.dir/CMakeCCompilerABI.c.o  -o cmTC_d17ad ]
  ignore line: [icc version 19.0.4.243 (gcc version 8.3.0 compatibility)]
  ignore line: [/appl/opt/cluster_studio_xe2019/compilers_and_libraries_2019.4.243/linux/bin/intel64/mcpcom    -mGLOB_em64t=TRUE -mP1OPT_version=19.0-intel64 -mGLOB_diag_file=CMakeFiles/cmTC_d17ad.dir/CMakeCCompilerABI.c.diag -mGLOB_long_size_64 -mGLOB_routine_pointer_size_64 -mP1OPT_print_version=FALSE -mCG_use_gas_got_workaround=F -mP2OPT_align_option_used=TRUE -mGLOB_gcc_version=830 "-mGLOB_options_string=-gnu-prefix=/appl/spack/install-tree/gcc-4.8.5/gcc-8.3.0-qzmzn5/bin/ -Xlinker -rpath=/appl/spack/install-tree/gcc-4.8.5/gcc-8.3.0-qzmzn5/lib64 -v -rdynamic -o cmTC_d17ad" -mGLOB_cxx_limited_range=FALSE -mCG_extend_parms=FALSE -mGLOB_compiler_bin_directory=/appl/opt/cluster_studio_xe2019/compilers_and_libraries_2019.4.243/linux/bin/intel64 -mGLOB_as_output_backup_file_name=/local_scratch/apentti/iccBW2TApas_.s -mGLOB_dashboard_use_source_name -mIPOPT_activate -mGLOB_product_id_code=0x22006d93 -mP3OPT_use_mspp_call_convention -mP2OPT_subs_out_of_bound=FALSE -mP2OPT_disam_type_based_disam=2 -mP2OPT_disam_assume_ansi_c -mP2OPT_checked_disam_ansi_alias=TRUE -mGLOB_ansi_alias -mPGOPTI_value_profile_use=T -mGLOB_opt_report_use_source_name -mP2OPT_il0_array_sections=TRUE -mGLOB_offload_mode=1 -mP2OPT_offload_unique_var_string=icc1179146288eIm76f -mP2OPT_hlo -mP2OPT_hpo_rtt_control=0 -mIPOPT_args_in_regs=0 -mP2OPT_disam_assume_nonstd_intent_in=FALSE -mGLOB_imf_mapping_library=/appl/opt/cluster_studio_xe2019/compilers_and_libraries_2019.4.243/linux/bin/intel64/libiml_attr.so -mPGOPTI_gen_threadsafe_level=0 -mIPOPT_link -mIPOPT_ipo_activate -mIPOPT_mo_activate -mIPOPT_source_files_list=/local_scratch/apentti/iccslisBJyp7r -mIPOPT_mo_global_data -mIPOPT_link_script_file=/local_scratch/apentti/iccscriptILG9QV "-mIPOPT_cmdline_link="/lib/../lib64/crt1.o" "/lib/../lib64/crti.o" "/appl/spack/install-tree/gcc-4.8.5/gcc-8.3.0-qzmzn5/lib/gcc/x86_64-pc-linux-gnu/8.3.0/crtbegin.o" "-export-dynamic" "--eh-frame-hdr" "--build-id" "-dynamic-linker" "/lib64/ld-linux-x86-64.so.2" "-m" "elf_x86_64" "-o" "cmTC_d17ad" "-L/appl/spack/install-tree/intel-19.0.4/boost-1.68.0-f7wza3/lib" "-L/appl/opt/cluster_studio_xe2019/compilers_and_libraries_2019.4.243/linux/tbb/lib/intel64_lin/gcc4.7" "-L/appl/opt/cluster_studio_xe2019/compilers_and_libraries_2019.4.243/linux/compiler/lib/intel64_lin" "-L/appl/opt/cluster_studio_xe2019/compilers_and_libraries_2019.4.243/linux/mkl/lib/intel64_lin" "-L/appl/spack/install-tree/intel-19.0.4/hpcx-mpi-2.4.0-keuon4/lib" "-L/appl/opt/cluster_studio_xe2019/compilers_and_libraries_2019.4.243/linux/ipp/lib/intel64" "-L/appl/opt/cluster_studio_xe2019/compilers_and_libraries_2019.4.243/linux/tbb/lib/intel64/gcc4.7" "-L/appl/opt/cluster_studio_xe2019/compilers_and_libraries_2019.4.243/linux/daal/lib/intel64_lin" "-L/appl/opt/cluster_studio_xe2019/compilers_and_libraries_2019.4.243/linux/daal/../tbb/lib/intel64_lin/gcc4.4" "-L/appl/opt/cluster_studio_xe2019/compilers_and_libraries_2019.4.243/linux/compiler/lib/intel64_lin" "-L/appl/spack/install-tree/gcc-4.8.5/gcc-8.3.0-qzmzn5/lib/gcc/x86_64-pc-linux-gnu/8.3.0/" "-L/appl/spack/install-tree/gcc-4.8.5/gcc-8.3.0-qzmzn5/lib/gcc/x86_64-pc-linux-gnu/8.3.0/../../../../lib64" "-L/appl/spack/install-tree/gcc-4.8.5/gcc-8.3.0-qzmzn5/lib/gcc/x86_64-pc-linux-gnu/8.3.0/../../../../lib64/" "-L/lib/../lib64" "-L/lib/../lib64/" "-L/usr/lib/../lib64" "-L/usr/lib/../lib64/" "-L/appl/spack/install-tree/intel-19.0.4/boost-1.68.0-f7wza3/lib/" "-L/appl/opt/cluster_studio_xe2019/compilers_and_libraries_2019.4.243/linux/tbb/lib/intel64_lin/gcc4.7/" "-L/appl/opt/cluster_studio_xe2019/compilers_and_libraries_2019.4.243/linux/compiler/lib/intel64_lin/" "-L/appl/opt/cluster_studio_xe2019/compilers_and_libraries_2019.4.243/linux/mkl/lib/intel64_lin/" "-L/appl/spack/install-tree/intel-19.0.4/hpcx-mpi-2.4.0-keuon4/lib/" "-L/appl/opt/cluster_studio_xe2019/compilers_and_libraries_2019.4.243/linux/ipp/lib/intel64/" "-L/appl/opt/cluster_studio_xe2019/compilers_and_libraries_2019.4.243/linux/tbb/lib/intel64/gcc4.7/" "-L/appl/opt/cluster_studio_xe2019/compilers_and_libraries_2019.4.243/linux/daal/lib/intel64_lin/" "-L/appl/opt/cluster_studio_xe2019/compilers_and_libraries_2019.4.243/linux/daal/../tbb/lib/intel64_lin/gcc4.4/" "-L/appl/spack/install-tree/gcc-4.8.5/gcc-8.3.0-qzmzn5/lib/gcc/x86_64-pc-linux-gnu/8.3.0/../../../" "-L/lib64" "-L/lib/" "-L/usr/lib64" "-L/usr/lib" "-rpath=/appl/spack/install-tree/gcc-4.8.5/gcc-8.3.0-qzmzn5/lib64" "CMakeFiles/cmTC_d17ad.dir/CMakeCCompilerABI.c.o" "-Bdynamic" "-Bstatic" "-limf" "-lsvml" "-lirng" "-Bdynamic" "-lm" "-Bstatic" "-lipgo" "-ldecimal" "--as-needed" "-Bdynamic" "-lcilkrts" "-lstdc++" "--no-as-needed" "-lgcc" "-lgcc_s" "-Bstatic" "-lirc" "-lsvml" "-Bdynamic" "-lc" "-lgcc" "-lgcc_s" "-Bstatic" "-lirc_s" "-Bdynamic" "-ldl" "-lc" "/appl/spack/install-tree/gcc-4.8.5/gcc-8.3.0-qzmzn5/lib/gcc/x86_64-pc-linux-gnu/8.3.0/crtend.o" "/lib/../lib64/crtn.o"" -mIPOPT_il_in_obj -mIPOPT_ipo_activate_warn=FALSE -mIPOPT_obj_output_file_name=/local_scratch/apentti/ipo_iccByo2Gz.o -mIPOPT_whole_archive_fixup_file_name=/local_scratch/apentti/iccwarchDxml5m -mGLOB_linker_version=2.31.1 -mGLOB_linker=/appl/spack/install-tree/gcc-4.8.5/binutils-2.31.1-xbslr3/bin/ld -mGLOB_driver_tempfile_name=/local_scratch/apentti/icctempfileYEl2PQ -mP3OPT_asm_target=P3OPT_ASM_TARGET_GAS -mGLOB_async_unwind_tables=TRUE -mGLOB_obj_output_file=/local_scratch/apentti/ipo_iccByo2Gz.o -mGLOB_source_dialect=GLOB_SOURCE_DIALECT_NONE -mP1OPT_source_file_name=ipo_out.c CMakeFiles/cmTC_d17ad.dir/CMakeCCompilerABI.c.o -mIPOPT_object_files=T -mIPOPT_assembly_files=/local_scratch/apentti/iccalisp02tax -mIPOPT_generated_tempfiles=/local_scratch/apentti/iccelisCIgdU0 -mIPOPT_embedded_object_base_name=/local_scratch/apentti/icceobjBCjWDu -mIPOPT_cmdline_link_new_name=/local_scratch/apentti/iccllisQqPFnY]
  link line: [/appl/spack/install-tree/gcc-4.8.5/binutils-2.31.1-xbslr3/bin/ld    /lib/../lib64/crt1.o /lib/../lib64/crti.o /appl/spack/install-tree/gcc-4.8.5/gcc-8.3.0-qzmzn5/lib/gcc/x86_64-pc-linux-gnu/8.3.0/crtbegin.o -export-dynamic --eh-frame-hdr --build-id -dynamic-linker /lib64/ld-linux-x86-64.so.2 -m elf_x86_64 -o cmTC_d17ad -L/appl/spack/install-tree/intel-19.0.4/boost-1.68.0-f7wza3/lib -L/appl/opt/cluster_studio_xe2019/compilers_and_libraries_2019.4.243/linux/tbb/lib/intel64_lin/gcc4.7 -L/appl/opt/cluster_studio_xe2019/compilers_and_libraries_2019.4.243/linux/compiler/lib/intel64_lin -L/appl/opt/cluster_studio_xe2019/compilers_and_libraries_2019.4.243/linux/mkl/lib/intel64_lin -L/appl/spack/install-tree/intel-19.0.4/hpcx-mpi-2.4.0-keuon4/lib -L/appl/opt/cluster_studio_xe2019/compilers_and_libraries_2019.4.243/linux/ipp/lib/intel64 -L/appl/opt/cluster_studio_xe2019/compilers_and_libraries_2019.4.243/linux/tbb/lib/intel64/gcc4.7 -L/appl/opt/cluster_studio_xe2019/compilers_and_libraries_2019.4.243/linux/daal/lib/intel64_lin -L/appl/opt/cluster_studio_xe2019/compilers_and_libraries_2019.4.243/linux/daal/../tbb/lib/intel64_lin/gcc4.4 -L/appl/opt/cluster_studio_xe2019/compilers_and_libraries_2019.4.243/linux/compiler/lib/intel64_lin -L/appl/spack/install-tree/gcc-4.8.5/gcc-8.3.0-qzmzn5/lib/gcc/x86_64-pc-linux-gnu/8.3.0/ -L/appl/spack/install-tree/gcc-4.8.5/gcc-8.3.0-qzmzn5/lib/gcc/x86_64-pc-linux-gnu/8.3.0/../../../../lib64 -L/appl/spack/install-tree/gcc-4.8.5/gcc-8.3.0-qzmzn5/lib/gcc/x86_64-pc-linux-gnu/8.3.0/../../../../lib64/ -L/lib/../lib64 -L/lib/../lib64/ -L/usr/lib/../lib64 -L/usr/lib/../lib64/ -L/appl/spack/install-tree/intel-19.0.4/boost-1.68.0-f7wza3/lib/ -L/appl/opt/cluster_studio_xe2019/compilers_and_libraries_2019.4.243/linux/tbb/lib/intel64_lin/gcc4.7/ -L/appl/opt/cluster_studio_xe2019/compilers_and_libraries_2019.4.243/linux/compiler/lib/intel64_lin/ -L/appl/opt/cluster_studio_xe2019/compilers_and_libraries_2019.4.243/linux/mkl/lib/intel64_lin/ -L/appl/spack/install-tree/intel-19.0.4/hpcx-mpi-2.4.0-keuon4/lib/ -L/appl/opt/cluster_studio_xe2019/compilers_and_libraries_2019.4.243/linux/ipp/lib/intel64/ -L/appl/opt/cluster_studio_xe2019/compilers_and_libraries_2019.4.243/linux/tbb/lib/intel64/gcc4.7/ -L/appl/opt/cluster_studio_xe2019/compilers_and_libraries_2019.4.243/linux/daal/lib/intel64_lin/ -L/appl/opt/cluster_studio_xe2019/compilers_and_libraries_2019.4.243/linux/daal/../tbb/lib/intel64_lin/gcc4.4/ -L/appl/spack/install-tree/gcc-4.8.5/gcc-8.3.0-qzmzn5/lib/gcc/x86_64-pc-linux-gnu/8.3.0/../../../ -L/lib64 -L/lib/ -L/usr/lib64 -L/usr/lib -rpath=/appl/spack/install-tree/gcc-4.8.5/gcc-8.3.0-qzmzn5/lib64 CMakeFiles/cmTC_d17ad.dir/CMakeCCompilerABI.c.o -Bdynamic -Bstatic -limf -lsvml -lirng -Bdynamic -lm -Bstatic -lipgo -ldecimal --as-needed -Bdynamic -lcilkrts -lstdc++ --no-as-needed -lgcc -lgcc_s -Bstatic -lirc -lsvml -Bdynamic -lc -lgcc -lgcc_s -Bstatic -lirc_s -Bdynamic -ldl -lc /appl/spack/install-tree/gcc-4.8.5/gcc-8.3.0-qzmzn5/lib/gcc/x86_64-pc-linux-gnu/8.3.0/crtend.o /lib/../lib64/crtn.o]
    arg [/appl/spack/install-tree/gcc-4.8.5/binutils-2.31.1-xbslr3/bin/ld] ==> ignore
    arg [/lib/../lib64/crt1.o] ==> ignore
    arg [/lib/../lib64/crti.o] ==> ignore
    arg [/appl/spack/install-tree/gcc-4.8.5/gcc-8.3.0-qzmzn5/lib/gcc/x86_64-pc-linux-gnu/8.3.0/crtbegin.o] ==> ignore
    arg [-export-dynamic] ==> ignore
    arg [--eh-frame-hdr] ==> ignore
    arg [--build-id] ==> ignore
    arg [-dynamic-linker] ==> ignore
    arg [/lib64/ld-linux-x86-64.so.2] ==> ignore
    arg [-m] ==> ignore
    arg [elf_x86_64] ==> ignore
    arg [-o] ==> ignore
    arg [cmTC_d17ad] ==> ignore
    arg [-L/appl/spack/install-tree/intel-19.0.4/boost-1.68.0-f7wza3/lib] ==> dir [/appl/spack/install-tree/intel-19.0.4/boost-1.68.0-f7wza3/lib]
    arg [-L/appl/opt/cluster_studio_xe2019/compilers_and_libraries_2019.4.243/linux/tbb/lib/intel64_lin/gcc4.7] ==> dir [/appl/opt/cluster_studio_xe2019/compilers_and_libraries_2019.4.243/linux/tbb/lib/intel64_lin/gcc4.7]
    arg [-L/appl/opt/cluster_studio_xe2019/compilers_and_libraries_2019.4.243/linux/compiler/lib/intel64_lin] ==> dir [/appl/opt/cluster_studio_xe2019/compilers_and_libraries_2019.4.243/linux/compiler/lib/intel64_lin]
    arg [-L/appl/opt/cluster_studio_xe2019/compilers_and_libraries_2019.4.243/linux/mkl/lib/intel64_lin] ==> dir [/appl/opt/cluster_studio_xe2019/compilers_and_libraries_2019.4.243/linux/mkl/lib/intel64_lin]
    arg [-L/appl/spack/install-tree/intel-19.0.4/hpcx-mpi-2.4.0-keuon4/lib] ==> dir [/appl/spack/install-tree/intel-19.0.4/hpcx-mpi-2.4.0-keuon4/lib]
    arg [-L/appl/opt/cluster_studio_xe2019/compilers_and_libraries_2019.4.243/linux/ipp/lib/intel64] ==> dir [/appl/opt/cluster_studio_xe2019/compilers_and_libraries_2019.4.243/linux/ipp/lib/intel64]
    arg [-L/appl/opt/cluster_studio_xe2019/compilers_and_libraries_2019.4.243/linux/tbb/lib/intel64/gcc4.7] ==> dir [/appl/opt/cluster_studio_xe2019/compilers_and_libraries_2019.4.243/linux/tbb/lib/intel64/gcc4.7]
    arg [-L/appl/opt/cluster_studio_xe2019/compilers_and_libraries_2019.4.243/linux/daal/lib/intel64_lin] ==> dir [/appl/opt/cluster_studio_xe2019/compilers_and_libraries_2019.4.243/linux/daal/lib/intel64_lin]
    arg [-L/appl/opt/cluster_studio_xe2019/compilers_and_libraries_2019.4.243/linux/daal/../tbb/lib/intel64_lin/gcc4.4] ==> dir [/appl/opt/cluster_studio_xe2019/compilers_and_libraries_2019.4.243/linux/daal/../tbb/lib/intel64_lin/gcc4.4]
    arg [-L/appl/opt/cluster_studio_xe2019/compilers_and_libraries_2019.4.243/linux/compiler/lib/intel64_lin] ==> dir [/appl/opt/cluster_studio_xe2019/compilers_and_libraries_2019.4.243/linux/compiler/lib/intel64_lin]
    arg [-L/appl/spack/install-tree/gcc-4.8.5/gcc-8.3.0-qzmzn5/lib/gcc/x86_64-pc-linux-gnu/8.3.0/] ==> dir [/appl/spack/install-tree/gcc-4.8.5/gcc-8.3.0-qzmzn5/lib/gcc/x86_64-pc-linux-gnu/8.3.0/]
    arg [-L/appl/spack/install-tree/gcc-4.8.5/gcc-8.3.0-qzmzn5/lib/gcc/x86_64-pc-linux-gnu/8.3.0/../../../../lib64] ==> dir [/appl/spack/install-tree/gcc-4.8.5/gcc-8.3.0-qzmzn5/lib/gcc/x86_64-pc-linux-gnu/8.3.0/../../../../lib64]
    arg [-L/appl/spack/install-tree/gcc-4.8.5/gcc-8.3.0-qzmzn5/lib/gcc/x86_64-pc-linux-gnu/8.3.0/../../../../lib64/] ==> dir [/appl/spack/install-tree/gcc-4.8.5/gcc-8.3.0-qzmzn5/lib/gcc/x86_64-pc-linux-gnu/8.3.0/../../../../lib64/]
    arg [-L/lib/../lib64] ==> dir [/lib/../lib64]
    arg [-L/lib/../lib64/] ==> dir [/lib/../lib64/]
    arg [-L/usr/lib/../lib64] ==> dir [/usr/lib/../lib64]
    arg [-L/usr/lib/../lib64/] ==> dir [/usr/lib/../lib64/]
    arg [-L/appl/spack/install-tree/intel-19.0.4/boost-1.68.0-f7wza3/lib/] ==> dir [/appl/spack/install-tree/intel-19.0.4/boost-1.68.0-f7wza3/lib/]
    arg [-L/appl/opt/cluster_studio_xe2019/compilers_and_libraries_2019.4.243/linux/tbb/lib/intel64_lin/gcc4.7/] ==> dir [/appl/opt/cluster_studio_xe2019/compilers_and_libraries_2019.4.243/linux/tbb/lib/intel64_lin/gcc4.7/]
    arg [-L/appl/opt/cluster_studio_xe2019/compilers_and_libraries_2019.4.243/linux/compiler/lib/intel64_lin/] ==> dir [/appl/opt/cluster_studio_xe2019/compilers_and_libraries_2019.4.243/linux/compiler/lib/intel64_lin/]
    arg [-L/appl/opt/cluster_studio_xe2019/compilers_and_libraries_2019.4.243/linux/mkl/lib/intel64_lin/] ==> dir [/appl/opt/cluster_studio_xe2019/compilers_and_libraries_2019.4.243/linux/mkl/lib/intel64_lin/]
    arg [-L/appl/spack/install-tree/intel-19.0.4/hpcx-mpi-2.4.0-keuon4/lib/] ==> dir [/appl/spack/install-tree/intel-19.0.4/hpcx-mpi-2.4.0-keuon4/lib/]
    arg [-L/appl/opt/cluster_studio_xe2019/compilers_and_libraries_2019.4.243/linux/ipp/lib/intel64/] ==> dir [/appl/opt/cluster_studio_xe2019/compilers_and_libraries_2019.4.243/linux/ipp/lib/intel64/]
    arg [-L/appl/opt/cluster_studio_xe2019/compilers_and_libraries_2019.4.243/linux/tbb/lib/intel64/gcc4.7/] ==> dir [/appl/opt/cluster_studio_xe2019/compilers_and_libraries_2019.4.243/linux/tbb/lib/intel64/gcc4.7/]
    arg [-L/appl/opt/cluster_studio_xe2019/compilers_and_libraries_2019.4.243/linux/daal/lib/intel64_lin/] ==> dir [/appl/opt/cluster_studio_xe2019/compilers_and_libraries_2019.4.243/linux/daal/lib/intel64_lin/]
    arg [-L/appl/opt/cluster_studio_xe2019/compilers_and_libraries_2019.4.243/linux/daal/../tbb/lib/intel64_lin/gcc4.4/] ==> dir [/appl/opt/cluster_studio_xe2019/compilers_and_libraries_2019.4.243/linux/daal/../tbb/lib/intel64_lin/gcc4.4/]
    arg [-L/appl/spack/install-tree/gcc-4.8.5/gcc-8.3.0-qzmzn5/lib/gcc/x86_64-pc-linux-gnu/8.3.0/../../../] ==> dir [/appl/spack/install-tree/gcc-4.8.5/gcc-8.3.0-qzmzn5/lib/gcc/x86_64-pc-linux-gnu/8.3.0/../../../]
    arg [-L/lib64] ==> dir [/lib64]
    arg [-L/lib/] ==> dir [/lib/]
    arg [-L/usr/lib64] ==> dir [/usr/lib64]
    arg [-L/usr/lib] ==> dir [/usr/lib]
    arg [-rpath=/appl/spack/install-tree/gcc-4.8.5/gcc-8.3.0-qzmzn5/lib64] ==> ignore
    arg [CMakeFiles/cmTC_d17ad.dir/CMakeCCompilerABI.c.o] ==> ignore
    arg [-Bdynamic] ==> ignore
    arg [-Bstatic] ==> ignore
    arg [-limf] ==> lib [imf]
    arg [-lsvml] ==> lib [svml]
    arg [-lirng] ==> lib [irng]
    arg [-Bdynamic] ==> ignore
    arg [-lm] ==> lib [m]
    arg [-Bstatic] ==> ignore
    arg [-lipgo] ==> lib [ipgo]
    arg [-ldecimal] ==> lib [decimal]
    arg [--as-needed] ==> ignore
    arg [-Bdynamic] ==> ignore
    arg [-lcilkrts] ==> lib [cilkrts]
    arg [-lstdc++] ==> lib [stdc++]
    arg [--no-as-needed] ==> ignore
    arg [-lgcc] ==> lib [gcc]
    arg [-lgcc_s] ==> lib [gcc_s]
    arg [-Bstatic] ==> ignore
    arg [-lirc] ==> lib [irc]
    arg [-lsvml] ==> lib [svml]
    arg [-Bdynamic] ==> ignore
    arg [-lc] ==> lib [c]
    arg [-lgcc] ==> lib [gcc]
    arg [-lgcc_s] ==> lib [gcc_s]
    arg [-Bstatic] ==> ignore
    arg [-lirc_s] ==> lib [irc_s]
    arg [-Bdynamic] ==> ignore
    arg [-ldl] ==> lib [dl]
    arg [-lc] ==> lib [c]
    arg [/appl/spack/install-tree/gcc-4.8.5/gcc-8.3.0-qzmzn5/lib/gcc/x86_64-pc-linux-gnu/8.3.0/crtend.o] ==> ignore
    arg [/lib/../lib64/crtn.o] ==> ignore
  collapse library dir [/appl/spack/install-tree/intel-19.0.4/boost-1.68.0-f7wza3/lib] ==> [/appl/spack/install-tree/intel-19.0.4/boost-1.68.0-f7wza3/lib]
  collapse library dir [/appl/opt/cluster_studio_xe2019/compilers_and_libraries_2019.4.243/linux/tbb/lib/intel64_lin/gcc4.7] ==> [/appl/opt/cluster_studio_xe2019/compilers_and_libraries_2019.4.243/linux/tbb/lib/intel64_lin/gcc4.7]
  collapse library dir [/appl/opt/cluster_studio_xe2019/compilers_and_libraries_2019.4.243/linux/compiler/lib/intel64_lin] ==> [/appl/opt/cluster_studio_xe2019/compilers_and_libraries_2019.4.243/linux/compiler/lib/intel64_lin]
  collapse library dir [/appl/opt/cluster_studio_xe2019/compilers_and_libraries_2019.4.243/linux/mkl/lib/intel64_lin] ==> [/appl/opt/cluster_studio_xe2019/compilers_and_libraries_2019.4.243/linux/mkl/lib/intel64_lin]
  collapse library dir [/appl/spack/install-tree/intel-19.0.4/hpcx-mpi-2.4.0-keuon4/lib] ==> [/appl/spack/install-tree/intel-19.0.4/hpcx-mpi-2.4.0-keuon4/lib]
  collapse library dir [/appl/opt/cluster_studio_xe2019/compilers_and_libraries_2019.4.243/linux/ipp/lib/intel64] ==> [/appl/opt/cluster_studio_xe2019/compilers_and_libraries_2019.4.243/linux/ipp/lib/intel64]
  collapse library dir [/appl/opt/cluster_studio_xe2019/compilers_and_libraries_2019.4.243/linux/tbb/lib/intel64/gcc4.7] ==> [/appl/opt/cluster_studio_xe2019/compilers_and_libraries_2019.4.243/linux/tbb/lib/intel64/gcc4.7]
  collapse library dir [/appl/opt/cluster_studio_xe2019/compilers_and_libraries_2019.4.243/linux/daal/lib/intel64_lin] ==> [/appl/opt/cluster_studio_xe2019/compilers_and_libraries_2019.4.243/linux/daal/lib/intel64_lin]
  collapse library dir [/appl/opt/cluster_studio_xe2019/compilers_and_libraries_2019.4.243/linux/daal/../tbb/lib/intel64_lin/gcc4.4] ==> [/appl/opt/cluster_studio_xe2019/compilers_and_libraries_2019.4.243/linux/tbb/lib/intel64_lin/gcc4.4]
  collapse library dir [/appl/opt/cluster_studio_xe2019/compilers_and_libraries_2019.4.243/linux/compiler/lib/intel64_lin] ==> [/appl/opt/cluster_studio_xe2019/compilers_and_libraries_2019.4.243/linux/compiler/lib/intel64_lin]
  collapse library dir [/appl/spack/install-tree/gcc-4.8.5/gcc-8.3.0-qzmzn5/lib/gcc/x86_64-pc-linux-gnu/8.3.0/] ==> [/appl/spack/install-tree/gcc-4.8.5/gcc-8.3.0-qzmzn5/lib/gcc/x86_64-pc-linux-gnu/8.3.0]
  collapse library dir [/appl/spack/install-tree/gcc-4.8.5/gcc-8.3.0-qzmzn5/lib/gcc/x86_64-pc-linux-gnu/8.3.0/../../../../lib64] ==> [/appl/spack/install-tree/gcc-4.8.5/gcc-8.3.0-qzmzn5/lib64]
  collapse library dir [/appl/spack/install-tree/gcc-4.8.5/gcc-8.3.0-qzmzn5/lib/gcc/x86_64-pc-linux-gnu/8.3.0/../../../../lib64/] ==> [/appl/spack/install-tree/gcc-4.8.5/gcc-8.3.0-qzmzn5/lib64]
  collapse library dir [/lib/../lib64] ==> [/lib64]
  collapse library dir [/lib/../lib64/] ==> [/lib64]
  collapse library dir [/usr/lib/../lib64] ==> [/usr/lib64]
  collapse library dir [/usr/lib/../lib64/] ==> [/usr/lib64]
  collapse library dir [/appl/spack/install-tree/intel-19.0.4/boost-1.68.0-f7wza3/lib/] ==> [/appl/spack/install-tree/intel-19.0.4/boost-1.68.0-f7wza3/lib]
  collapse library dir [/appl/opt/cluster_studio_xe2019/compilers_and_libraries_2019.4.243/linux/tbb/lib/intel64_lin/gcc4.7/] ==> [/appl/opt/cluster_studio_xe2019/compilers_and_libraries_2019.4.243/linux/tbb/lib/intel64_lin/gcc4.7]
  collapse library dir [/appl/opt/cluster_studio_xe2019/compilers_and_libraries_2019.4.243/linux/compiler/lib/intel64_lin/] ==> [/appl/opt/cluster_studio_xe2019/compilers_and_libraries_2019.4.243/linux/compiler/lib/intel64_lin]
  collapse library dir [/appl/opt/cluster_studio_xe2019/compilers_and_libraries_2019.4.243/linux/mkl/lib/intel64_lin/] ==> [/appl/opt/cluster_studio_xe2019/compilers_and_libraries_2019.4.243/linux/mkl/lib/intel64_lin]
  collapse library dir [/appl/spack/install-tree/intel-19.0.4/hpcx-mpi-2.4.0-keuon4/lib/] ==> [/appl/spack/install-tree/intel-19.0.4/hpcx-mpi-2.4.0-keuon4/lib]
  collapse library dir [/appl/opt/cluster_studio_xe2019/compilers_and_libraries_2019.4.243/linux/ipp/lib/intel64/] ==> [/appl/opt/cluster_studio_xe2019/compilers_and_libraries_2019.4.243/linux/ipp/lib/intel64]
  collapse library dir [/appl/opt/cluster_studio_xe2019/compilers_and_libraries_2019.4.243/linux/tbb/lib/intel64/gcc4.7/] ==> [/appl/opt/cluster_studio_xe2019/compilers_and_libraries_2019.4.243/linux/tbb/lib/intel64/gcc4.7]
  collapse library dir [/appl/opt/cluster_studio_xe2019/compilers_and_libraries_2019.4.243/linux/daal/lib/intel64_lin/] ==> [/appl/opt/cluster_studio_xe2019/compilers_and_libraries_2019.4.243/linux/daal/lib/intel64_lin]
  collapse library dir [/appl/opt/cluster_studio_xe2019/compilers_and_libraries_2019.4.243/linux/daal/../tbb/lib/intel64_lin/gcc4.4/] ==> [/appl/opt/cluster_studio_xe2019/compilers_and_libraries_2019.4.243/linux/tbb/lib/intel64_lin/gcc4.4]
  collapse library dir [/appl/spack/install-tree/gcc-4.8.5/gcc-8.3.0-qzmzn5/lib/gcc/x86_64-pc-linux-gnu/8.3.0/../../../] ==> [/appl/spack/install-tree/gcc-4.8.5/gcc-8.3.0-qzmzn5/lib]
  collapse library dir [/lib64] ==> [/lib64]
  collapse library dir [/lib/] ==> [/lib]
  collapse library dir [/usr/lib64] ==> [/usr/lib64]
  collapse library dir [/usr/lib] ==> [/usr/lib]
  implicit libs: [imf;svml;irng;m;ipgo;decimal;cilkrts;stdc++;gcc;gcc_s;irc;svml;c;gcc;gcc_s;irc_s;dl;c]
  implicit dirs: [/appl/spack/install-tree/intel-19.0.4/boost-1.68.0-f7wza3/lib;/appl/opt/cluster_studio_xe2019/compilers_and_libraries_2019.4.243/linux/tbb/lib/intel64_lin/gcc4.7;/appl/opt/cluster_studio_xe2019/compilers_and_libraries_2019.4.243/linux/compiler/lib/intel64_lin;/appl/opt/cluster_studio_xe2019/compilers_and_libraries_2019.4.243/linux/mkl/lib/intel64_lin;/appl/spack/install-tree/intel-19.0.4/hpcx-mpi-2.4.0-keuon4/lib;/appl/opt/cluster_studio_xe2019/compilers_and_libraries_2019.4.243/linux/ipp/lib/intel64;/appl/opt/cluster_studio_xe2019/compilers_and_libraries_2019.4.243/linux/tbb/lib/intel64/gcc4.7;/appl/opt/cluster_studio_xe2019/compilers_and_libraries_2019.4.243/linux/daal/lib/intel64_lin;/appl/opt/cluster_studio_xe2019/compilers_and_libraries_2019.4.243/linux/tbb/lib/intel64_lin/gcc4.4;/appl/spack/install-tree/gcc-4.8.5/gcc-8.3.0-qzmzn5/lib/gcc/x86_64-pc-linux-gnu/8.3.0;/appl/spack/install-tree/gcc-4.8.5/gcc-8.3.0-qzmzn5/lib64;/lib64;/usr/lib64;/appl/spack/install-tree/gcc-4.8.5/gcc-8.3.0-qzmzn5/lib;/lib;/usr/lib]
  implicit fwks: []




Detecting C [-std=c11] compiler features compiled with the following output:
Change Dir: /projappl/plasyre/Github/siris4-framework/multi-particle/CMakeFiles/CMakeTmp

Run Build Command:"/usr/bin/gmake" "cmTC_02b56/fast"
/usr/bin/gmake -f CMakeFiles/cmTC_02b56.dir/build.make CMakeFiles/cmTC_02b56.dir/build
gmake[1]: Entering directory `/projappl/plasyre/Github/siris4-framework/multi-particle/CMakeFiles/CMakeTmp'
Building C object CMakeFiles/cmTC_02b56.dir/feature_tests.c.o
/appl/opt/cluster_studio_xe2019/compilers_and_libraries_2019.4.243/linux/bin/intel64/icc   -std=c11 -o CMakeFiles/cmTC_02b56.dir/feature_tests.c.o   -c /projappl/plasyre/Github/siris4-framework/multi-particle/CMakeFiles/feature_tests.c
Linking C executable cmTC_02b56
/appl/spack/install-tree/gcc-4.8.5/cmake-3.12.3-bmoi4r/bin/cmake -E cmake_link_script CMakeFiles/cmTC_02b56.dir/link.txt --verbose=1
/appl/opt/cluster_studio_xe2019/compilers_and_libraries_2019.4.243/linux/bin/intel64/icc      -rdynamic CMakeFiles/cmTC_02b56.dir/feature_tests.c.o  -o cmTC_02b56 
gmake[1]: Leaving directory `/projappl/plasyre/Github/siris4-framework/multi-particle/CMakeFiles/CMakeTmp'


    Feature record: C_FEATURE:1c_function_prototypes
    Feature record: C_FEATURE:1c_restrict
    Feature record: C_FEATURE:1c_static_assert
    Feature record: C_FEATURE:1c_variadic_macros


Detecting C [-std=c99] compiler features compiled with the following output:
Change Dir: /projappl/plasyre/Github/siris4-framework/multi-particle/CMakeFiles/CMakeTmp

Run Build Command:"/usr/bin/gmake" "cmTC_1e5f0/fast"
/usr/bin/gmake -f CMakeFiles/cmTC_1e5f0.dir/build.make CMakeFiles/cmTC_1e5f0.dir/build
gmake[1]: Entering directory `/projappl/plasyre/Github/siris4-framework/multi-particle/CMakeFiles/CMakeTmp'
Building C object CMakeFiles/cmTC_1e5f0.dir/feature_tests.c.o
/appl/opt/cluster_studio_xe2019/compilers_and_libraries_2019.4.243/linux/bin/intel64/icc   -std=c99 -o CMakeFiles/cmTC_1e5f0.dir/feature_tests.c.o   -c /projappl/plasyre/Github/siris4-framework/multi-particle/CMakeFiles/feature_tests.c
Linking C executable cmTC_1e5f0
/appl/spack/install-tree/gcc-4.8.5/cmake-3.12.3-bmoi4r/bin/cmake -E cmake_link_script CMakeFiles/cmTC_1e5f0.dir/link.txt --verbose=1
/appl/opt/cluster_studio_xe2019/compilers_and_libraries_2019.4.243/linux/bin/intel64/icc      -rdynamic CMakeFiles/cmTC_1e5f0.dir/feature_tests.c.o  -o cmTC_1e5f0 
gmake[1]: Leaving directory `/projappl/plasyre/Github/siris4-framework/multi-particle/CMakeFiles/CMakeTmp'


    Feature record: C_FEATURE:1c_function_prototypes
    Feature record: C_FEATURE:1c_restrict
    Feature record: C_FEATURE:1c_static_assert
    Feature record: C_FEATURE:1c_variadic_macros


Detecting C [-std=c89] compiler features compiled with the following output:
Change Dir: /projappl/plasyre/Github/siris4-framework/multi-particle/CMakeFiles/CMakeTmp

Run Build Command:"/usr/bin/gmake" "cmTC_ec86b/fast"
/usr/bin/gmake -f CMakeFiles/cmTC_ec86b.dir/build.make CMakeFiles/cmTC_ec86b.dir/build
gmake[1]: Entering directory `/projappl/plasyre/Github/siris4-framework/multi-particle/CMakeFiles/CMakeTmp'
Building C object CMakeFiles/cmTC_ec86b.dir/feature_tests.c.o
/appl/opt/cluster_studio_xe2019/compilers_and_libraries_2019.4.243/linux/bin/intel64/icc   -std=c89 -o CMakeFiles/cmTC_ec86b.dir/feature_tests.c.o   -c /projappl/plasyre/Github/siris4-framework/multi-particle/CMakeFiles/feature_tests.c
Linking C executable cmTC_ec86b
/appl/spack/install-tree/gcc-4.8.5/cmake-3.12.3-bmoi4r/bin/cmake -E cmake_link_script CMakeFiles/cmTC_ec86b.dir/link.txt --verbose=1
/appl/opt/cluster_studio_xe2019/compilers_and_libraries_2019.4.243/linux/bin/intel64/icc      -rdynamic CMakeFiles/cmTC_ec86b.dir/feature_tests.c.o  -o cmTC_ec86b 
gmake[1]: Leaving directory `/projappl/plasyre/Github/siris4-framework/multi-particle/CMakeFiles/CMakeTmp'


    Feature record: C_FEATURE:1c_function_prototypes
    Feature record: C_FEATURE:0c_restrict
    Feature record: C_FEATURE:0c_static_assert
    Feature record: C_FEATURE:0c_variadic_macros
Determining if the Fortran compiler works passed with the following output:
Change Dir: /projappl/plasyre/Github/siris4-framework/multi-particle/CMakeFiles/CMakeTmp

Run Build Command:"/usr/bin/gmake" "cmTC_bec93/fast"
/usr/bin/gmake -f CMakeFiles/cmTC_bec93.dir/build.make CMakeFiles/cmTC_bec93.dir/build
gmake[1]: Entering directory `/projappl/plasyre/Github/siris4-framework/multi-particle/CMakeFiles/CMakeTmp'
Building Fortran object CMakeFiles/cmTC_bec93.dir/testFortranCompiler.f.o
/appl/opt/cluster_studio_xe2019/compilers_and_libraries_2019.4.243/linux/bin/intel64/ifort    -c /projappl/plasyre/Github/siris4-framework/multi-particle/CMakeFiles/CMakeTmp/testFortranCompiler.f -o CMakeFiles/cmTC_bec93.dir/testFortranCompiler.f.o
Linking Fortran executable cmTC_bec93
/appl/spack/install-tree/gcc-4.8.5/cmake-3.12.3-bmoi4r/bin/cmake -E cmake_link_script CMakeFiles/cmTC_bec93.dir/link.txt --verbose=1
/appl/opt/cluster_studio_xe2019/compilers_and_libraries_2019.4.243/linux/bin/intel64/ifort      CMakeFiles/cmTC_bec93.dir/testFortranCompiler.f.o  -o cmTC_bec93 
gmake[1]: Leaving directory `/projappl/plasyre/Github/siris4-framework/multi-particle/CMakeFiles/CMakeTmp'


Detecting Fortran compiler ABI info compiled with the following output:
Change Dir: /projappl/plasyre/Github/siris4-framework/multi-particle/CMakeFiles/CMakeTmp

Run Build Command:"/usr/bin/gmake" "cmTC_cb361/fast"
/usr/bin/gmake -f CMakeFiles/cmTC_cb361.dir/build.make CMakeFiles/cmTC_cb361.dir/build
gmake[1]: Entering directory `/projappl/plasyre/Github/siris4-framework/multi-particle/CMakeFiles/CMakeTmp'
Building Fortran object CMakeFiles/cmTC_cb361.dir/CMakeFortranCompilerABI.F.o
/appl/opt/cluster_studio_xe2019/compilers_and_libraries_2019.4.243/linux/bin/intel64/ifort    -c /appl/spack/install-tree/gcc-4.8.5/cmake-3.12.3-bmoi4r/share/cmake-3.12/Modules/CMakeFortranCompilerABI.F -o CMakeFiles/cmTC_cb361.dir/CMakeFortranCompilerABI.F.o
Linking Fortran executable cmTC_cb361
/appl/spack/install-tree/gcc-4.8.5/cmake-3.12.3-bmoi4r/bin/cmake -E cmake_link_script CMakeFiles/cmTC_cb361.dir/link.txt --verbose=1
/appl/opt/cluster_studio_xe2019/compilers_and_libraries_2019.4.243/linux/bin/intel64/ifort   -v   CMakeFiles/cmTC_cb361.dir/CMakeFortranCompilerABI.F.o  -o cmTC_cb361 
ifort version 19.0.4.243
/appl/opt/cluster_studio_xe2019/compilers_and_libraries_2019.4.243/linux/bin/intel64/fortcom    -mGLOB_em64t=TRUE -mP1OPT_version=19.0-intel64 -mGLOB_diag_file=CMakeFiles/cmTC_cb361.dir/CMakeFortranCompilerABI.F.diag -mGLOB_long_size_64 -mGLOB_routine_pointer_size_64 -mGLOB_source_language=GLOB_SOURCE_LANGUAGE_F90 -mP2OPT_static_promotion -mP1OPT_print_version=FALSE -mCG_use_gas_got_workaround=F -mP2OPT_align_option_used=TRUE -mGLOB_gcc_version=830 "-mGLOB_options_string=-gnu-prefix=/appl/spack/install-tree/gcc-4.8.5/gcc-8.3.0-qzmzn5/bin/ -Xlinker -rpath=/appl/spack/install-tree/gcc-4.8.5/gcc-8.3.0-qzmzn5/lib64 -v -o cmTC_cb361" -mGLOB_cxx_limited_range=FALSE -mCG_extend_parms=FALSE -mGLOB_compiler_bin_directory=/appl/opt/cluster_studio_xe2019/compilers_and_libraries_2019.4.243/linux/bin/intel64 -mGLOB_as_output_backup_file_name=/local_scratch/apentti/ifortGxc2ySas_.s -mGLOB_dashboard_use_source_name -mIPOPT_activate -mGLOB_product_id_code=0x22006d91 -mP3OPT_use_mspp_call_convention -mP2OPT_subs_out_of_bound=FALSE -mP2OPT_disam_type_based_disam=2 -mGLOB_ansi_alias -mPGOPTI_value_profile_use=T -mGLOB_opt_report_use_source_name -mGLOB_offload_mode=1 -mP2OPT_offload_unique_var_string=ifort0873441230xt7fO4 -mP2OPT_hlo -mP2OPT_hpo_rtt_control=0 -mIPOPT_args_in_regs=0 -mP2OPT_disam_assume_nonstd_intent_in=FALSE -mGLOB_imf_mapping_library=/appl/opt/cluster_studio_xe2019/compilers_and_libraries_2019.4.243/linux/bin/intel64/libiml_attr.so -mPGOPTI_gen_threadsafe_level=0 -mIPOPT_link -mIPOPT_ipo_activate -mIPOPT_mo_activate -mIPOPT_source_files_list=/local_scratch/apentti/ifortslis66Vv3I -mIPOPT_mo_global_data -mIPOPT_link_script_file=/local_scratch/apentti/ifortscriptpsMgOi "-mIPOPT_cmdline_link="/lib/../lib64/crt1.o" "/lib/../lib64/crti.o" "/appl/spack/install-tree/gcc-4.8.5/gcc-8.3.0-qzmzn5/lib/gcc/x86_64-pc-linux-gnu/8.3.0/crtbegin.o" "--eh-frame-hdr" "--build-id" "-dynamic-linker" "/lib64/ld-linux-x86-64.so.2" "-m" "elf_x86_64" "-o" "cmTC_cb361" "/appl/opt/cluster_studio_xe2019/compilers_and_libraries_2019.4.243/linux/compiler/lib/intel64_lin/for_main.o" "-L/appl/spack/install-tree/intel-19.0.4/boost-1.68.0-f7wza3/lib" "-L/appl/opt/cluster_studio_xe2019/compilers_and_libraries_2019.4.243/linux/tbb/lib/intel64_lin/gcc4.7" "-L/appl/opt/cluster_studio_xe2019/compilers_and_libraries_2019.4.243/linux/compiler/lib/intel64_lin" "-L/appl/opt/cluster_studio_xe2019/compilers_and_libraries_2019.4.243/linux/mkl/lib/intel64_lin" "-L/appl/spack/install-tree/intel-19.0.4/hpcx-mpi-2.4.0-keuon4/lib" "-L/appl/opt/cluster_studio_xe2019/compilers_and_libraries_2019.4.243/linux/ipp/lib/intel64" "-L/appl/opt/cluster_studio_xe2019/compilers_and_libraries_2019.4.243/linux/tbb/lib/intel64/gcc4.7" "-L/appl/opt/cluster_studio_xe2019/compilers_and_libraries_2019.4.243/linux/daal/lib/intel64_lin" "-L/appl/opt/cluster_studio_xe2019/compilers_and_libraries_2019.4.243/linux/daal/../tbb/lib/intel64_lin/gcc4.4" "-L/appl/opt/cluster_studio_xe2019/compilers_and_libraries_2019.4.243/linux/compiler/lib/intel64_lin" "-L/appl/spack/install-tree/gcc-4.8.5/gcc-8.3.0-qzmzn5/lib/gcc/x86_64-pc-linux-gnu/8.3.0/" "-L/appl/spack/install-tree/gcc-4.8.5/gcc-8.3.0-qzmzn5/lib/gcc/x86_64-pc-linux-gnu/8.3.0/../../../../lib64" "-L/appl/spack/install-tree/gcc-4.8.5/gcc-8.3.0-qzmzn5/lib/gcc/x86_64-pc-linux-gnu/8.3.0/../../../../lib64/" "-L/lib/../lib64" "-L/lib/../lib64/" "-L/usr/lib/../lib64" "-L/usr/lib/../lib64/" "-L/appl/spack/install-tree/intel-19.0.4/boost-1.68.0-f7wza3/lib/" "-L/appl/opt/cluster_studio_xe2019/compilers_and_libraries_2019.4.243/linux/tbb/lib/intel64_lin/gcc4.7/" "-L/appl/opt/cluster_studio_xe2019/compilers_and_libraries_2019.4.243/linux/compiler/lib/intel64_lin/" "-L/appl/opt/cluster_studio_xe2019/compilers_and_libraries_2019.4.243/linux/mkl/lib/intel64_lin/" "-L/appl/spack/install-tree/intel-19.0.4/hpcx-mpi-2.4.0-keuon4/lib/" "-L/appl/opt/cluster_studio_xe2019/compilers_and_libraries_2019.4.243/linux/ipp/lib/intel64/" "-L/appl/opt/cluster_studio_xe2019/compilers_and_libraries_2019.4.243/linux/tbb/lib/intel64/gcc4.7/" "-L/appl/opt/cluster_studio_xe2019/compilers_and_libraries_2019.4.243/linux/daal/lib/intel64_lin/" "-L/appl/opt/cluster_studio_xe2019/compilers_and_libraries_2019.4.243/linux/daal/../tbb/lib/intel64_lin/gcc4.4/" "-L/appl/spack/install-tree/gcc-4.8.5/gcc-8.3.0-qzmzn5/lib/gcc/x86_64-pc-linux-gnu/8.3.0/../../../" "-L/lib64" "-L/lib/" "-L/usr/lib64" "-L/usr/lib" "-rpath=/appl/spack/install-tree/gcc-4.8.5/gcc-8.3.0-qzmzn5/lib64" "CMakeFiles/cmTC_cb361.dir/CMakeFortranCompilerABI.F.o" "-Bdynamic" "-Bstatic" "-lifport" "-lifcoremt" "-limf" "-lsvml" "-Bdynamic" "-lm" "-Bstatic" "-lipgo" "-lirc" "-Bdynamic" "-lpthread" "-Bstatic" "-lsvml" "-Bdynamic" "-lc" "-lgcc" "-lgcc_s" "-Bstatic" "-lirc_s" "-Bdynamic" "-ldl" "-lc" "/appl/spack/install-tree/gcc-4.8.5/gcc-8.3.0-qzmzn5/lib/gcc/x86_64-pc-linux-gnu/8.3.0/crtend.o" "/lib/../lib64/crtn.o"" -mIPOPT_il_in_obj -mIPOPT_ipo_activate_warn=FALSE -mIPOPT_obj_output_file_name=/local_scratch/apentti/ipo_ifortodO3wg.o -mIPOPT_whole_archive_fixup_file_name=/local_scratch/apentti/ifortwarchMPoz51 -mGLOB_linker_version=2.31.1 -mGLOB_linker=/appl/spack/install-tree/gcc-4.8.5/binutils-2.31.1-xbslr3/bin/ld -mGLOB_driver_tempfile_name=/local_scratch/apentti/iforttempfile9dvlRB -mP3OPT_asm_target=P3OPT_ASM_TARGET_GAS -mGLOB_async_unwind_tables=TRUE -mGLOB_obj_output_file=/local_scratch/apentti/ipo_ifortodO3wg.o -mGLOB_source_dialect=GLOB_SOURCE_DIALECT_NONE -mP1OPT_source_file_name=ipo_out.f -mP2OPT_symtab_type_copy=true CMakeFiles/cmTC_cb361.dir/CMakeFortranCompilerABI.F.o -mIPOPT_object_files=T -mIPOPT_assembly_files=/local_scratch/apentti/ifortalisyjOw2p -mIPOPT_generated_tempfiles=/local_scratch/apentti/ifortelisRvTgNZ -mIPOPT_embedded_object_base_name=/local_scratch/apentti/iforteobjWsc1xz -mIPOPT_cmdline_link_new_name=/local_scratch/apentti/ifortlliszqsLi9
/appl/spack/install-tree/gcc-4.8.5/binutils-2.31.1-xbslr3/bin/ld    /lib/../lib64/crt1.o /lib/../lib64/crti.o /appl/spack/install-tree/gcc-4.8.5/gcc-8.3.0-qzmzn5/lib/gcc/x86_64-pc-linux-gnu/8.3.0/crtbegin.o --eh-frame-hdr --build-id -dynamic-linker /lib64/ld-linux-x86-64.so.2 -m elf_x86_64 -o cmTC_cb361 /appl/opt/cluster_studio_xe2019/compilers_and_libraries_2019.4.243/linux/compiler/lib/intel64_lin/for_main.o -L/appl/spack/install-tree/intel-19.0.4/boost-1.68.0-f7wza3/lib -L/appl/opt/cluster_studio_xe2019/compilers_and_libraries_2019.4.243/linux/tbb/lib/intel64_lin/gcc4.7 -L/appl/opt/cluster_studio_xe2019/compilers_and_libraries_2019.4.243/linux/compiler/lib/intel64_lin -L/appl/opt/cluster_studio_xe2019/compilers_and_libraries_2019.4.243/linux/mkl/lib/intel64_lin -L/appl/spack/install-tree/intel-19.0.4/hpcx-mpi-2.4.0-keuon4/lib -L/appl/opt/cluster_studio_xe2019/compilers_and_libraries_2019.4.243/linux/ipp/lib/intel64 -L/appl/opt/cluster_studio_xe2019/compilers_and_libraries_2019.4.243/linux/tbb/lib/intel64/gcc4.7 -L/appl/opt/cluster_studio_xe2019/compilers_and_libraries_2019.4.243/linux/daal/lib/intel64_lin -L/appl/opt/cluster_studio_xe2019/compilers_and_libraries_2019.4.243/linux/daal/../tbb/lib/intel64_lin/gcc4.4 -L/appl/opt/cluster_studio_xe2019/compilers_and_libraries_2019.4.243/linux/compiler/lib/intel64_lin -L/appl/spack/install-tree/gcc-4.8.5/gcc-8.3.0-qzmzn5/lib/gcc/x86_64-pc-linux-gnu/8.3.0/ -L/appl/spack/install-tree/gcc-4.8.5/gcc-8.3.0-qzmzn5/lib/gcc/x86_64-pc-linux-gnu/8.3.0/../../../../lib64 -L/appl/spack/install-tree/gcc-4.8.5/gcc-8.3.0-qzmzn5/lib/gcc/x86_64-pc-linux-gnu/8.3.0/../../../../lib64/ -L/lib/../lib64 -L/lib/../lib64/ -L/usr/lib/../lib64 -L/usr/lib/../lib64/ -L/appl/spack/install-tree/intel-19.0.4/boost-1.68.0-f7wza3/lib/ -L/appl/opt/cluster_studio_xe2019/compilers_and_libraries_2019.4.243/linux/tbb/lib/intel64_lin/gcc4.7/ -L/appl/opt/cluster_studio_xe2019/compilers_and_libraries_2019.4.243/linux/compiler/lib/intel64_lin/ -L/appl/opt/cluster_studio_xe2019/compilers_and_libraries_2019.4.243/linux/mkl/lib/intel64_lin/ -L/appl/spack/install-tree/intel-19.0.4/hpcx-mpi-2.4.0-keuon4/lib/ -L/appl/opt/cluster_studio_xe2019/compilers_and_libraries_2019.4.243/linux/ipp/lib/intel64/ -L/appl/opt/cluster_studio_xe2019/compilers_and_libraries_2019.4.243/linux/tbb/lib/intel64/gcc4.7/ -L/appl/opt/cluster_studio_xe2019/compilers_and_libraries_2019.4.243/linux/daal/lib/intel64_lin/ -L/appl/opt/cluster_studio_xe2019/compilers_and_libraries_2019.4.243/linux/daal/../tbb/lib/intel64_lin/gcc4.4/ -L/appl/spack/install-tree/gcc-4.8.5/gcc-8.3.0-qzmzn5/lib/gcc/x86_64-pc-linux-gnu/8.3.0/../../../ -L/lib64 -L/lib/ -L/usr/lib64 -L/usr/lib -rpath=/appl/spack/install-tree/gcc-4.8.5/gcc-8.3.0-qzmzn5/lib64 CMakeFiles/cmTC_cb361.dir/CMakeFortranCompilerABI.F.o -Bdynamic -Bstatic -lifport -lifcoremt -limf -lsvml -Bdynamic -lm -Bstatic -lipgo -lirc -Bdynamic -lpthread -Bstatic -lsvml -Bdynamic -lc -lgcc -lgcc_s -Bstatic -lirc_s -Bdynamic -ldl -lc /appl/spack/install-tree/gcc-4.8.5/gcc-8.3.0-qzmzn5/lib/gcc/x86_64-pc-linux-gnu/8.3.0/crtend.o /lib/../lib64/crtn.o
gmake[1]: Leaving directory `/projappl/plasyre/Github/siris4-framework/multi-particle/CMakeFiles/CMakeTmp'


Parsed Fortran implicit link information from above output:
  link line regex: [^( *|.*[/\])(ld|CMAKE_LINK_STARTFILE-NOTFOUND|([^/\]+-)?ld|collect2)[^/\]*( |$)]
  ignore line: [Change Dir: /projappl/plasyre/Github/siris4-framework/multi-particle/CMakeFiles/CMakeTmp]
  ignore line: []
  ignore line: [Run Build Command:"/usr/bin/gmake" "cmTC_cb361/fast"]
  ignore line: [/usr/bin/gmake -f CMakeFiles/cmTC_cb361.dir/build.make CMakeFiles/cmTC_cb361.dir/build]
  ignore line: [gmake[1]: Entering directory `/projappl/plasyre/Github/siris4-framework/multi-particle/CMakeFiles/CMakeTmp']
  ignore line: [Building Fortran object CMakeFiles/cmTC_cb361.dir/CMakeFortranCompilerABI.F.o]
  ignore line: [/appl/opt/cluster_studio_xe2019/compilers_and_libraries_2019.4.243/linux/bin/intel64/ifort    -c /appl/spack/install-tree/gcc-4.8.5/cmake-3.12.3-bmoi4r/share/cmake-3.12/Modules/CMakeFortranCompilerABI.F -o CMakeFiles/cmTC_cb361.dir/CMakeFortranCompilerABI.F.o]
  ignore line: [Linking Fortran executable cmTC_cb361]
  ignore line: [/appl/spack/install-tree/gcc-4.8.5/cmake-3.12.3-bmoi4r/bin/cmake -E cmake_link_script CMakeFiles/cmTC_cb361.dir/link.txt --verbose=1]
  ignore line: [/appl/opt/cluster_studio_xe2019/compilers_and_libraries_2019.4.243/linux/bin/intel64/ifort   -v   CMakeFiles/cmTC_cb361.dir/CMakeFortranCompilerABI.F.o  -o cmTC_cb361 ]
  ignore line: [ifort version 19.0.4.243]
  ignore line: [/appl/opt/cluster_studio_xe2019/compilers_and_libraries_2019.4.243/linux/bin/intel64/fortcom    -mGLOB_em64t=TRUE -mP1OPT_version=19.0-intel64 -mGLOB_diag_file=CMakeFiles/cmTC_cb361.dir/CMakeFortranCompilerABI.F.diag -mGLOB_long_size_64 -mGLOB_routine_pointer_size_64 -mGLOB_source_language=GLOB_SOURCE_LANGUAGE_F90 -mP2OPT_static_promotion -mP1OPT_print_version=FALSE -mCG_use_gas_got_workaround=F -mP2OPT_align_option_used=TRUE -mGLOB_gcc_version=830 "-mGLOB_options_string=-gnu-prefix=/appl/spack/install-tree/gcc-4.8.5/gcc-8.3.0-qzmzn5/bin/ -Xlinker -rpath=/appl/spack/install-tree/gcc-4.8.5/gcc-8.3.0-qzmzn5/lib64 -v -o cmTC_cb361" -mGLOB_cxx_limited_range=FALSE -mCG_extend_parms=FALSE -mGLOB_compiler_bin_directory=/appl/opt/cluster_studio_xe2019/compilers_and_libraries_2019.4.243/linux/bin/intel64 -mGLOB_as_output_backup_file_name=/local_scratch/apentti/ifortGxc2ySas_.s -mGLOB_dashboard_use_source_name -mIPOPT_activate -mGLOB_product_id_code=0x22006d91 -mP3OPT_use_mspp_call_convention -mP2OPT_subs_out_of_bound=FALSE -mP2OPT_disam_type_based_disam=2 -mGLOB_ansi_alias -mPGOPTI_value_profile_use=T -mGLOB_opt_report_use_source_name -mGLOB_offload_mode=1 -mP2OPT_offload_unique_var_string=ifort0873441230xt7fO4 -mP2OPT_hlo -mP2OPT_hpo_rtt_control=0 -mIPOPT_args_in_regs=0 -mP2OPT_disam_assume_nonstd_intent_in=FALSE -mGLOB_imf_mapping_library=/appl/opt/cluster_studio_xe2019/compilers_and_libraries_2019.4.243/linux/bin/intel64/libiml_attr.so -mPGOPTI_gen_threadsafe_level=0 -mIPOPT_link -mIPOPT_ipo_activate -mIPOPT_mo_activate -mIPOPT_source_files_list=/local_scratch/apentti/ifortslis66Vv3I -mIPOPT_mo_global_data -mIPOPT_link_script_file=/local_scratch/apentti/ifortscriptpsMgOi "-mIPOPT_cmdline_link="/lib/../lib64/crt1.o" "/lib/../lib64/crti.o" "/appl/spack/install-tree/gcc-4.8.5/gcc-8.3.0-qzmzn5/lib/gcc/x86_64-pc-linux-gnu/8.3.0/crtbegin.o" "--eh-frame-hdr" "--build-id" "-dynamic-linker" "/lib64/ld-linux-x86-64.so.2" "-m" "elf_x86_64" "-o" "cmTC_cb361" "/appl/opt/cluster_studio_xe2019/compilers_and_libraries_2019.4.243/linux/compiler/lib/intel64_lin/for_main.o" "-L/appl/spack/install-tree/intel-19.0.4/boost-1.68.0-f7wza3/lib" "-L/appl/opt/cluster_studio_xe2019/compilers_and_libraries_2019.4.243/linux/tbb/lib/intel64_lin/gcc4.7" "-L/appl/opt/cluster_studio_xe2019/compilers_and_libraries_2019.4.243/linux/compiler/lib/intel64_lin" "-L/appl/opt/cluster_studio_xe2019/compilers_and_libraries_2019.4.243/linux/mkl/lib/intel64_lin" "-L/appl/spack/install-tree/intel-19.0.4/hpcx-mpi-2.4.0-keuon4/lib" "-L/appl/opt/cluster_studio_xe2019/compilers_and_libraries_2019.4.243/linux/ipp/lib/intel64" "-L/appl/opt/cluster_studio_xe2019/compilers_and_libraries_2019.4.243/linux/tbb/lib/intel64/gcc4.7" "-L/appl/opt/cluster_studio_xe2019/compilers_and_libraries_2019.4.243/linux/daal/lib/intel64_lin" "-L/appl/opt/cluster_studio_xe2019/compilers_and_libraries_2019.4.243/linux/daal/../tbb/lib/intel64_lin/gcc4.4" "-L/appl/opt/cluster_studio_xe2019/compilers_and_libraries_2019.4.243/linux/compiler/lib/intel64_lin" "-L/appl/spack/install-tree/gcc-4.8.5/gcc-8.3.0-qzmzn5/lib/gcc/x86_64-pc-linux-gnu/8.3.0/" "-L/appl/spack/install-tree/gcc-4.8.5/gcc-8.3.0-qzmzn5/lib/gcc/x86_64-pc-linux-gnu/8.3.0/../../../../lib64" "-L/appl/spack/install-tree/gcc-4.8.5/gcc-8.3.0-qzmzn5/lib/gcc/x86_64-pc-linux-gnu/8.3.0/../../../../lib64/" "-L/lib/../lib64" "-L/lib/../lib64/" "-L/usr/lib/../lib64" "-L/usr/lib/../lib64/" "-L/appl/spack/install-tree/intel-19.0.4/boost-1.68.0-f7wza3/lib/" "-L/appl/opt/cluster_studio_xe2019/compilers_and_libraries_2019.4.243/linux/tbb/lib/intel64_lin/gcc4.7/" "-L/appl/opt/cluster_studio_xe2019/compilers_and_libraries_2019.4.243/linux/compiler/lib/intel64_lin/" "-L/appl/opt/cluster_studio_xe2019/compilers_and_libraries_2019.4.243/linux/mkl/lib/intel64_lin/" "-L/appl/spack/install-tree/intel-19.0.4/hpcx-mpi-2.4.0-keuon4/lib/" "-L/appl/opt/cluster_studio_xe2019/compilers_and_libraries_2019.4.243/linux/ipp/lib/intel64/" "-L/appl/opt/cluster_studio_xe2019/compilers_and_libraries_2019.4.243/linux/tbb/lib/intel64/gcc4.7/" "-L/appl/opt/cluster_studio_xe2019/compilers_and_libraries_2019.4.243/linux/daal/lib/intel64_lin/" "-L/appl/opt/cluster_studio_xe2019/compilers_and_libraries_2019.4.243/linux/daal/../tbb/lib/intel64_lin/gcc4.4/" "-L/appl/spack/install-tree/gcc-4.8.5/gcc-8.3.0-qzmzn5/lib/gcc/x86_64-pc-linux-gnu/8.3.0/../../../" "-L/lib64" "-L/lib/" "-L/usr/lib64" "-L/usr/lib" "-rpath=/appl/spack/install-tree/gcc-4.8.5/gcc-8.3.0-qzmzn5/lib64" "CMakeFiles/cmTC_cb361.dir/CMakeFortranCompilerABI.F.o" "-Bdynamic" "-Bstatic" "-lifport" "-lifcoremt" "-limf" "-lsvml" "-Bdynamic" "-lm" "-Bstatic" "-lipgo" "-lirc" "-Bdynamic" "-lpthread" "-Bstatic" "-lsvml" "-Bdynamic" "-lc" "-lgcc" "-lgcc_s" "-Bstatic" "-lirc_s" "-Bdynamic" "-ldl" "-lc" "/appl/spack/install-tree/gcc-4.8.5/gcc-8.3.0-qzmzn5/lib/gcc/x86_64-pc-linux-gnu/8.3.0/crtend.o" "/lib/../lib64/crtn.o"" -mIPOPT_il_in_obj -mIPOPT_ipo_activate_warn=FALSE -mIPOPT_obj_output_file_name=/local_scratch/apentti/ipo_ifortodO3wg.o -mIPOPT_whole_archive_fixup_file_name=/local_scratch/apentti/ifortwarchMPoz51 -mGLOB_linker_version=2.31.1 -mGLOB_linker=/appl/spack/install-tree/gcc-4.8.5/binutils-2.31.1-xbslr3/bin/ld -mGLOB_driver_tempfile_name=/local_scratch/apentti/iforttempfile9dvlRB -mP3OPT_asm_target=P3OPT_ASM_TARGET_GAS -mGLOB_async_unwind_tables=TRUE -mGLOB_obj_output_file=/local_scratch/apentti/ipo_ifortodO3wg.o -mGLOB_source_dialect=GLOB_SOURCE_DIALECT_NONE -mP1OPT_source_file_name=ipo_out.f -mP2OPT_symtab_type_copy=true CMakeFiles/cmTC_cb361.dir/CMakeFortranCompilerABI.F.o -mIPOPT_object_files=T -mIPOPT_assembly_files=/local_scratch/apentti/ifortalisyjOw2p -mIPOPT_generated_tempfiles=/local_scratch/apentti/ifortelisRvTgNZ -mIPOPT_embedded_object_base_name=/local_scratch/apentti/iforteobjWsc1xz -mIPOPT_cmdline_link_new_name=/local_scratch/apentti/ifortlliszqsLi9]
  link line: [/appl/spack/install-tree/gcc-4.8.5/binutils-2.31.1-xbslr3/bin/ld    /lib/../lib64/crt1.o /lib/../lib64/crti.o /appl/spack/install-tree/gcc-4.8.5/gcc-8.3.0-qzmzn5/lib/gcc/x86_64-pc-linux-gnu/8.3.0/crtbegin.o --eh-frame-hdr --build-id -dynamic-linker /lib64/ld-linux-x86-64.so.2 -m elf_x86_64 -o cmTC_cb361 /appl/opt/cluster_studio_xe2019/compilers_and_libraries_2019.4.243/linux/compiler/lib/intel64_lin/for_main.o -L/appl/spack/install-tree/intel-19.0.4/boost-1.68.0-f7wza3/lib -L/appl/opt/cluster_studio_xe2019/compilers_and_libraries_2019.4.243/linux/tbb/lib/intel64_lin/gcc4.7 -L/appl/opt/cluster_studio_xe2019/compilers_and_libraries_2019.4.243/linux/compiler/lib/intel64_lin -L/appl/opt/cluster_studio_xe2019/compilers_and_libraries_2019.4.243/linux/mkl/lib/intel64_lin -L/appl/spack/install-tree/intel-19.0.4/hpcx-mpi-2.4.0-keuon4/lib -L/appl/opt/cluster_studio_xe2019/compilers_and_libraries_2019.4.243/linux/ipp/lib/intel64 -L/appl/opt/cluster_studio_xe2019/compilers_and_libraries_2019.4.243/linux/tbb/lib/intel64/gcc4.7 -L/appl/opt/cluster_studio_xe2019/compilers_and_libraries_2019.4.243/linux/daal/lib/intel64_lin -L/appl/opt/cluster_studio_xe2019/compilers_and_libraries_2019.4.243/linux/daal/../tbb/lib/intel64_lin/gcc4.4 -L/appl/opt/cluster_studio_xe2019/compilers_and_libraries_2019.4.243/linux/compiler/lib/intel64_lin -L/appl/spack/install-tree/gcc-4.8.5/gcc-8.3.0-qzmzn5/lib/gcc/x86_64-pc-linux-gnu/8.3.0/ -L/appl/spack/install-tree/gcc-4.8.5/gcc-8.3.0-qzmzn5/lib/gcc/x86_64-pc-linux-gnu/8.3.0/../../../../lib64 -L/appl/spack/install-tree/gcc-4.8.5/gcc-8.3.0-qzmzn5/lib/gcc/x86_64-pc-linux-gnu/8.3.0/../../../../lib64/ -L/lib/../lib64 -L/lib/../lib64/ -L/usr/lib/../lib64 -L/usr/lib/../lib64/ -L/appl/spack/install-tree/intel-19.0.4/boost-1.68.0-f7wza3/lib/ -L/appl/opt/cluster_studio_xe2019/compilers_and_libraries_2019.4.243/linux/tbb/lib/intel64_lin/gcc4.7/ -L/appl/opt/cluster_studio_xe2019/compilers_and_libraries_2019.4.243/linux/compiler/lib/intel64_lin/ -L/appl/opt/cluster_studio_xe2019/compilers_and_libraries_2019.4.243/linux/mkl/lib/intel64_lin/ -L/appl/spack/install-tree/intel-19.0.4/hpcx-mpi-2.4.0-keuon4/lib/ -L/appl/opt/cluster_studio_xe2019/compilers_and_libraries_2019.4.243/linux/ipp/lib/intel64/ -L/appl/opt/cluster_studio_xe2019/compilers_and_libraries_2019.4.243/linux/tbb/lib/intel64/gcc4.7/ -L/appl/opt/cluster_studio_xe2019/compilers_and_libraries_2019.4.243/linux/daal/lib/intel64_lin/ -L/appl/opt/cluster_studio_xe2019/compilers_and_libraries_2019.4.243/linux/daal/../tbb/lib/intel64_lin/gcc4.4/ -L/appl/spack/install-tree/gcc-4.8.5/gcc-8.3.0-qzmzn5/lib/gcc/x86_64-pc-linux-gnu/8.3.0/../../../ -L/lib64 -L/lib/ -L/usr/lib64 -L/usr/lib -rpath=/appl/spack/install-tree/gcc-4.8.5/gcc-8.3.0-qzmzn5/lib64 CMakeFiles/cmTC_cb361.dir/CMakeFortranCompilerABI.F.o -Bdynamic -Bstatic -lifport -lifcoremt -limf -lsvml -Bdynamic -lm -Bstatic -lipgo -lirc -Bdynamic -lpthread -Bstatic -lsvml -Bdynamic -lc -lgcc -lgcc_s -Bstatic -lirc_s -Bdynamic -ldl -lc /appl/spack/install-tree/gcc-4.8.5/gcc-8.3.0-qzmzn5/lib/gcc/x86_64-pc-linux-gnu/8.3.0/crtend.o /lib/../lib64/crtn.o]
    arg [/appl/spack/install-tree/gcc-4.8.5/binutils-2.31.1-xbslr3/bin/ld] ==> ignore
    arg [/lib/../lib64/crt1.o] ==> ignore
    arg [/lib/../lib64/crti.o] ==> ignore
    arg [/appl/spack/install-tree/gcc-4.8.5/gcc-8.3.0-qzmzn5/lib/gcc/x86_64-pc-linux-gnu/8.3.0/crtbegin.o] ==> ignore
    arg [--eh-frame-hdr] ==> ignore
    arg [--build-id] ==> ignore
    arg [-dynamic-linker] ==> ignore
    arg [/lib64/ld-linux-x86-64.so.2] ==> ignore
    arg [-m] ==> ignore
    arg [elf_x86_64] ==> ignore
    arg [-o] ==> ignore
    arg [cmTC_cb361] ==> ignore
    arg [/appl/opt/cluster_studio_xe2019/compilers_and_libraries_2019.4.243/linux/compiler/lib/intel64_lin/for_main.o] ==> ignore
    arg [-L/appl/spack/install-tree/intel-19.0.4/boost-1.68.0-f7wza3/lib] ==> dir [/appl/spack/install-tree/intel-19.0.4/boost-1.68.0-f7wza3/lib]
    arg [-L/appl/opt/cluster_studio_xe2019/compilers_and_libraries_2019.4.243/linux/tbb/lib/intel64_lin/gcc4.7] ==> dir [/appl/opt/cluster_studio_xe2019/compilers_and_libraries_2019.4.243/linux/tbb/lib/intel64_lin/gcc4.7]
    arg [-L/appl/opt/cluster_studio_xe2019/compilers_and_libraries_2019.4.243/linux/compiler/lib/intel64_lin] ==> dir [/appl/opt/cluster_studio_xe2019/compilers_and_libraries_2019.4.243/linux/compiler/lib/intel64_lin]
    arg [-L/appl/opt/cluster_studio_xe2019/compilers_and_libraries_2019.4.243/linux/mkl/lib/intel64_lin] ==> dir [/appl/opt/cluster_studio_xe2019/compilers_and_libraries_2019.4.243/linux/mkl/lib/intel64_lin]
    arg [-L/appl/spack/install-tree/intel-19.0.4/hpcx-mpi-2.4.0-keuon4/lib] ==> dir [/appl/spack/install-tree/intel-19.0.4/hpcx-mpi-2.4.0-keuon4/lib]
    arg [-L/appl/opt/cluster_studio_xe2019/compilers_and_libraries_2019.4.243/linux/ipp/lib/intel64] ==> dir [/appl/opt/cluster_studio_xe2019/compilers_and_libraries_2019.4.243/linux/ipp/lib/intel64]
    arg [-L/appl/opt/cluster_studio_xe2019/compilers_and_libraries_2019.4.243/linux/tbb/lib/intel64/gcc4.7] ==> dir [/appl/opt/cluster_studio_xe2019/compilers_and_libraries_2019.4.243/linux/tbb/lib/intel64/gcc4.7]
    arg [-L/appl/opt/cluster_studio_xe2019/compilers_and_libraries_2019.4.243/linux/daal/lib/intel64_lin] ==> dir [/appl/opt/cluster_studio_xe2019/compilers_and_libraries_2019.4.243/linux/daal/lib/intel64_lin]
    arg [-L/appl/opt/cluster_studio_xe2019/compilers_and_libraries_2019.4.243/linux/daal/../tbb/lib/intel64_lin/gcc4.4] ==> dir [/appl/opt/cluster_studio_xe2019/compilers_and_libraries_2019.4.243/linux/daal/../tbb/lib/intel64_lin/gcc4.4]
    arg [-L/appl/opt/cluster_studio_xe2019/compilers_and_libraries_2019.4.243/linux/compiler/lib/intel64_lin] ==> dir [/appl/opt/cluster_studio_xe2019/compilers_and_libraries_2019.4.243/linux/compiler/lib/intel64_lin]
    arg [-L/appl/spack/install-tree/gcc-4.8.5/gcc-8.3.0-qzmzn5/lib/gcc/x86_64-pc-linux-gnu/8.3.0/] ==> dir [/appl/spack/install-tree/gcc-4.8.5/gcc-8.3.0-qzmzn5/lib/gcc/x86_64-pc-linux-gnu/8.3.0/]
    arg [-L/appl/spack/install-tree/gcc-4.8.5/gcc-8.3.0-qzmzn5/lib/gcc/x86_64-pc-linux-gnu/8.3.0/../../../../lib64] ==> dir [/appl/spack/install-tree/gcc-4.8.5/gcc-8.3.0-qzmzn5/lib/gcc/x86_64-pc-linux-gnu/8.3.0/../../../../lib64]
    arg [-L/appl/spack/install-tree/gcc-4.8.5/gcc-8.3.0-qzmzn5/lib/gcc/x86_64-pc-linux-gnu/8.3.0/../../../../lib64/] ==> dir [/appl/spack/install-tree/gcc-4.8.5/gcc-8.3.0-qzmzn5/lib/gcc/x86_64-pc-linux-gnu/8.3.0/../../../../lib64/]
    arg [-L/lib/../lib64] ==> dir [/lib/../lib64]
    arg [-L/lib/../lib64/] ==> dir [/lib/../lib64/]
    arg [-L/usr/lib/../lib64] ==> dir [/usr/lib/../lib64]
    arg [-L/usr/lib/../lib64/] ==> dir [/usr/lib/../lib64/]
    arg [-L/appl/spack/install-tree/intel-19.0.4/boost-1.68.0-f7wza3/lib/] ==> dir [/appl/spack/install-tree/intel-19.0.4/boost-1.68.0-f7wza3/lib/]
    arg [-L/appl/opt/cluster_studio_xe2019/compilers_and_libraries_2019.4.243/linux/tbb/lib/intel64_lin/gcc4.7/] ==> dir [/appl/opt/cluster_studio_xe2019/compilers_and_libraries_2019.4.243/linux/tbb/lib/intel64_lin/gcc4.7/]
    arg [-L/appl/opt/cluster_studio_xe2019/compilers_and_libraries_2019.4.243/linux/compiler/lib/intel64_lin/] ==> dir [/appl/opt/cluster_studio_xe2019/compilers_and_libraries_2019.4.243/linux/compiler/lib/intel64_lin/]
    arg [-L/appl/opt/cluster_studio_xe2019/compilers_and_libraries_2019.4.243/linux/mkl/lib/intel64_lin/] ==> dir [/appl/opt/cluster_studio_xe2019/compilers_and_libraries_2019.4.243/linux/mkl/lib/intel64_lin/]
    arg [-L/appl/spack/install-tree/intel-19.0.4/hpcx-mpi-2.4.0-keuon4/lib/] ==> dir [/appl/spack/install-tree/intel-19.0.4/hpcx-mpi-2.4.0-keuon4/lib/]
    arg [-L/appl/opt/cluster_studio_xe2019/compilers_and_libraries_2019.4.243/linux/ipp/lib/intel64/] ==> dir [/appl/opt/cluster_studio_xe2019/compilers_and_libraries_2019.4.243/linux/ipp/lib/intel64/]
    arg [-L/appl/opt/cluster_studio_xe2019/compilers_and_libraries_2019.4.243/linux/tbb/lib/intel64/gcc4.7/] ==> dir [/appl/opt/cluster_studio_xe2019/compilers_and_libraries_2019.4.243/linux/tbb/lib/intel64/gcc4.7/]
    arg [-L/appl/opt/cluster_studio_xe2019/compilers_and_libraries_2019.4.243/linux/daal/lib/intel64_lin/] ==> dir [/appl/opt/cluster_studio_xe2019/compilers_and_libraries_2019.4.243/linux/daal/lib/intel64_lin/]
    arg [-L/appl/opt/cluster_studio_xe2019/compilers_and_libraries_2019.4.243/linux/daal/../tbb/lib/intel64_lin/gcc4.4/] ==> dir [/appl/opt/cluster_studio_xe2019/compilers_and_libraries_2019.4.243/linux/daal/../tbb/lib/intel64_lin/gcc4.4/]
    arg [-L/appl/spack/install-tree/gcc-4.8.5/gcc-8.3.0-qzmzn5/lib/gcc/x86_64-pc-linux-gnu/8.3.0/../../../] ==> dir [/appl/spack/install-tree/gcc-4.8.5/gcc-8.3.0-qzmzn5/lib/gcc/x86_64-pc-linux-gnu/8.3.0/../../../]
    arg [-L/lib64] ==> dir [/lib64]
    arg [-L/lib/] ==> dir [/lib/]
    arg [-L/usr/lib64] ==> dir [/usr/lib64]
    arg [-L/usr/lib] ==> dir [/usr/lib]
    arg [-rpath=/appl/spack/install-tree/gcc-4.8.5/gcc-8.3.0-qzmzn5/lib64] ==> ignore
    arg [CMakeFiles/cmTC_cb361.dir/CMakeFortranCompilerABI.F.o] ==> ignore
    arg [-Bdynamic] ==> ignore
    arg [-Bstatic] ==> ignore
    arg [-lifport] ==> lib [ifport]
    arg [-lifcoremt] ==> lib [ifcoremt]
    arg [-limf] ==> lib [imf]
    arg [-lsvml] ==> lib [svml]
    arg [-Bdynamic] ==> ignore
    arg [-lm] ==> lib [m]
    arg [-Bstatic] ==> ignore
    arg [-lipgo] ==> lib [ipgo]
    arg [-lirc] ==> lib [irc]
    arg [-Bdynamic] ==> ignore
    arg [-lpthread] ==> lib [pthread]
    arg [-Bstatic] ==> ignore
    arg [-lsvml] ==> lib [svml]
    arg [-Bdynamic] ==> ignore
    arg [-lc] ==> lib [c]
    arg [-lgcc] ==> lib [gcc]
    arg [-lgcc_s] ==> lib [gcc_s]
    arg [-Bstatic] ==> ignore
    arg [-lirc_s] ==> lib [irc_s]
    arg [-Bdynamic] ==> ignore
    arg [-ldl] ==> lib [dl]
    arg [-lc] ==> lib [c]
    arg [/appl/spack/install-tree/gcc-4.8.5/gcc-8.3.0-qzmzn5/lib/gcc/x86_64-pc-linux-gnu/8.3.0/crtend.o] ==> ignore
    arg [/lib/../lib64/crtn.o] ==> ignore
  collapse library dir [/appl/spack/install-tree/intel-19.0.4/boost-1.68.0-f7wza3/lib] ==> [/appl/spack/install-tree/intel-19.0.4/boost-1.68.0-f7wza3/lib]
  collapse library dir [/appl/opt/cluster_studio_xe2019/compilers_and_libraries_2019.4.243/linux/tbb/lib/intel64_lin/gcc4.7] ==> [/appl/opt/cluster_studio_xe2019/compilers_and_libraries_2019.4.243/linux/tbb/lib/intel64_lin/gcc4.7]
  collapse library dir [/appl/opt/cluster_studio_xe2019/compilers_and_libraries_2019.4.243/linux/compiler/lib/intel64_lin] ==> [/appl/opt/cluster_studio_xe2019/compilers_and_libraries_2019.4.243/linux/compiler/lib/intel64_lin]
  collapse library dir [/appl/opt/cluster_studio_xe2019/compilers_and_libraries_2019.4.243/linux/mkl/lib/intel64_lin] ==> [/appl/opt/cluster_studio_xe2019/compilers_and_libraries_2019.4.243/linux/mkl/lib/intel64_lin]
  collapse library dir [/appl/spack/install-tree/intel-19.0.4/hpcx-mpi-2.4.0-keuon4/lib] ==> [/appl/spack/install-tree/intel-19.0.4/hpcx-mpi-2.4.0-keuon4/lib]
  collapse library dir [/appl/opt/cluster_studio_xe2019/compilers_and_libraries_2019.4.243/linux/ipp/lib/intel64] ==> [/appl/opt/cluster_studio_xe2019/compilers_and_libraries_2019.4.243/linux/ipp/lib/intel64]
  collapse library dir [/appl/opt/cluster_studio_xe2019/compilers_and_libraries_2019.4.243/linux/tbb/lib/intel64/gcc4.7] ==> [/appl/opt/cluster_studio_xe2019/compilers_and_libraries_2019.4.243/linux/tbb/lib/intel64/gcc4.7]
  collapse library dir [/appl/opt/cluster_studio_xe2019/compilers_and_libraries_2019.4.243/linux/daal/lib/intel64_lin] ==> [/appl/opt/cluster_studio_xe2019/compilers_and_libraries_2019.4.243/linux/daal/lib/intel64_lin]
  collapse library dir [/appl/opt/cluster_studio_xe2019/compilers_and_libraries_2019.4.243/linux/daal/../tbb/lib/intel64_lin/gcc4.4] ==> [/appl/opt/cluster_studio_xe2019/compilers_and_libraries_2019.4.243/linux/tbb/lib/intel64_lin/gcc4.4]
  collapse library dir [/appl/opt/cluster_studio_xe2019/compilers_and_libraries_2019.4.243/linux/compiler/lib/intel64_lin] ==> [/appl/opt/cluster_studio_xe2019/compilers_and_libraries_2019.4.243/linux/compiler/lib/intel64_lin]
  collapse library dir [/appl/spack/install-tree/gcc-4.8.5/gcc-8.3.0-qzmzn5/lib/gcc/x86_64-pc-linux-gnu/8.3.0/] ==> [/appl/spack/install-tree/gcc-4.8.5/gcc-8.3.0-qzmzn5/lib/gcc/x86_64-pc-linux-gnu/8.3.0]
  collapse library dir [/appl/spack/install-tree/gcc-4.8.5/gcc-8.3.0-qzmzn5/lib/gcc/x86_64-pc-linux-gnu/8.3.0/../../../../lib64] ==> [/appl/spack/install-tree/gcc-4.8.5/gcc-8.3.0-qzmzn5/lib64]
  collapse library dir [/appl/spack/install-tree/gcc-4.8.5/gcc-8.3.0-qzmzn5/lib/gcc/x86_64-pc-linux-gnu/8.3.0/../../../../lib64/] ==> [/appl/spack/install-tree/gcc-4.8.5/gcc-8.3.0-qzmzn5/lib64]
  collapse library dir [/lib/../lib64] ==> [/lib64]
  collapse library dir [/lib/../lib64/] ==> [/lib64]
  collapse library dir [/usr/lib/../lib64] ==> [/usr/lib64]
  collapse library dir [/usr/lib/../lib64/] ==> [/usr/lib64]
  collapse library dir [/appl/spack/install-tree/intel-19.0.4/boost-1.68.0-f7wza3/lib/] ==> [/appl/spack/install-tree/intel-19.0.4/boost-1.68.0-f7wza3/lib]
  collapse library dir [/appl/opt/cluster_studio_xe2019/compilers_and_libraries_2019.4.243/linux/tbb/lib/intel64_lin/gcc4.7/] ==> [/appl/opt/cluster_studio_xe2019/compilers_and_libraries_2019.4.243/linux/tbb/lib/intel64_lin/gcc4.7]
  collapse library dir [/appl/opt/cluster_studio_xe2019/compilers_and_libraries_2019.4.243/linux/compiler/lib/intel64_lin/] ==> [/appl/opt/cluster_studio_xe2019/compilers_and_libraries_2019.4.243/linux/compiler/lib/intel64_lin]
  collapse library dir [/appl/opt/cluster_studio_xe2019/compilers_and_libraries_2019.4.243/linux/mkl/lib/intel64_lin/] ==> [/appl/opt/cluster_studio_xe2019/compilers_and_libraries_2019.4.243/linux/mkl/lib/intel64_lin]
  collapse library dir [/appl/spack/install-tree/intel-19.0.4/hpcx-mpi-2.4.0-keuon4/lib/] ==> [/appl/spack/install-tree/intel-19.0.4/hpcx-mpi-2.4.0-keuon4/lib]
  collapse library dir [/appl/opt/cluster_studio_xe2019/compilers_and_libraries_2019.4.243/linux/ipp/lib/intel64/] ==> [/appl/opt/cluster_studio_xe2019/compilers_and_libraries_2019.4.243/linux/ipp/lib/intel64]
  collapse library dir [/appl/opt/cluster_studio_xe2019/compilers_and_libraries_2019.4.243/linux/tbb/lib/intel64/gcc4.7/] ==> [/appl/opt/cluster_studio_xe2019/compilers_and_libraries_2019.4.243/linux/tbb/lib/intel64/gcc4.7]
  collapse library dir [/appl/opt/cluster_studio_xe2019/compilers_and_libraries_2019.4.243/linux/daal/lib/intel64_lin/] ==> [/appl/opt/cluster_studio_xe2019/compilers_and_libraries_2019.4.243/linux/daal/lib/intel64_lin]
  collapse library dir [/appl/opt/cluster_studio_xe2019/compilers_and_libraries_2019.4.243/linux/daal/../tbb/lib/intel64_lin/gcc4.4/] ==> [/appl/opt/cluster_studio_xe2019/compilers_and_libraries_2019.4.243/linux/tbb/lib/intel64_lin/gcc4.4]
  collapse library dir [/appl/spack/install-tree/gcc-4.8.5/gcc-8.3.0-qzmzn5/lib/gcc/x86_64-pc-linux-gnu/8.3.0/../../../] ==> [/appl/spack/install-tree/gcc-4.8.5/gcc-8.3.0-qzmzn5/lib]
  collapse library dir [/lib64] ==> [/lib64]
  collapse library dir [/lib/] ==> [/lib]
  collapse library dir [/usr/lib64] ==> [/usr/lib64]
  collapse library dir [/usr/lib] ==> [/usr/lib]
  implicit libs: [ifport;ifcoremt;imf;svml;m;ipgo;irc;pthread;svml;c;gcc;gcc_s;irc_s;dl;c]
  implicit dirs: [/appl/spack/install-tree/intel-19.0.4/boost-1.68.0-f7wza3/lib;/appl/opt/cluster_studio_xe2019/compilers_and_libraries_2019.4.243/linux/tbb/lib/intel64_lin/gcc4.7;/appl/opt/cluster_studio_xe2019/compilers_and_libraries_2019.4.243/linux/compiler/lib/intel64_lin;/appl/opt/cluster_studio_xe2019/compilers_and_libraries_2019.4.243/linux/mkl/lib/intel64_lin;/appl/spack/install-tree/intel-19.0.4/hpcx-mpi-2.4.0-keuon4/lib;/appl/opt/cluster_studio_xe2019/compilers_and_libraries_2019.4.243/linux/ipp/lib/intel64;/appl/opt/cluster_studio_xe2019/compilers_and_libraries_2019.4.243/linux/tbb/lib/intel64/gcc4.7;/appl/opt/cluster_studio_xe2019/compilers_and_libraries_2019.4.243/linux/daal/lib/intel64_lin;/appl/opt/cluster_studio_xe2019/compilers_and_libraries_2019.4.243/linux/tbb/lib/intel64_lin/gcc4.4;/appl/spack/install-tree/gcc-4.8.5/gcc-8.3.0-qzmzn5/lib/gcc/x86_64-pc-linux-gnu/8.3.0;/appl/spack/install-tree/gcc-4.8.5/gcc-8.3.0-qzmzn5/lib64;/lib64;/usr/lib64;/appl/spack/install-tree/gcc-4.8.5/gcc-8.3.0-qzmzn5/lib;/lib;/usr/lib]
  implicit fwks: []


Determining if the Fortran compiler supports Fortran 90 passed with the following output:
Change Dir: /projappl/plasyre/Github/siris4-framework/multi-particle/CMakeFiles/CMakeTmp

Run Build Command:"/usr/bin/gmake" "cmTC_d5b77/fast"
/usr/bin/gmake -f CMakeFiles/cmTC_d5b77.dir/build.make CMakeFiles/cmTC_d5b77.dir/build
gmake[1]: Entering directory `/projappl/plasyre/Github/siris4-framework/multi-particle/CMakeFiles/CMakeTmp'
Building Fortran object CMakeFiles/cmTC_d5b77.dir/testFortranCompilerF90.f90.o
/appl/opt/cluster_studio_xe2019/compilers_and_libraries_2019.4.243/linux/bin/intel64/ifort    -c /projappl/plasyre/Github/siris4-framework/multi-particle/CMakeFiles/CMakeTmp/testFortranCompilerF90.f90 -o CMakeFiles/cmTC_d5b77.dir/testFortranCompilerF90.f90.o
Linking Fortran executable cmTC_d5b77
/appl/spack/install-tree/gcc-4.8.5/cmake-3.12.3-bmoi4r/bin/cmake -E cmake_link_script CMakeFiles/cmTC_d5b77.dir/link.txt --verbose=1
/appl/opt/cluster_studio_xe2019/compilers_and_libraries_2019.4.243/linux/bin/intel64/ifort      CMakeFiles/cmTC_d5b77.dir/testFortranCompilerF90.f90.o  -o cmTC_d5b77 
gmake[1]: Leaving directory `/projappl/plasyre/Github/siris4-framework/multi-particle/CMakeFiles/CMakeTmp'


The system is: Linux - 3.10.0-957.27.2.el7.x86_64 - x86_64
Compiling the CXX compiler identification source file "CMakeCXXCompilerId.cpp" succeeded.
Compiler: /appl/spack/install-tree/gcc-4.8.5/gcc-9.1.0-vpjht2/bin/g++ 
Build flags: 
Id flags:  

The output was:
0


Compilation of the CXX compiler identification source "CMakeCXXCompilerId.cpp" produced "a.out"

The CXX compiler identification is GNU, found in "/projappl/plasyre/Github/siris4-framework/multi-particle/CMakeFiles/3.12.3/CompilerIdCXX/a.out"

Compiling the C compiler identification source file "CMakeCCompilerId.c" succeeded.
Compiler: /appl/spack/install-tree/gcc-4.8.5/gcc-9.1.0-vpjht2/bin/gcc 
Build flags: 
Id flags:  

The output was:
0


Compilation of the C compiler identification source "CMakeCCompilerId.c" produced "a.out"

The C compiler identification is GNU, found in "/projappl/plasyre/Github/siris4-framework/multi-particle/CMakeFiles/3.12.3/CompilerIdC/a.out"

Compiling the Fortran compiler identification source file "CMakeFortranCompilerId.F" succeeded.
Compiler: /appl/spack/install-tree/gcc-4.8.5/gcc-9.1.0-vpjht2/bin/gfortran 
Build flags: 
Id flags: -v 

The output was:
0
Driving: /appl/spack/install-tree/gcc-4.8.5/gcc-9.1.0-vpjht2/bin/gfortran -v CMakeFortranCompilerId.F -l gfortran -l m -shared-libgcc
Reading specs from /appl/spack/install-tree/gcc-4.8.5/gcc-9.1.0-vpjht2/lib/gcc/x86_64-pc-linux-gnu/9.1.0/specs
COLLECT_GCC=/appl/spack/install-tree/gcc-4.8.5/gcc-9.1.0-vpjht2/bin/gfortran
COLLECT_LTO_WRAPPER=/appl/spack/install-tree/gcc-4.8.5/gcc-9.1.0-vpjht2/libexec/gcc/x86_64-pc-linux-gnu/9.1.0/lto-wrapper
Target: x86_64-pc-linux-gnu
Configured with: /appl/spack/spack/var/spack/stage/gcc-9.1.0-vpjht2f52lvl5z6i6xdb4ty3w7onplnf/gcc-9.1.0/configure --prefix=/appl/spack/install-tree/gcc-4.8.5/gcc-9.1.0-vpjht2 --disable-multilib --enable-languages=c,c++,fortran --with-mpfr=/appl/spack/install-tree/gcc-4.8.5/mpfr-3.1.6-vwx7sn --with-gmp=/appl/spack/install-tree/gcc-4.8.5/gmp-6.1.2-5odxtl --enable-lto --with-quad --with-system-zlib --with-sysroot=/ --with-stage1-ldflags='-Wl,-rpath,/appl/spack/install-tree/gcc-4.8.5/gcc-9.1.0-vpjht2/lib -Wl,-rpath,/appl/spack/install-tree/gcc-4.8.5/gcc-9.1.0-vpjht2/lib64 -Wl,-rpath,/appl/spack/install-tree/gcc-4.8.5/gmp-6.1.2-5odxtl/lib -Wl,-rpath,/appl/spack/install-tree/gcc-4.8.5/mpfr-3.1.6-vwx7sn/lib -Wl,-rpath,/appl/spack/install-tree/gcc-4.8.5/mpc-1.1.0-pogagq/lib -Wl,-rpath,/appl/spack/install-tree/gcc-4.8.5/isl-0.19-ogesu2/lib -Wl,-rpath,/appl/spack/install-tree/gcc-4.8.5/zlib-1.2.11-vhzh5c/lib -Wl,-rpath,/appl/spack/install-tree/gcc-4.8.5/binutils-2.31.1-xbslr3/lib -static-libstdc++ -static-libgcc' --with-boot-ldflags='-Wl,-rpath,/appl/spack/install-tree/gcc-4.8.5/gcc-9.1.0-vpjht2/lib -Wl,-rpath,/appl/spack/install-tree/gcc-4.8.5/gcc-9.1.0-vpjht2/lib64 -Wl,-rpath,/appl/spack/install-tree/gcc-4.8.5/gmp-6.1.2-5odxtl/lib -Wl,-rpath,/appl/spack/install-tree/gcc-4.8.5/mpfr-3.1.6-vwx7sn/lib -Wl,-rpath,/appl/spack/install-tree/gcc-4.8.5/mpc-1.1.0-pogagq/lib -Wl,-rpath,/appl/spack/install-tree/gcc-4.8.5/isl-0.19-ogesu2/lib -Wl,-rpath,/appl/spack/install-tree/gcc-4.8.5/zlib-1.2.11-vhzh5c/lib -Wl,-rpath,/appl/spack/install-tree/gcc-4.8.5/binutils-2.31.1-xbslr3/lib -static-libstdc++ -static-libgcc' --with-gnu-ld --with-ld=/appl/spack/install-tree/gcc-4.8.5/binutils-2.31.1-xbslr3/bin/ld --with-gnu-as --with-as=/appl/spack/install-tree/gcc-4.8.5/binutils-2.31.1-xbslr3/bin/as --with-mpc=/appl/spack/install-tree/gcc-4.8.5/mpc-1.1.0-pogagq --with-isl=/appl/spack/install-tree/gcc-4.8.5/isl-0.19-ogesu2
Thread model: posix
gcc version 9.1.0 (GCC) 
COLLECT_GCC_OPTIONS='-v' '-shared-libgcc' '-mtune=generic' '-march=x86-64'
 /appl/spack/install-tree/gcc-4.8.5/gcc-9.1.0-vpjht2/libexec/gcc/x86_64-pc-linux-gnu/9.1.0/f951 CMakeFortranCompilerId.F -ffixed-form -cpp=/local_scratch/apentti/cc8GWEfW.f90 -quiet -v CMakeFortranCompilerId.F -quiet -dumpbase CMakeFortranCompilerId.F -mtune=generic -march=x86-64 -auxbase CMakeFortranCompilerId -version -fintrinsic-modules-path /appl/spack/install-tree/gcc-4.8.5/gcc-9.1.0-vpjht2/lib/gcc/x86_64-pc-linux-gnu/9.1.0/finclude -o /local_scratch/apentti/ccOBj4Qq.s
GNU Fortran (GCC) version 9.1.0 (x86_64-pc-linux-gnu)
	compiled by GNU C version 9.1.0, GMP version 6.1.2, MPFR version 3.1.6-p2, MPC version 1.1.0, isl version isl-0.19-GMP

GGC heuristics: --param ggc-min-expand=100 --param ggc-min-heapsize=131072
ignoring nonexistent directory "/appl/spack/install-tree/gcc-4.8.5/gcc-9.1.0-vpjht2/lib/gcc/x86_64-pc-linux-gnu/9.1.0/../../../../x86_64-pc-linux-gnu/include"
#include "..." search starts here:
#include <...> search starts here:
 /appl/spack/install-tree/gcc-4.8.5/gcc-9.1.0-vpjht2/lib/gcc/x86_64-pc-linux-gnu/9.1.0/finclude
 /appl/opt/cluster_studio_xe2019/compilers_and_libraries_2019.4.243/linux/mkl/include
 /appl/spack/install-tree/gcc-9.1.0/hpcx-mpi-2.4.0-dnpuei/include
 /appl/spack/install-tree/gcc-9.1.0/boost-1.68.0-6pttok/include
 /appl/spack/install-tree/gcc-4.8.5/libxml2-2.9.8-ffzbok/include/libxml2
 /appl/spack/install-tree/gcc-4.8.5/gcc-9.1.0-vpjht2/include
 /appl/spack/install-tree/gcc-4.8.5/gcc-9.1.0-vpjht2/lib/gcc/x86_64-pc-linux-gnu/9.1.0/include
 /usr/local/include
 /appl/spack/install-tree/gcc-4.8.5/gcc-9.1.0-vpjht2/lib/gcc/x86_64-pc-linux-gnu/9.1.0/include-fixed
 /usr/include
End of search list.
GNU Fortran2008 (GCC) version 9.1.0 (x86_64-pc-linux-gnu)
	compiled by GNU C version 9.1.0, GMP version 6.1.2, MPFR version 3.1.6-p2, MPC version 1.1.0, isl version isl-0.19-GMP

GGC heuristics: --param ggc-min-expand=100 --param ggc-min-heapsize=131072
COLLECT_GCC_OPTIONS='-v' '-shared-libgcc' '-mtune=generic' '-march=x86-64'
 /appl/spack/install-tree/gcc-4.8.5/binutils-2.31.1-xbslr3/bin/as -v --64 -o /local_scratch/apentti/cc4MWraZ.o /local_scratch/apentti/ccOBj4Qq.s
GNU assembler version 2.31.1 (x86_64-pc-linux-gnu) using BFD version (GNU Binutils) 2.31.1
Reading specs from /appl/spack/install-tree/gcc-4.8.5/gcc-9.1.0-vpjht2/lib64/../lib64/libgfortran.spec
rename spec lib to liborig
COLLECT_GCC_OPTIONS='-v' '-shared-libgcc' '-mtune=generic' '-march=x86-64'
COMPILER_PATH=/appl/spack/install-tree/gcc-4.8.5/gcc-9.1.0-vpjht2/libexec/gcc/x86_64-pc-linux-gnu/9.1.0/:/appl/spack/install-tree/gcc-4.8.5/gcc-9.1.0-vpjht2/libexec/gcc/x86_64-pc-linux-gnu/9.1.0/:/appl/spack/install-tree/gcc-4.8.5/gcc-9.1.0-vpjht2/libexec/gcc/x86_64-pc-linux-gnu/:/appl/spack/install-tree/gcc-4.8.5/gcc-9.1.0-vpjht2/lib/gcc/x86_64-pc-linux-gnu/9.1.0/:/appl/spack/install-tree/gcc-4.8.5/gcc-9.1.0-vpjht2/lib/gcc/x86_64-pc-linux-gnu/
LIBRARY_PATH=/appl/spack/install-tree/gcc-4.8.5/gcc-9.1.0-vpjht2/lib64/../lib64/:/appl/spack/install-tree/gcc-4.8.5/gcc-9.1.0-vpjht2/lib/../lib64/:/appl/spack/install-tree/gcc-4.8.5/gcc-9.1.0-vpjht2/lib/gcc/x86_64-pc-linux-gnu/9.1.0/:/appl/spack/install-tree/gcc-4.8.5/gcc-9.1.0-vpjht2/lib/gcc/x86_64-pc-linux-gnu/9.1.0/../../../../lib64/:/lib/../lib64/:/usr/lib/../lib64/:/appl/opt/cluster_studio_xe2019/compilers_and_libraries_2019.4.243/linux/tbb/lib/intel64_lin/gcc4.7/:/appl/opt/cluster_studio_xe2019/compilers_and_libraries_2019.4.243/linux/compiler/lib/intel64_lin/:/appl/opt/cluster_studio_xe2019/compilers_and_libraries_2019.4.243/linux/mkl/lib/intel64_lin/:/appl/spack/install-tree/gcc-9.1.0/hpcx-mpi-2.4.0-dnpuei/lib/:/appl/spack/install-tree/gcc-9.1.0/boost-1.68.0-6pttok/lib/:/appl/spack/install-tree/gcc-4.8.5/gcc-9.1.0-vpjht2/lib64/:/appl/spack/install-tree/gcc-4.8.5/gcc-9.1.0-vpjht2/lib/:/appl/spack/install-tree/gcc-4.8.5/gcc-9.1.0-vpjht2/lib/gcc/x86_64-pc-linux-gnu/9.1.0/../../../:/lib/:/usr/lib/
COLLECT_GCC_OPTIONS='-v' '-shared-libgcc' '-mtune=generic' '-march=x86-64'
 /appl/spack/install-tree/gcc-4.8.5/gcc-9.1.0-vpjht2/libexec/gcc/x86_64-pc-linux-gnu/9.1.0/collect2 -plugin /appl/spack/install-tree/gcc-4.8.5/gcc-9.1.0-vpjht2/libexec/gcc/x86_64-pc-linux-gnu/9.1.0/liblto_plugin.so -plugin-opt=/appl/spack/install-tree/gcc-4.8.5/gcc-9.1.0-vpjht2/libexec/gcc/x86_64-pc-linux-gnu/9.1.0/lto-wrapper -plugin-opt=-fresolution=/local_scratch/apentti/ccyCH0wx.res -plugin-opt=-pass-through=-lgcc_s -plugin-opt=-pass-through=-lgcc -plugin-opt=-pass-through=-lquadmath -plugin-opt=-pass-through=-lm -plugin-opt=-pass-through=-lgcc_s -plugin-opt=-pass-through=-lgcc -plugin-opt=-pass-through=-lc -plugin-opt=-pass-through=-lgcc_s -plugin-opt=-pass-through=-lgcc --sysroot=/ -rpath /appl/spack/install-tree/gcc-4.8.5/gcc-9.1.0-vpjht2/lib:/appl/spack/install-tree/gcc-4.8.5/gcc-9.1.0-vpjht2/lib64 --eh-frame-hdr -m elf_x86_64 -dynamic-linker /lib64/ld-linux-x86-64.so.2 /lib/../lib64/crt1.o /lib/../lib64/crti.o /appl/spack/install-tree/gcc-4.8.5/gcc-9.1.0-vpjht2/lib/gcc/x86_64-pc-linux-gnu/9.1.0/crtbegin.o -L/appl/spack/install-tree/gcc-4.8.5/gcc-9.1.0-vpjht2/lib64/../lib64 -L/appl/spack/install-tree/gcc-4.8.5/gcc-9.1.0-vpjht2/lib/../lib64 -L/appl/spack/install-tree/gcc-4.8.5/gcc-9.1.0-vpjht2/lib/gcc/x86_64-pc-linux-gnu/9.1.0 -L/appl/spack/install-tree/gcc-4.8.5/gcc-9.1.0-vpjht2/lib/gcc/x86_64-pc-linux-gnu/9.1.0/../../../../lib64 -L/lib/../lib64 -L/usr/lib/../lib64 -L/appl/opt/cluster_studio_xe2019/compilers_and_libraries_2019.4.243/linux/tbb/lib/intel64_lin/gcc4.7 -L/appl/opt/cluster_studio_xe2019/compilers_and_libraries_2019.4.243/linux/compiler/lib/intel64_lin -L/appl/opt/cluster_studio_xe2019/compilers_and_libraries_2019.4.243/linux/mkl/lib/intel64_lin -L/appl/spack/install-tree/gcc-9.1.0/hpcx-mpi-2.4.0-dnpuei/lib -L/appl/spack/install-tree/gcc-9.1.0/boost-1.68.0-6pttok/lib -L/appl/spack/install-tree/gcc-4.8.5/gcc-9.1.0-vpjht2/lib64 -L/appl/spack/install-tree/gcc-4.8.5/gcc-9.1.0-vpjht2/lib -L/appl/spack/install-tree/gcc-4.8.5/gcc-9.1.0-vpjht2/lib/gcc/x86_64-pc-linux-gnu/9.1.0/../../.. /local_scratch/apentti/cc4MWraZ.o -lgfortran -lm -lgcc_s -lgcc -lquadmath -lm -lgcc_s -lgcc -lc -lgcc_s -lgcc /appl/spack/install-tree/gcc-4.8.5/gcc-9.1.0-vpjht2/lib/gcc/x86_64-pc-linux-gnu/9.1.0/crtend.o /lib/../lib64/crtn.o
COLLECT_GCC_OPTIONS='-v' '-shared-libgcc' '-mtune=generic' '-march=x86-64'


Compilation of the Fortran compiler identification source "CMakeFortranCompilerId.F" produced "a.out"

The Fortran compiler identification is GNU, found in "/projappl/plasyre/Github/siris4-framework/multi-particle/CMakeFiles/3.12.3/CompilerIdFortran/a.out"

Determining if the CXX compiler works passed with the following output:
Change Dir: /projappl/plasyre/Github/siris4-framework/multi-particle/CMakeFiles/CMakeTmp

Run Build Command:"/usr/bin/gmake" "cmTC_ed9b7/fast"
/usr/bin/gmake -f CMakeFiles/cmTC_ed9b7.dir/build.make CMakeFiles/cmTC_ed9b7.dir/build
gmake[1]: Entering directory `/projappl/plasyre/Github/siris4-framework/multi-particle/CMakeFiles/CMakeTmp'
Building CXX object CMakeFiles/cmTC_ed9b7.dir/testCXXCompiler.cxx.o
/appl/spack/install-tree/gcc-4.8.5/gcc-9.1.0-vpjht2/bin/g++     -o CMakeFiles/cmTC_ed9b7.dir/testCXXCompiler.cxx.o -c /projappl/plasyre/Github/siris4-framework/multi-particle/CMakeFiles/CMakeTmp/testCXXCompiler.cxx
Linking CXX executable cmTC_ed9b7
/appl/spack/install-tree/gcc-4.8.5/cmake-3.12.3-bmoi4r/bin/cmake -E cmake_link_script CMakeFiles/cmTC_ed9b7.dir/link.txt --verbose=1
/appl/spack/install-tree/gcc-4.8.5/gcc-9.1.0-vpjht2/bin/g++       -rdynamic CMakeFiles/cmTC_ed9b7.dir/testCXXCompiler.cxx.o  -o cmTC_ed9b7 
gmake[1]: Leaving directory `/projappl/plasyre/Github/siris4-framework/multi-particle/CMakeFiles/CMakeTmp'


Detecting CXX compiler ABI info compiled with the following output:
Change Dir: /projappl/plasyre/Github/siris4-framework/multi-particle/CMakeFiles/CMakeTmp

Run Build Command:"/usr/bin/gmake" "cmTC_903e7/fast"
/usr/bin/gmake -f CMakeFiles/cmTC_903e7.dir/build.make CMakeFiles/cmTC_903e7.dir/build
gmake[1]: Entering directory `/projappl/plasyre/Github/siris4-framework/multi-particle/CMakeFiles/CMakeTmp'
Building CXX object CMakeFiles/cmTC_903e7.dir/CMakeCXXCompilerABI.cpp.o
/appl/spack/install-tree/gcc-4.8.5/gcc-9.1.0-vpjht2/bin/g++     -o CMakeFiles/cmTC_903e7.dir/CMakeCXXCompilerABI.cpp.o -c /appl/spack/install-tree/gcc-4.8.5/cmake-3.12.3-bmoi4r/share/cmake-3.12/Modules/CMakeCXXCompilerABI.cpp
Linking CXX executable cmTC_903e7
/appl/spack/install-tree/gcc-4.8.5/cmake-3.12.3-bmoi4r/bin/cmake -E cmake_link_script CMakeFiles/cmTC_903e7.dir/link.txt --verbose=1
/appl/spack/install-tree/gcc-4.8.5/gcc-9.1.0-vpjht2/bin/g++      -v -rdynamic CMakeFiles/cmTC_903e7.dir/CMakeCXXCompilerABI.cpp.o  -o cmTC_903e7 
Reading specs from /appl/spack/install-tree/gcc-4.8.5/gcc-9.1.0-vpjht2/lib/gcc/x86_64-pc-linux-gnu/9.1.0/specs
COLLECT_GCC=/appl/spack/install-tree/gcc-4.8.5/gcc-9.1.0-vpjht2/bin/g++
COLLECT_LTO_WRAPPER=/appl/spack/install-tree/gcc-4.8.5/gcc-9.1.0-vpjht2/libexec/gcc/x86_64-pc-linux-gnu/9.1.0/lto-wrapper
Target: x86_64-pc-linux-gnu
Configured with: /appl/spack/spack/var/spack/stage/gcc-9.1.0-vpjht2f52lvl5z6i6xdb4ty3w7onplnf/gcc-9.1.0/configure --prefix=/appl/spack/install-tree/gcc-4.8.5/gcc-9.1.0-vpjht2 --disable-multilib --enable-languages=c,c++,fortran --with-mpfr=/appl/spack/install-tree/gcc-4.8.5/mpfr-3.1.6-vwx7sn --with-gmp=/appl/spack/install-tree/gcc-4.8.5/gmp-6.1.2-5odxtl --enable-lto --with-quad --with-system-zlib --with-sysroot=/ --with-stage1-ldflags='-Wl,-rpath,/appl/spack/install-tree/gcc-4.8.5/gcc-9.1.0-vpjht2/lib -Wl,-rpath,/appl/spack/install-tree/gcc-4.8.5/gcc-9.1.0-vpjht2/lib64 -Wl,-rpath,/appl/spack/install-tree/gcc-4.8.5/gmp-6.1.2-5odxtl/lib -Wl,-rpath,/appl/spack/install-tree/gcc-4.8.5/mpfr-3.1.6-vwx7sn/lib -Wl,-rpath,/appl/spack/install-tree/gcc-4.8.5/mpc-1.1.0-pogagq/lib -Wl,-rpath,/appl/spack/install-tree/gcc-4.8.5/isl-0.19-ogesu2/lib -Wl,-rpath,/appl/spack/install-tree/gcc-4.8.5/zlib-1.2.11-vhzh5c/lib -Wl,-rpath,/appl/spack/install-tree/gcc-4.8.5/binutils-2.31.1-xbslr3/lib -static-libstdc++ -static-libgcc' --with-boot-ldflags='-Wl,-rpath,/appl/spack/install-tree/gcc-4.8.5/gcc-9.1.0-vpjht2/lib -Wl,-rpath,/appl/spack/install-tree/gcc-4.8.5/gcc-9.1.0-vpjht2/lib64 -Wl,-rpath,/appl/spack/install-tree/gcc-4.8.5/gmp-6.1.2-5odxtl/lib -Wl,-rpath,/appl/spack/install-tree/gcc-4.8.5/mpfr-3.1.6-vwx7sn/lib -Wl,-rpath,/appl/spack/install-tree/gcc-4.8.5/mpc-1.1.0-pogagq/lib -Wl,-rpath,/appl/spack/install-tree/gcc-4.8.5/isl-0.19-ogesu2/lib -Wl,-rpath,/appl/spack/install-tree/gcc-4.8.5/zlib-1.2.11-vhzh5c/lib -Wl,-rpath,/appl/spack/install-tree/gcc-4.8.5/binutils-2.31.1-xbslr3/lib -static-libstdc++ -static-libgcc' --with-gnu-ld --with-ld=/appl/spack/install-tree/gcc-4.8.5/binutils-2.31.1-xbslr3/bin/ld --with-gnu-as --with-as=/appl/spack/install-tree/gcc-4.8.5/binutils-2.31.1-xbslr3/bin/as --with-mpc=/appl/spack/install-tree/gcc-4.8.5/mpc-1.1.0-pogagq --with-isl=/appl/spack/install-tree/gcc-4.8.5/isl-0.19-ogesu2
Thread model: posix
gcc version 9.1.0 (GCC) 
COMPILER_PATH=/appl/spack/install-tree/gcc-4.8.5/gcc-9.1.0-vpjht2/libexec/gcc/x86_64-pc-linux-gnu/9.1.0/:/appl/spack/install-tree/gcc-4.8.5/gcc-9.1.0-vpjht2/libexec/gcc/x86_64-pc-linux-gnu/9.1.0/:/appl/spack/install-tree/gcc-4.8.5/gcc-9.1.0-vpjht2/libexec/gcc/x86_64-pc-linux-gnu/:/appl/spack/install-tree/gcc-4.8.5/gcc-9.1.0-vpjht2/lib/gcc/x86_64-pc-linux-gnu/9.1.0/:/appl/spack/install-tree/gcc-4.8.5/gcc-9.1.0-vpjht2/lib/gcc/x86_64-pc-linux-gnu/
LIBRARY_PATH=/appl/spack/install-tree/gcc-4.8.5/gcc-9.1.0-vpjht2/lib64/../lib64/:/appl/spack/install-tree/gcc-4.8.5/gcc-9.1.0-vpjht2/lib/../lib64/:/appl/spack/install-tree/gcc-4.8.5/gcc-9.1.0-vpjht2/lib/gcc/x86_64-pc-linux-gnu/9.1.0/:/appl/spack/install-tree/gcc-4.8.5/gcc-9.1.0-vpjht2/lib/gcc/x86_64-pc-linux-gnu/9.1.0/../../../../lib64/:/lib/../lib64/:/usr/lib/../lib64/:/appl/opt/cluster_studio_xe2019/compilers_and_libraries_2019.4.243/linux/tbb/lib/intel64_lin/gcc4.7/:/appl/opt/cluster_studio_xe2019/compilers_and_libraries_2019.4.243/linux/compiler/lib/intel64_lin/:/appl/opt/cluster_studio_xe2019/compilers_and_libraries_2019.4.243/linux/mkl/lib/intel64_lin/:/appl/spack/install-tree/gcc-9.1.0/hpcx-mpi-2.4.0-dnpuei/lib/:/appl/spack/install-tree/gcc-9.1.0/boost-1.68.0-6pttok/lib/:/appl/spack/install-tree/gcc-4.8.5/gcc-9.1.0-vpjht2/lib64/:/appl/spack/install-tree/gcc-4.8.5/gcc-9.1.0-vpjht2/lib/:/appl/spack/install-tree/gcc-4.8.5/gcc-9.1.0-vpjht2/lib/gcc/x86_64-pc-linux-gnu/9.1.0/../../../:/lib/:/usr/lib/
COLLECT_GCC_OPTIONS='-v' '-rdynamic' '-o' 'cmTC_903e7' '-shared-libgcc' '-mtune=generic' '-march=x86-64'
 /appl/spack/install-tree/gcc-4.8.5/gcc-9.1.0-vpjht2/libexec/gcc/x86_64-pc-linux-gnu/9.1.0/collect2 -plugin /appl/spack/install-tree/gcc-4.8.5/gcc-9.1.0-vpjht2/libexec/gcc/x86_64-pc-linux-gnu/9.1.0/liblto_plugin.so -plugin-opt=/appl/spack/install-tree/gcc-4.8.5/gcc-9.1.0-vpjht2/libexec/gcc/x86_64-pc-linux-gnu/9.1.0/lto-wrapper -plugin-opt=-fresolution=/local_scratch/apentti/ccKIwNrD.res -plugin-opt=-pass-through=-lgcc_s -plugin-opt=-pass-through=-lgcc -plugin-opt=-pass-through=-lc -plugin-opt=-pass-through=-lgcc_s -plugin-opt=-pass-through=-lgcc --sysroot=/ -rpath /appl/spack/install-tree/gcc-4.8.5/gcc-9.1.0-vpjht2/lib:/appl/spack/install-tree/gcc-4.8.5/gcc-9.1.0-vpjht2/lib64 --eh-frame-hdr -m elf_x86_64 -export-dynamic -dynamic-linker /lib64/ld-linux-x86-64.so.2 -o cmTC_903e7 /lib/../lib64/crt1.o /lib/../lib64/crti.o /appl/spack/install-tree/gcc-4.8.5/gcc-9.1.0-vpjht2/lib/gcc/x86_64-pc-linux-gnu/9.1.0/crtbegin.o -L/appl/spack/install-tree/gcc-4.8.5/gcc-9.1.0-vpjht2/lib64/../lib64 -L/appl/spack/install-tree/gcc-4.8.5/gcc-9.1.0-vpjht2/lib/../lib64 -L/appl/spack/install-tree/gcc-4.8.5/gcc-9.1.0-vpjht2/lib/gcc/x86_64-pc-linux-gnu/9.1.0 -L/appl/spack/install-tree/gcc-4.8.5/gcc-9.1.0-vpjht2/lib/gcc/x86_64-pc-linux-gnu/9.1.0/../../../../lib64 -L/lib/../lib64 -L/usr/lib/../lib64 -L/appl/opt/cluster_studio_xe2019/compilers_and_libraries_2019.4.243/linux/tbb/lib/intel64_lin/gcc4.7 -L/appl/opt/cluster_studio_xe2019/compilers_and_libraries_2019.4.243/linux/compiler/lib/intel64_lin -L/appl/opt/cluster_studio_xe2019/compilers_and_libraries_2019.4.243/linux/mkl/lib/intel64_lin -L/appl/spack/install-tree/gcc-9.1.0/hpcx-mpi-2.4.0-dnpuei/lib -L/appl/spack/install-tree/gcc-9.1.0/boost-1.68.0-6pttok/lib -L/appl/spack/install-tree/gcc-4.8.5/gcc-9.1.0-vpjht2/lib64 -L/appl/spack/install-tree/gcc-4.8.5/gcc-9.1.0-vpjht2/lib -L/appl/spack/install-tree/gcc-4.8.5/gcc-9.1.0-vpjht2/lib/gcc/x86_64-pc-linux-gnu/9.1.0/../../.. CMakeFiles/cmTC_903e7.dir/CMakeCXXCompilerABI.cpp.o -lstdc++ -lm -lgcc_s -lgcc -lc -lgcc_s -lgcc /appl/spack/install-tree/gcc-4.8.5/gcc-9.1.0-vpjht2/lib/gcc/x86_64-pc-linux-gnu/9.1.0/crtend.o /lib/../lib64/crtn.o
COLLECT_GCC_OPTIONS='-v' '-rdynamic' '-o' 'cmTC_903e7' '-shared-libgcc' '-mtune=generic' '-march=x86-64'
gmake[1]: Leaving directory `/projappl/plasyre/Github/siris4-framework/multi-particle/CMakeFiles/CMakeTmp'


Parsed CXX implicit link information from above output:
  link line regex: [^( *|.*[/\])(ld|CMAKE_LINK_STARTFILE-NOTFOUND|([^/\]+-)?ld|collect2)[^/\]*( |$)]
  ignore line: [Change Dir: /projappl/plasyre/Github/siris4-framework/multi-particle/CMakeFiles/CMakeTmp]
  ignore line: []
  ignore line: [Run Build Command:"/usr/bin/gmake" "cmTC_903e7/fast"]
  ignore line: [/usr/bin/gmake -f CMakeFiles/cmTC_903e7.dir/build.make CMakeFiles/cmTC_903e7.dir/build]
  ignore line: [gmake[1]: Entering directory `/projappl/plasyre/Github/siris4-framework/multi-particle/CMakeFiles/CMakeTmp']
  ignore line: [Building CXX object CMakeFiles/cmTC_903e7.dir/CMakeCXXCompilerABI.cpp.o]
  ignore line: [/appl/spack/install-tree/gcc-4.8.5/gcc-9.1.0-vpjht2/bin/g++     -o CMakeFiles/cmTC_903e7.dir/CMakeCXXCompilerABI.cpp.o -c /appl/spack/install-tree/gcc-4.8.5/cmake-3.12.3-bmoi4r/share/cmake-3.12/Modules/CMakeCXXCompilerABI.cpp]
  ignore line: [Linking CXX executable cmTC_903e7]
  ignore line: [/appl/spack/install-tree/gcc-4.8.5/cmake-3.12.3-bmoi4r/bin/cmake -E cmake_link_script CMakeFiles/cmTC_903e7.dir/link.txt --verbose=1]
  ignore line: [/appl/spack/install-tree/gcc-4.8.5/gcc-9.1.0-vpjht2/bin/g++      -v -rdynamic CMakeFiles/cmTC_903e7.dir/CMakeCXXCompilerABI.cpp.o  -o cmTC_903e7 ]
  ignore line: [Reading specs from /appl/spack/install-tree/gcc-4.8.5/gcc-9.1.0-vpjht2/lib/gcc/x86_64-pc-linux-gnu/9.1.0/specs]
  ignore line: [COLLECT_GCC=/appl/spack/install-tree/gcc-4.8.5/gcc-9.1.0-vpjht2/bin/g++]
  ignore line: [COLLECT_LTO_WRAPPER=/appl/spack/install-tree/gcc-4.8.5/gcc-9.1.0-vpjht2/libexec/gcc/x86_64-pc-linux-gnu/9.1.0/lto-wrapper]
  ignore line: [Target: x86_64-pc-linux-gnu]
  ignore line: [Configured with: /appl/spack/spack/var/spack/stage/gcc-9.1.0-vpjht2f52lvl5z6i6xdb4ty3w7onplnf/gcc-9.1.0/configure --prefix=/appl/spack/install-tree/gcc-4.8.5/gcc-9.1.0-vpjht2 --disable-multilib --enable-languages=c,c++,fortran --with-mpfr=/appl/spack/install-tree/gcc-4.8.5/mpfr-3.1.6-vwx7sn --with-gmp=/appl/spack/install-tree/gcc-4.8.5/gmp-6.1.2-5odxtl --enable-lto --with-quad --with-system-zlib --with-sysroot=/ --with-stage1-ldflags='-Wl,-rpath,/appl/spack/install-tree/gcc-4.8.5/gcc-9.1.0-vpjht2/lib -Wl,-rpath,/appl/spack/install-tree/gcc-4.8.5/gcc-9.1.0-vpjht2/lib64 -Wl,-rpath,/appl/spack/install-tree/gcc-4.8.5/gmp-6.1.2-5odxtl/lib -Wl,-rpath,/appl/spack/install-tree/gcc-4.8.5/mpfr-3.1.6-vwx7sn/lib -Wl,-rpath,/appl/spack/install-tree/gcc-4.8.5/mpc-1.1.0-pogagq/lib -Wl,-rpath,/appl/spack/install-tree/gcc-4.8.5/isl-0.19-ogesu2/lib -Wl,-rpath,/appl/spack/install-tree/gcc-4.8.5/zlib-1.2.11-vhzh5c/lib -Wl,-rpath,/appl/spack/install-tree/gcc-4.8.5/binutils-2.31.1-xbslr3/lib -static-libstdc++ -static-libgcc' --with-boot-ldflags='-Wl,-rpath,/appl/spack/install-tree/gcc-4.8.5/gcc-9.1.0-vpjht2/lib -Wl,-rpath,/appl/spack/install-tree/gcc-4.8.5/gcc-9.1.0-vpjht2/lib64 -Wl,-rpath,/appl/spack/install-tree/gcc-4.8.5/gmp-6.1.2-5odxtl/lib -Wl,-rpath,/appl/spack/install-tree/gcc-4.8.5/mpfr-3.1.6-vwx7sn/lib -Wl,-rpath,/appl/spack/install-tree/gcc-4.8.5/mpc-1.1.0-pogagq/lib -Wl,-rpath,/appl/spack/install-tree/gcc-4.8.5/isl-0.19-ogesu2/lib -Wl,-rpath,/appl/spack/install-tree/gcc-4.8.5/zlib-1.2.11-vhzh5c/lib -Wl,-rpath,/appl/spack/install-tree/gcc-4.8.5/binutils-2.31.1-xbslr3/lib -static-libstdc++ -static-libgcc' --with-gnu-ld --with-ld=/appl/spack/install-tree/gcc-4.8.5/binutils-2.31.1-xbslr3/bin/ld --with-gnu-as --with-as=/appl/spack/install-tree/gcc-4.8.5/binutils-2.31.1-xbslr3/bin/as --with-mpc=/appl/spack/install-tree/gcc-4.8.5/mpc-1.1.0-pogagq --with-isl=/appl/spack/install-tree/gcc-4.8.5/isl-0.19-ogesu2]
  ignore line: [Thread model: posix]
  ignore line: [gcc version 9.1.0 (GCC) ]
  ignore line: [COMPILER_PATH=/appl/spack/install-tree/gcc-4.8.5/gcc-9.1.0-vpjht2/libexec/gcc/x86_64-pc-linux-gnu/9.1.0/:/appl/spack/install-tree/gcc-4.8.5/gcc-9.1.0-vpjht2/libexec/gcc/x86_64-pc-linux-gnu/9.1.0/:/appl/spack/install-tree/gcc-4.8.5/gcc-9.1.0-vpjht2/libexec/gcc/x86_64-pc-linux-gnu/:/appl/spack/install-tree/gcc-4.8.5/gcc-9.1.0-vpjht2/lib/gcc/x86_64-pc-linux-gnu/9.1.0/:/appl/spack/install-tree/gcc-4.8.5/gcc-9.1.0-vpjht2/lib/gcc/x86_64-pc-linux-gnu/]
  ignore line: [LIBRARY_PATH=/appl/spack/install-tree/gcc-4.8.5/gcc-9.1.0-vpjht2/lib64/../lib64/:/appl/spack/install-tree/gcc-4.8.5/gcc-9.1.0-vpjht2/lib/../lib64/:/appl/spack/install-tree/gcc-4.8.5/gcc-9.1.0-vpjht2/lib/gcc/x86_64-pc-linux-gnu/9.1.0/:/appl/spack/install-tree/gcc-4.8.5/gcc-9.1.0-vpjht2/lib/gcc/x86_64-pc-linux-gnu/9.1.0/../../../../lib64/:/lib/../lib64/:/usr/lib/../lib64/:/appl/opt/cluster_studio_xe2019/compilers_and_libraries_2019.4.243/linux/tbb/lib/intel64_lin/gcc4.7/:/appl/opt/cluster_studio_xe2019/compilers_and_libraries_2019.4.243/linux/compiler/lib/intel64_lin/:/appl/opt/cluster_studio_xe2019/compilers_and_libraries_2019.4.243/linux/mkl/lib/intel64_lin/:/appl/spack/install-tree/gcc-9.1.0/hpcx-mpi-2.4.0-dnpuei/lib/:/appl/spack/install-tree/gcc-9.1.0/boost-1.68.0-6pttok/lib/:/appl/spack/install-tree/gcc-4.8.5/gcc-9.1.0-vpjht2/lib64/:/appl/spack/install-tree/gcc-4.8.5/gcc-9.1.0-vpjht2/lib/:/appl/spack/install-tree/gcc-4.8.5/gcc-9.1.0-vpjht2/lib/gcc/x86_64-pc-linux-gnu/9.1.0/../../../:/lib/:/usr/lib/]
  ignore line: [COLLECT_GCC_OPTIONS='-v' '-rdynamic' '-o' 'cmTC_903e7' '-shared-libgcc' '-mtune=generic' '-march=x86-64']
  link line: [ /appl/spack/install-tree/gcc-4.8.5/gcc-9.1.0-vpjht2/libexec/gcc/x86_64-pc-linux-gnu/9.1.0/collect2 -plugin /appl/spack/install-tree/gcc-4.8.5/gcc-9.1.0-vpjht2/libexec/gcc/x86_64-pc-linux-gnu/9.1.0/liblto_plugin.so -plugin-opt=/appl/spack/install-tree/gcc-4.8.5/gcc-9.1.0-vpjht2/libexec/gcc/x86_64-pc-linux-gnu/9.1.0/lto-wrapper -plugin-opt=-fresolution=/local_scratch/apentti/ccKIwNrD.res -plugin-opt=-pass-through=-lgcc_s -plugin-opt=-pass-through=-lgcc -plugin-opt=-pass-through=-lc -plugin-opt=-pass-through=-lgcc_s -plugin-opt=-pass-through=-lgcc --sysroot=/ -rpath /appl/spack/install-tree/gcc-4.8.5/gcc-9.1.0-vpjht2/lib:/appl/spack/install-tree/gcc-4.8.5/gcc-9.1.0-vpjht2/lib64 --eh-frame-hdr -m elf_x86_64 -export-dynamic -dynamic-linker /lib64/ld-linux-x86-64.so.2 -o cmTC_903e7 /lib/../lib64/crt1.o /lib/../lib64/crti.o /appl/spack/install-tree/gcc-4.8.5/gcc-9.1.0-vpjht2/lib/gcc/x86_64-pc-linux-gnu/9.1.0/crtbegin.o -L/appl/spack/install-tree/gcc-4.8.5/gcc-9.1.0-vpjht2/lib64/../lib64 -L/appl/spack/install-tree/gcc-4.8.5/gcc-9.1.0-vpjht2/lib/../lib64 -L/appl/spack/install-tree/gcc-4.8.5/gcc-9.1.0-vpjht2/lib/gcc/x86_64-pc-linux-gnu/9.1.0 -L/appl/spack/install-tree/gcc-4.8.5/gcc-9.1.0-vpjht2/lib/gcc/x86_64-pc-linux-gnu/9.1.0/../../../../lib64 -L/lib/../lib64 -L/usr/lib/../lib64 -L/appl/opt/cluster_studio_xe2019/compilers_and_libraries_2019.4.243/linux/tbb/lib/intel64_lin/gcc4.7 -L/appl/opt/cluster_studio_xe2019/compilers_and_libraries_2019.4.243/linux/compiler/lib/intel64_lin -L/appl/opt/cluster_studio_xe2019/compilers_and_libraries_2019.4.243/linux/mkl/lib/intel64_lin -L/appl/spack/install-tree/gcc-9.1.0/hpcx-mpi-2.4.0-dnpuei/lib -L/appl/spack/install-tree/gcc-9.1.0/boost-1.68.0-6pttok/lib -L/appl/spack/install-tree/gcc-4.8.5/gcc-9.1.0-vpjht2/lib64 -L/appl/spack/install-tree/gcc-4.8.5/gcc-9.1.0-vpjht2/lib -L/appl/spack/install-tree/gcc-4.8.5/gcc-9.1.0-vpjht2/lib/gcc/x86_64-pc-linux-gnu/9.1.0/../../.. CMakeFiles/cmTC_903e7.dir/CMakeCXXCompilerABI.cpp.o -lstdc++ -lm -lgcc_s -lgcc -lc -lgcc_s -lgcc /appl/spack/install-tree/gcc-4.8.5/gcc-9.1.0-vpjht2/lib/gcc/x86_64-pc-linux-gnu/9.1.0/crtend.o /lib/../lib64/crtn.o]
    arg [/appl/spack/install-tree/gcc-4.8.5/gcc-9.1.0-vpjht2/libexec/gcc/x86_64-pc-linux-gnu/9.1.0/collect2] ==> ignore
    arg [-plugin] ==> ignore
    arg [/appl/spack/install-tree/gcc-4.8.5/gcc-9.1.0-vpjht2/libexec/gcc/x86_64-pc-linux-gnu/9.1.0/liblto_plugin.so] ==> ignore
    arg [-plugin-opt=/appl/spack/install-tree/gcc-4.8.5/gcc-9.1.0-vpjht2/libexec/gcc/x86_64-pc-linux-gnu/9.1.0/lto-wrapper] ==> ignore
    arg [-plugin-opt=-fresolution=/local_scratch/apentti/ccKIwNrD.res] ==> ignore
    arg [-plugin-opt=-pass-through=-lgcc_s] ==> ignore
    arg [-plugin-opt=-pass-through=-lgcc] ==> ignore
    arg [-plugin-opt=-pass-through=-lc] ==> ignore
    arg [-plugin-opt=-pass-through=-lgcc_s] ==> ignore
    arg [-plugin-opt=-pass-through=-lgcc] ==> ignore
    arg [--sysroot=/] ==> ignore
    arg [-rpath] ==> ignore
    arg [/appl/spack/install-tree/gcc-4.8.5/gcc-9.1.0-vpjht2/lib:/appl/spack/install-tree/gcc-4.8.5/gcc-9.1.0-vpjht2/lib64] ==> ignore
    arg [--eh-frame-hdr] ==> ignore
    arg [-m] ==> ignore
    arg [elf_x86_64] ==> ignore
    arg [-export-dynamic] ==> ignore
    arg [-dynamic-linker] ==> ignore
    arg [/lib64/ld-linux-x86-64.so.2] ==> ignore
    arg [-o] ==> ignore
    arg [cmTC_903e7] ==> ignore
    arg [/lib/../lib64/crt1.o] ==> ignore
    arg [/lib/../lib64/crti.o] ==> ignore
    arg [/appl/spack/install-tree/gcc-4.8.5/gcc-9.1.0-vpjht2/lib/gcc/x86_64-pc-linux-gnu/9.1.0/crtbegin.o] ==> ignore
    arg [-L/appl/spack/install-tree/gcc-4.8.5/gcc-9.1.0-vpjht2/lib64/../lib64] ==> dir [/appl/spack/install-tree/gcc-4.8.5/gcc-9.1.0-vpjht2/lib64/../lib64]
    arg [-L/appl/spack/install-tree/gcc-4.8.5/gcc-9.1.0-vpjht2/lib/../lib64] ==> dir [/appl/spack/install-tree/gcc-4.8.5/gcc-9.1.0-vpjht2/lib/../lib64]
    arg [-L/appl/spack/install-tree/gcc-4.8.5/gcc-9.1.0-vpjht2/lib/gcc/x86_64-pc-linux-gnu/9.1.0] ==> dir [/appl/spack/install-tree/gcc-4.8.5/gcc-9.1.0-vpjht2/lib/gcc/x86_64-pc-linux-gnu/9.1.0]
    arg [-L/appl/spack/install-tree/gcc-4.8.5/gcc-9.1.0-vpjht2/lib/gcc/x86_64-pc-linux-gnu/9.1.0/../../../../lib64] ==> dir [/appl/spack/install-tree/gcc-4.8.5/gcc-9.1.0-vpjht2/lib/gcc/x86_64-pc-linux-gnu/9.1.0/../../../../lib64]
    arg [-L/lib/../lib64] ==> dir [/lib/../lib64]
    arg [-L/usr/lib/../lib64] ==> dir [/usr/lib/../lib64]
    arg [-L/appl/opt/cluster_studio_xe2019/compilers_and_libraries_2019.4.243/linux/tbb/lib/intel64_lin/gcc4.7] ==> dir [/appl/opt/cluster_studio_xe2019/compilers_and_libraries_2019.4.243/linux/tbb/lib/intel64_lin/gcc4.7]
    arg [-L/appl/opt/cluster_studio_xe2019/compilers_and_libraries_2019.4.243/linux/compiler/lib/intel64_lin] ==> dir [/appl/opt/cluster_studio_xe2019/compilers_and_libraries_2019.4.243/linux/compiler/lib/intel64_lin]
    arg [-L/appl/opt/cluster_studio_xe2019/compilers_and_libraries_2019.4.243/linux/mkl/lib/intel64_lin] ==> dir [/appl/opt/cluster_studio_xe2019/compilers_and_libraries_2019.4.243/linux/mkl/lib/intel64_lin]
    arg [-L/appl/spack/install-tree/gcc-9.1.0/hpcx-mpi-2.4.0-dnpuei/lib] ==> dir [/appl/spack/install-tree/gcc-9.1.0/hpcx-mpi-2.4.0-dnpuei/lib]
    arg [-L/appl/spack/install-tree/gcc-9.1.0/boost-1.68.0-6pttok/lib] ==> dir [/appl/spack/install-tree/gcc-9.1.0/boost-1.68.0-6pttok/lib]
    arg [-L/appl/spack/install-tree/gcc-4.8.5/gcc-9.1.0-vpjht2/lib64] ==> dir [/appl/spack/install-tree/gcc-4.8.5/gcc-9.1.0-vpjht2/lib64]
    arg [-L/appl/spack/install-tree/gcc-4.8.5/gcc-9.1.0-vpjht2/lib] ==> dir [/appl/spack/install-tree/gcc-4.8.5/gcc-9.1.0-vpjht2/lib]
    arg [-L/appl/spack/install-tree/gcc-4.8.5/gcc-9.1.0-vpjht2/lib/gcc/x86_64-pc-linux-gnu/9.1.0/../../..] ==> dir [/appl/spack/install-tree/gcc-4.8.5/gcc-9.1.0-vpjht2/lib/gcc/x86_64-pc-linux-gnu/9.1.0/../../..]
    arg [CMakeFiles/cmTC_903e7.dir/CMakeCXXCompilerABI.cpp.o] ==> ignore
    arg [-lstdc++] ==> lib [stdc++]
    arg [-lm] ==> lib [m]
    arg [-lgcc_s] ==> lib [gcc_s]
    arg [-lgcc] ==> lib [gcc]
    arg [-lc] ==> lib [c]
    arg [-lgcc_s] ==> lib [gcc_s]
    arg [-lgcc] ==> lib [gcc]
    arg [/appl/spack/install-tree/gcc-4.8.5/gcc-9.1.0-vpjht2/lib/gcc/x86_64-pc-linux-gnu/9.1.0/crtend.o] ==> ignore
    arg [/lib/../lib64/crtn.o] ==> ignore
  collapse library dir [/appl/spack/install-tree/gcc-4.8.5/gcc-9.1.0-vpjht2/lib64/../lib64] ==> [/appl/spack/install-tree/gcc-4.8.5/gcc-9.1.0-vpjht2/lib64]
  collapse library dir [/appl/spack/install-tree/gcc-4.8.5/gcc-9.1.0-vpjht2/lib/../lib64] ==> [/appl/spack/install-tree/gcc-4.8.5/gcc-9.1.0-vpjht2/lib64]
  collapse library dir [/appl/spack/install-tree/gcc-4.8.5/gcc-9.1.0-vpjht2/lib/gcc/x86_64-pc-linux-gnu/9.1.0] ==> [/appl/spack/install-tree/gcc-4.8.5/gcc-9.1.0-vpjht2/lib/gcc/x86_64-pc-linux-gnu/9.1.0]
  collapse library dir [/appl/spack/install-tree/gcc-4.8.5/gcc-9.1.0-vpjht2/lib/gcc/x86_64-pc-linux-gnu/9.1.0/../../../../lib64] ==> [/appl/spack/install-tree/gcc-4.8.5/gcc-9.1.0-vpjht2/lib64]
  collapse library dir [/lib/../lib64] ==> [/lib64]
  collapse library dir [/usr/lib/../lib64] ==> [/usr/lib64]
  collapse library dir [/appl/opt/cluster_studio_xe2019/compilers_and_libraries_2019.4.243/linux/tbb/lib/intel64_lin/gcc4.7] ==> [/appl/opt/cluster_studio_xe2019/compilers_and_libraries_2019.4.243/linux/tbb/lib/intel64_lin/gcc4.7]
  collapse library dir [/appl/opt/cluster_studio_xe2019/compilers_and_libraries_2019.4.243/linux/compiler/lib/intel64_lin] ==> [/appl/opt/cluster_studio_xe2019/compilers_and_libraries_2019.4.243/linux/compiler/lib/intel64_lin]
  collapse library dir [/appl/opt/cluster_studio_xe2019/compilers_and_libraries_2019.4.243/linux/mkl/lib/intel64_lin] ==> [/appl/opt/cluster_studio_xe2019/compilers_and_libraries_2019.4.243/linux/mkl/lib/intel64_lin]
  collapse library dir [/appl/spack/install-tree/gcc-9.1.0/hpcx-mpi-2.4.0-dnpuei/lib] ==> [/appl/spack/install-tree/gcc-9.1.0/hpcx-mpi-2.4.0-dnpuei/lib]
  collapse library dir [/appl/spack/install-tree/gcc-9.1.0/boost-1.68.0-6pttok/lib] ==> [/appl/spack/install-tree/gcc-9.1.0/boost-1.68.0-6pttok/lib]
  collapse library dir [/appl/spack/install-tree/gcc-4.8.5/gcc-9.1.0-vpjht2/lib64] ==> [/appl/spack/install-tree/gcc-4.8.5/gcc-9.1.0-vpjht2/lib64]
  collapse library dir [/appl/spack/install-tree/gcc-4.8.5/gcc-9.1.0-vpjht2/lib] ==> [/appl/spack/install-tree/gcc-4.8.5/gcc-9.1.0-vpjht2/lib]
  collapse library dir [/appl/spack/install-tree/gcc-4.8.5/gcc-9.1.0-vpjht2/lib/gcc/x86_64-pc-linux-gnu/9.1.0/../../..] ==> [/appl/spack/install-tree/gcc-4.8.5/gcc-9.1.0-vpjht2/lib]
  implicit libs: [stdc++;m;gcc_s;gcc;c;gcc_s;gcc]
  implicit dirs: [/appl/spack/install-tree/gcc-4.8.5/gcc-9.1.0-vpjht2/lib64;/appl/spack/install-tree/gcc-4.8.5/gcc-9.1.0-vpjht2/lib/gcc/x86_64-pc-linux-gnu/9.1.0;/lib64;/usr/lib64;/appl/opt/cluster_studio_xe2019/compilers_and_libraries_2019.4.243/linux/tbb/lib/intel64_lin/gcc4.7;/appl/opt/cluster_studio_xe2019/compilers_and_libraries_2019.4.243/linux/compiler/lib/intel64_lin;/appl/opt/cluster_studio_xe2019/compilers_and_libraries_2019.4.243/linux/mkl/lib/intel64_lin;/appl/spack/install-tree/gcc-9.1.0/hpcx-mpi-2.4.0-dnpuei/lib;/appl/spack/install-tree/gcc-9.1.0/boost-1.68.0-6pttok/lib;/appl/spack/install-tree/gcc-4.8.5/gcc-9.1.0-vpjht2/lib]
  implicit fwks: []




Detecting CXX [-std=c++2a] compiler features compiled with the following output:
Change Dir: /projappl/plasyre/Github/siris4-framework/multi-particle/CMakeFiles/CMakeTmp

Run Build Command:"/usr/bin/gmake" "cmTC_d9e45/fast"
/usr/bin/gmake -f CMakeFiles/cmTC_d9e45.dir/build.make CMakeFiles/cmTC_d9e45.dir/build
gmake[1]: Entering directory `/projappl/plasyre/Github/siris4-framework/multi-particle/CMakeFiles/CMakeTmp'
Building CXX object CMakeFiles/cmTC_d9e45.dir/feature_tests.cxx.o
/appl/spack/install-tree/gcc-4.8.5/gcc-9.1.0-vpjht2/bin/g++    -std=c++2a -o CMakeFiles/cmTC_d9e45.dir/feature_tests.cxx.o -c /projappl/plasyre/Github/siris4-framework/multi-particle/CMakeFiles/feature_tests.cxx
Linking CXX executable cmTC_d9e45
/appl/spack/install-tree/gcc-4.8.5/cmake-3.12.3-bmoi4r/bin/cmake -E cmake_link_script CMakeFiles/cmTC_d9e45.dir/link.txt --verbose=1
/appl/spack/install-tree/gcc-4.8.5/gcc-9.1.0-vpjht2/bin/g++       -rdynamic CMakeFiles/cmTC_d9e45.dir/feature_tests.cxx.o  -o cmTC_d9e45 
gmake[1]: Leaving directory `/projappl/plasyre/Github/siris4-framework/multi-particle/CMakeFiles/CMakeTmp'


    Feature record: CXX_FEATURE:1cxx_aggregate_default_initializers
    Feature record: CXX_FEATURE:1cxx_alias_templates
    Feature record: CXX_FEATURE:1cxx_alignas
    Feature record: CXX_FEATURE:1cxx_alignof
    Feature record: CXX_FEATURE:1cxx_attributes
    Feature record: CXX_FEATURE:1cxx_attribute_deprecated
    Feature record: CXX_FEATURE:1cxx_auto_type
    Feature record: CXX_FEATURE:1cxx_binary_literals
    Feature record: CXX_FEATURE:1cxx_constexpr
    Feature record: CXX_FEATURE:1cxx_contextual_conversions
    Feature record: CXX_FEATURE:1cxx_decltype
    Feature record: CXX_FEATURE:1cxx_decltype_auto
    Feature record: CXX_FEATURE:1cxx_decltype_incomplete_return_types
    Feature record: CXX_FEATURE:1cxx_default_function_template_args
    Feature record: CXX_FEATURE:1cxx_defaulted_functions
    Feature record: CXX_FEATURE:1cxx_defaulted_move_initializers
    Feature record: CXX_FEATURE:1cxx_delegating_constructors
    Feature record: CXX_FEATURE:1cxx_deleted_functions
    Feature record: CXX_FEATURE:1cxx_digit_separators
    Feature record: CXX_FEATURE:1cxx_enum_forward_declarations
    Feature record: CXX_FEATURE:1cxx_explicit_conversions
    Feature record: CXX_FEATURE:1cxx_extended_friend_declarations
    Feature record: CXX_FEATURE:1cxx_extern_templates
    Feature record: CXX_FEATURE:1cxx_final
    Feature record: CXX_FEATURE:1cxx_func_identifier
    Feature record: CXX_FEATURE:1cxx_generalized_initializers
    Feature record: CXX_FEATURE:1cxx_generic_lambdas
    Feature record: CXX_FEATURE:1cxx_inheriting_constructors
    Feature record: CXX_FEATURE:1cxx_inline_namespaces
    Feature record: CXX_FEATURE:1cxx_lambdas
    Feature record: CXX_FEATURE:1cxx_lambda_init_captures
    Feature record: CXX_FEATURE:1cxx_local_type_template_args
    Feature record: CXX_FEATURE:1cxx_long_long_type
    Feature record: CXX_FEATURE:1cxx_noexcept
    Feature record: CXX_FEATURE:1cxx_nonstatic_member_init
    Feature record: CXX_FEATURE:1cxx_nullptr
    Feature record: CXX_FEATURE:1cxx_override
    Feature record: CXX_FEATURE:1cxx_range_for
    Feature record: CXX_FEATURE:1cxx_raw_string_literals
    Feature record: CXX_FEATURE:1cxx_reference_qualified_functions
    Feature record: CXX_FEATURE:1cxx_relaxed_constexpr
    Feature record: CXX_FEATURE:1cxx_return_type_deduction
    Feature record: CXX_FEATURE:1cxx_right_angle_brackets
    Feature record: CXX_FEATURE:1cxx_rvalue_references
    Feature record: CXX_FEATURE:1cxx_sizeof_member
    Feature record: CXX_FEATURE:1cxx_static_assert
    Feature record: CXX_FEATURE:1cxx_strong_enums
    Feature record: CXX_FEATURE:1cxx_template_template_parameters
    Feature record: CXX_FEATURE:1cxx_thread_local
    Feature record: CXX_FEATURE:1cxx_trailing_return_types
    Feature record: CXX_FEATURE:1cxx_unicode_literals
    Feature record: CXX_FEATURE:1cxx_uniform_initialization
    Feature record: CXX_FEATURE:1cxx_unrestricted_unions
    Feature record: CXX_FEATURE:1cxx_user_literals
    Feature record: CXX_FEATURE:1cxx_variable_templates
    Feature record: CXX_FEATURE:1cxx_variadic_macros
    Feature record: CXX_FEATURE:1cxx_variadic_templates


Detecting CXX [-std=c++17] compiler features compiled with the following output:
Change Dir: /projappl/plasyre/Github/siris4-framework/multi-particle/CMakeFiles/CMakeTmp

Run Build Command:"/usr/bin/gmake" "cmTC_28f8e/fast"
/usr/bin/gmake -f CMakeFiles/cmTC_28f8e.dir/build.make CMakeFiles/cmTC_28f8e.dir/build
gmake[1]: Entering directory `/projappl/plasyre/Github/siris4-framework/multi-particle/CMakeFiles/CMakeTmp'
Building CXX object CMakeFiles/cmTC_28f8e.dir/feature_tests.cxx.o
/appl/spack/install-tree/gcc-4.8.5/gcc-9.1.0-vpjht2/bin/g++    -std=c++17 -o CMakeFiles/cmTC_28f8e.dir/feature_tests.cxx.o -c /projappl/plasyre/Github/siris4-framework/multi-particle/CMakeFiles/feature_tests.cxx
Linking CXX executable cmTC_28f8e
/appl/spack/install-tree/gcc-4.8.5/cmake-3.12.3-bmoi4r/bin/cmake -E cmake_link_script CMakeFiles/cmTC_28f8e.dir/link.txt --verbose=1
/appl/spack/install-tree/gcc-4.8.5/gcc-9.1.0-vpjht2/bin/g++       -rdynamic CMakeFiles/cmTC_28f8e.dir/feature_tests.cxx.o  -o cmTC_28f8e 
gmake[1]: Leaving directory `/projappl/plasyre/Github/siris4-framework/multi-particle/CMakeFiles/CMakeTmp'


    Feature record: CXX_FEATURE:1cxx_aggregate_default_initializers
    Feature record: CXX_FEATURE:1cxx_alias_templates
    Feature record: CXX_FEATURE:1cxx_alignas
    Feature record: CXX_FEATURE:1cxx_alignof
    Feature record: CXX_FEATURE:1cxx_attributes
    Feature record: CXX_FEATURE:1cxx_attribute_deprecated
    Feature record: CXX_FEATURE:1cxx_auto_type
    Feature record: CXX_FEATURE:1cxx_binary_literals
    Feature record: CXX_FEATURE:1cxx_constexpr
    Feature record: CXX_FEATURE:1cxx_contextual_conversions
    Feature record: CXX_FEATURE:1cxx_decltype
    Feature record: CXX_FEATURE:1cxx_decltype_auto
    Feature record: CXX_FEATURE:1cxx_decltype_incomplete_return_types
    Feature record: CXX_FEATURE:1cxx_default_function_template_args
    Feature record: CXX_FEATURE:1cxx_defaulted_functions
    Feature record: CXX_FEATURE:1cxx_defaulted_move_initializers
    Feature record: CXX_FEATURE:1cxx_delegating_constructors
    Feature record: CXX_FEATURE:1cxx_deleted_functions
    Feature record: CXX_FEATURE:1cxx_digit_separators
    Feature record: CXX_FEATURE:1cxx_enum_forward_declarations
    Feature record: CXX_FEATURE:1cxx_explicit_conversions
    Feature record: CXX_FEATURE:1cxx_extended_friend_declarations
    Feature record: CXX_FEATURE:1cxx_extern_templates
    Feature record: CXX_FEATURE:1cxx_final
    Feature record: CXX_FEATURE:1cxx_func_identifier
    Feature record: CXX_FEATURE:1cxx_generalized_initializers
    Feature record: CXX_FEATURE:1cxx_generic_lambdas
    Feature record: CXX_FEATURE:1cxx_inheriting_constructors
    Feature record: CXX_FEATURE:1cxx_inline_namespaces
    Feature record: CXX_FEATURE:1cxx_lambdas
    Feature record: CXX_FEATURE:1cxx_lambda_init_captures
    Feature record: CXX_FEATURE:1cxx_local_type_template_args
    Feature record: CXX_FEATURE:1cxx_long_long_type
    Feature record: CXX_FEATURE:1cxx_noexcept
    Feature record: CXX_FEATURE:1cxx_nonstatic_member_init
    Feature record: CXX_FEATURE:1cxx_nullptr
    Feature record: CXX_FEATURE:1cxx_override
    Feature record: CXX_FEATURE:1cxx_range_for
    Feature record: CXX_FEATURE:1cxx_raw_string_literals
    Feature record: CXX_FEATURE:1cxx_reference_qualified_functions
    Feature record: CXX_FEATURE:1cxx_relaxed_constexpr
    Feature record: CXX_FEATURE:1cxx_return_type_deduction
    Feature record: CXX_FEATURE:1cxx_right_angle_brackets
    Feature record: CXX_FEATURE:1cxx_rvalue_references
    Feature record: CXX_FEATURE:1cxx_sizeof_member
    Feature record: CXX_FEATURE:1cxx_static_assert
    Feature record: CXX_FEATURE:1cxx_strong_enums
    Feature record: CXX_FEATURE:1cxx_template_template_parameters
    Feature record: CXX_FEATURE:1cxx_thread_local
    Feature record: CXX_FEATURE:1cxx_trailing_return_types
    Feature record: CXX_FEATURE:1cxx_unicode_literals
    Feature record: CXX_FEATURE:1cxx_uniform_initialization
    Feature record: CXX_FEATURE:1cxx_unrestricted_unions
    Feature record: CXX_FEATURE:1cxx_user_literals
    Feature record: CXX_FEATURE:1cxx_variable_templates
    Feature record: CXX_FEATURE:1cxx_variadic_macros
    Feature record: CXX_FEATURE:1cxx_variadic_templates


Detecting CXX [-std=c++14] compiler features compiled with the following output:
Change Dir: /projappl/plasyre/Github/siris4-framework/multi-particle/CMakeFiles/CMakeTmp

Run Build Command:"/usr/bin/gmake" "cmTC_7e36b/fast"
/usr/bin/gmake -f CMakeFiles/cmTC_7e36b.dir/build.make CMakeFiles/cmTC_7e36b.dir/build
gmake[1]: Entering directory `/projappl/plasyre/Github/siris4-framework/multi-particle/CMakeFiles/CMakeTmp'
Building CXX object CMakeFiles/cmTC_7e36b.dir/feature_tests.cxx.o
/appl/spack/install-tree/gcc-4.8.5/gcc-9.1.0-vpjht2/bin/g++    -std=c++14 -o CMakeFiles/cmTC_7e36b.dir/feature_tests.cxx.o -c /projappl/plasyre/Github/siris4-framework/multi-particle/CMakeFiles/feature_tests.cxx
Linking CXX executable cmTC_7e36b
/appl/spack/install-tree/gcc-4.8.5/cmake-3.12.3-bmoi4r/bin/cmake -E cmake_link_script CMakeFiles/cmTC_7e36b.dir/link.txt --verbose=1
/appl/spack/install-tree/gcc-4.8.5/gcc-9.1.0-vpjht2/bin/g++       -rdynamic CMakeFiles/cmTC_7e36b.dir/feature_tests.cxx.o  -o cmTC_7e36b 
gmake[1]: Leaving directory `/projappl/plasyre/Github/siris4-framework/multi-particle/CMakeFiles/CMakeTmp'


    Feature record: CXX_FEATURE:1cxx_aggregate_default_initializers
    Feature record: CXX_FEATURE:1cxx_alias_templates
    Feature record: CXX_FEATURE:1cxx_alignas
    Feature record: CXX_FEATURE:1cxx_alignof
    Feature record: CXX_FEATURE:1cxx_attributes
    Feature record: CXX_FEATURE:1cxx_attribute_deprecated
    Feature record: CXX_FEATURE:1cxx_auto_type
    Feature record: CXX_FEATURE:1cxx_binary_literals
    Feature record: CXX_FEATURE:1cxx_constexpr
    Feature record: CXX_FEATURE:1cxx_contextual_conversions
    Feature record: CXX_FEATURE:1cxx_decltype
    Feature record: CXX_FEATURE:1cxx_decltype_auto
    Feature record: CXX_FEATURE:1cxx_decltype_incomplete_return_types
    Feature record: CXX_FEATURE:1cxx_default_function_template_args
    Feature record: CXX_FEATURE:1cxx_defaulted_functions
    Feature record: CXX_FEATURE:1cxx_defaulted_move_initializers
    Feature record: CXX_FEATURE:1cxx_delegating_constructors
    Feature record: CXX_FEATURE:1cxx_deleted_functions
    Feature record: CXX_FEATURE:1cxx_digit_separators
    Feature record: CXX_FEATURE:1cxx_enum_forward_declarations
    Feature record: CXX_FEATURE:1cxx_explicit_conversions
    Feature record: CXX_FEATURE:1cxx_extended_friend_declarations
    Feature record: CXX_FEATURE:1cxx_extern_templates
    Feature record: CXX_FEATURE:1cxx_final
    Feature record: CXX_FEATURE:1cxx_func_identifier
    Feature record: CXX_FEATURE:1cxx_generalized_initializers
    Feature record: CXX_FEATURE:1cxx_generic_lambdas
    Feature record: CXX_FEATURE:1cxx_inheriting_constructors
    Feature record: CXX_FEATURE:1cxx_inline_namespaces
    Feature record: CXX_FEATURE:1cxx_lambdas
    Feature record: CXX_FEATURE:1cxx_lambda_init_captures
    Feature record: CXX_FEATURE:1cxx_local_type_template_args
    Feature record: CXX_FEATURE:1cxx_long_long_type
    Feature record: CXX_FEATURE:1cxx_noexcept
    Feature record: CXX_FEATURE:1cxx_nonstatic_member_init
    Feature record: CXX_FEATURE:1cxx_nullptr
    Feature record: CXX_FEATURE:1cxx_override
    Feature record: CXX_FEATURE:1cxx_range_for
    Feature record: CXX_FEATURE:1cxx_raw_string_literals
    Feature record: CXX_FEATURE:1cxx_reference_qualified_functions
    Feature record: CXX_FEATURE:1cxx_relaxed_constexpr
    Feature record: CXX_FEATURE:1cxx_return_type_deduction
    Feature record: CXX_FEATURE:1cxx_right_angle_brackets
    Feature record: CXX_FEATURE:1cxx_rvalue_references
    Feature record: CXX_FEATURE:1cxx_sizeof_member
    Feature record: CXX_FEATURE:1cxx_static_assert
    Feature record: CXX_FEATURE:1cxx_strong_enums
    Feature record: CXX_FEATURE:1cxx_template_template_parameters
    Feature record: CXX_FEATURE:1cxx_thread_local
    Feature record: CXX_FEATURE:1cxx_trailing_return_types
    Feature record: CXX_FEATURE:1cxx_unicode_literals
    Feature record: CXX_FEATURE:1cxx_uniform_initialization
    Feature record: CXX_FEATURE:1cxx_unrestricted_unions
    Feature record: CXX_FEATURE:1cxx_user_literals
    Feature record: CXX_FEATURE:1cxx_variable_templates
    Feature record: CXX_FEATURE:1cxx_variadic_macros
    Feature record: CXX_FEATURE:1cxx_variadic_templates


Detecting CXX [-std=c++11] compiler features compiled with the following output:
Change Dir: /projappl/plasyre/Github/siris4-framework/multi-particle/CMakeFiles/CMakeTmp

Run Build Command:"/usr/bin/gmake" "cmTC_1b553/fast"
/usr/bin/gmake -f CMakeFiles/cmTC_1b553.dir/build.make CMakeFiles/cmTC_1b553.dir/build
gmake[1]: Entering directory `/projappl/plasyre/Github/siris4-framework/multi-particle/CMakeFiles/CMakeTmp'
Building CXX object CMakeFiles/cmTC_1b553.dir/feature_tests.cxx.o
/appl/spack/install-tree/gcc-4.8.5/gcc-9.1.0-vpjht2/bin/g++    -std=c++11 -o CMakeFiles/cmTC_1b553.dir/feature_tests.cxx.o -c /projappl/plasyre/Github/siris4-framework/multi-particle/CMakeFiles/feature_tests.cxx
Linking CXX executable cmTC_1b553
/appl/spack/install-tree/gcc-4.8.5/cmake-3.12.3-bmoi4r/bin/cmake -E cmake_link_script CMakeFiles/cmTC_1b553.dir/link.txt --verbose=1
/appl/spack/install-tree/gcc-4.8.5/gcc-9.1.0-vpjht2/bin/g++       -rdynamic CMakeFiles/cmTC_1b553.dir/feature_tests.cxx.o  -o cmTC_1b553 
gmake[1]: Leaving directory `/projappl/plasyre/Github/siris4-framework/multi-particle/CMakeFiles/CMakeTmp'


    Feature record: CXX_FEATURE:0cxx_aggregate_default_initializers
    Feature record: CXX_FEATURE:1cxx_alias_templates
    Feature record: CXX_FEATURE:1cxx_alignas
    Feature record: CXX_FEATURE:1cxx_alignof
    Feature record: CXX_FEATURE:1cxx_attributes
    Feature record: CXX_FEATURE:0cxx_attribute_deprecated
    Feature record: CXX_FEATURE:1cxx_auto_type
    Feature record: CXX_FEATURE:0cxx_binary_literals
    Feature record: CXX_FEATURE:1cxx_constexpr
    Feature record: CXX_FEATURE:0cxx_contextual_conversions
    Feature record: CXX_FEATURE:1cxx_decltype
    Feature record: CXX_FEATURE:0cxx_decltype_auto
    Feature record: CXX_FEATURE:1cxx_decltype_incomplete_return_types
    Feature record: CXX_FEATURE:1cxx_default_function_template_args
    Feature record: CXX_FEATURE:1cxx_defaulted_functions
    Feature record: CXX_FEATURE:1cxx_defaulted_move_initializers
    Feature record: CXX_FEATURE:1cxx_delegating_constructors
    Feature record: CXX_FEATURE:1cxx_deleted_functions
    Feature record: CXX_FEATURE:0cxx_digit_separators
    Feature record: CXX_FEATURE:1cxx_enum_forward_declarations
    Feature record: CXX_FEATURE:1cxx_explicit_conversions
    Feature record: CXX_FEATURE:1cxx_extended_friend_declarations
    Feature record: CXX_FEATURE:1cxx_extern_templates
    Feature record: CXX_FEATURE:1cxx_final
    Feature record: CXX_FEATURE:1cxx_func_identifier
    Feature record: CXX_FEATURE:1cxx_generalized_initializers
    Feature record: CXX_FEATURE:0cxx_generic_lambdas
    Feature record: CXX_FEATURE:1cxx_inheriting_constructors
    Feature record: CXX_FEATURE:1cxx_inline_namespaces
    Feature record: CXX_FEATURE:1cxx_lambdas
    Feature record: CXX_FEATURE:0cxx_lambda_init_captures
    Feature record: CXX_FEATURE:1cxx_local_type_template_args
    Feature record: CXX_FEATURE:1cxx_long_long_type
    Feature record: CXX_FEATURE:1cxx_noexcept
    Feature record: CXX_FEATURE:1cxx_nonstatic_member_init
    Feature record: CXX_FEATURE:1cxx_nullptr
    Feature record: CXX_FEATURE:1cxx_override
    Feature record: CXX_FEATURE:1cxx_range_for
    Feature record: CXX_FEATURE:1cxx_raw_string_literals
    Feature record: CXX_FEATURE:1cxx_reference_qualified_functions
    Feature record: CXX_FEATURE:0cxx_relaxed_constexpr
    Feature record: CXX_FEATURE:0cxx_return_type_deduction
    Feature record: CXX_FEATURE:1cxx_right_angle_brackets
    Feature record: CXX_FEATURE:1cxx_rvalue_references
    Feature record: CXX_FEATURE:1cxx_sizeof_member
    Feature record: CXX_FEATURE:1cxx_static_assert
    Feature record: CXX_FEATURE:1cxx_strong_enums
    Feature record: CXX_FEATURE:1cxx_template_template_parameters
    Feature record: CXX_FEATURE:1cxx_thread_local
    Feature record: CXX_FEATURE:1cxx_trailing_return_types
    Feature record: CXX_FEATURE:1cxx_unicode_literals
    Feature record: CXX_FEATURE:1cxx_uniform_initialization
    Feature record: CXX_FEATURE:1cxx_unrestricted_unions
    Feature record: CXX_FEATURE:1cxx_user_literals
    Feature record: CXX_FEATURE:0cxx_variable_templates
    Feature record: CXX_FEATURE:1cxx_variadic_macros
    Feature record: CXX_FEATURE:1cxx_variadic_templates


Detecting CXX [-std=c++98] compiler features compiled with the following output:
Change Dir: /projappl/plasyre/Github/siris4-framework/multi-particle/CMakeFiles/CMakeTmp

Run Build Command:"/usr/bin/gmake" "cmTC_9fa70/fast"
/usr/bin/gmake -f CMakeFiles/cmTC_9fa70.dir/build.make CMakeFiles/cmTC_9fa70.dir/build
gmake[1]: Entering directory `/projappl/plasyre/Github/siris4-framework/multi-particle/CMakeFiles/CMakeTmp'
Building CXX object CMakeFiles/cmTC_9fa70.dir/feature_tests.cxx.o
/appl/spack/install-tree/gcc-4.8.5/gcc-9.1.0-vpjht2/bin/g++    -std=c++98 -o CMakeFiles/cmTC_9fa70.dir/feature_tests.cxx.o -c /projappl/plasyre/Github/siris4-framework/multi-particle/CMakeFiles/feature_tests.cxx
Linking CXX executable cmTC_9fa70
/appl/spack/install-tree/gcc-4.8.5/cmake-3.12.3-bmoi4r/bin/cmake -E cmake_link_script CMakeFiles/cmTC_9fa70.dir/link.txt --verbose=1
/appl/spack/install-tree/gcc-4.8.5/gcc-9.1.0-vpjht2/bin/g++       -rdynamic CMakeFiles/cmTC_9fa70.dir/feature_tests.cxx.o  -o cmTC_9fa70 
gmake[1]: Leaving directory `/projappl/plasyre/Github/siris4-framework/multi-particle/CMakeFiles/CMakeTmp'


    Feature record: CXX_FEATURE:0cxx_aggregate_default_initializers
    Feature record: CXX_FEATURE:0cxx_alias_templates
    Feature record: CXX_FEATURE:0cxx_alignas
    Feature record: CXX_FEATURE:0cxx_alignof
    Feature record: CXX_FEATURE:0cxx_attributes
    Feature record: CXX_FEATURE:0cxx_attribute_deprecated
    Feature record: CXX_FEATURE:0cxx_auto_type
    Feature record: CXX_FEATURE:0cxx_binary_literals
    Feature record: CXX_FEATURE:0cxx_constexpr
    Feature record: CXX_FEATURE:0cxx_contextual_conversions
    Feature record: CXX_FEATURE:0cxx_decltype
    Feature record: CXX_FEATURE:0cxx_decltype_auto
    Feature record: CXX_FEATURE:0cxx_decltype_incomplete_return_types
    Feature record: CXX_FEATURE:0cxx_default_function_template_args
    Feature record: CXX_FEATURE:0cxx_defaulted_functions
    Feature record: CXX_FEATURE:0cxx_defaulted_move_initializers
    Feature record: CXX_FEATURE:0cxx_delegating_constructors
    Feature record: CXX_FEATURE:0cxx_deleted_functions
    Feature record: CXX_FEATURE:0cxx_digit_separators
    Feature record: CXX_FEATURE:0cxx_enum_forward_declarations
    Feature record: CXX_FEATURE:0cxx_explicit_conversions
    Feature record: CXX_FEATURE:0cxx_extended_friend_declarations
    Feature record: CXX_FEATURE:0cxx_extern_templates
    Feature record: CXX_FEATURE:0cxx_final
    Feature record: CXX_FEATURE:0cxx_func_identifier
    Feature record: CXX_FEATURE:0cxx_generalized_initializers
    Feature record: CXX_FEATURE:0cxx_generic_lambdas
    Feature record: CXX_FEATURE:0cxx_inheriting_constructors
    Feature record: CXX_FEATURE:0cxx_inline_namespaces
    Feature record: CXX_FEATURE:0cxx_lambdas
    Feature record: CXX_FEATURE:0cxx_lambda_init_captures
    Feature record: CXX_FEATURE:0cxx_local_type_template_args
    Feature record: CXX_FEATURE:0cxx_long_long_type
    Feature record: CXX_FEATURE:0cxx_noexcept
    Feature record: CXX_FEATURE:0cxx_nonstatic_member_init
    Feature record: CXX_FEATURE:0cxx_nullptr
    Feature record: CXX_FEATURE:0cxx_override
    Feature record: CXX_FEATURE:0cxx_range_for
    Feature record: CXX_FEATURE:0cxx_raw_string_literals
    Feature record: CXX_FEATURE:0cxx_reference_qualified_functions
    Feature record: CXX_FEATURE:0cxx_relaxed_constexpr
    Feature record: CXX_FEATURE:0cxx_return_type_deduction
    Feature record: CXX_FEATURE:0cxx_right_angle_brackets
    Feature record: CXX_FEATURE:0cxx_rvalue_references
    Feature record: CXX_FEATURE:0cxx_sizeof_member
    Feature record: CXX_FEATURE:0cxx_static_assert
    Feature record: CXX_FEATURE:0cxx_strong_enums
    Feature record: CXX_FEATURE:1cxx_template_template_parameters
    Feature record: CXX_FEATURE:0cxx_thread_local
    Feature record: CXX_FEATURE:0cxx_trailing_return_types
    Feature record: CXX_FEATURE:0cxx_unicode_literals
    Feature record: CXX_FEATURE:0cxx_uniform_initialization
    Feature record: CXX_FEATURE:0cxx_unrestricted_unions
    Feature record: CXX_FEATURE:0cxx_user_literals
    Feature record: CXX_FEATURE:0cxx_variable_templates
    Feature record: CXX_FEATURE:0cxx_variadic_macros
    Feature record: CXX_FEATURE:0cxx_variadic_templates
Determining if the C compiler works passed with the following output:
Change Dir: /projappl/plasyre/Github/siris4-framework/multi-particle/CMakeFiles/CMakeTmp

Run Build Command:"/usr/bin/gmake" "cmTC_d328b/fast"
/usr/bin/gmake -f CMakeFiles/cmTC_d328b.dir/build.make CMakeFiles/cmTC_d328b.dir/build
gmake[1]: Entering directory `/projappl/plasyre/Github/siris4-framework/multi-particle/CMakeFiles/CMakeTmp'
Building C object CMakeFiles/cmTC_d328b.dir/testCCompiler.c.o
/appl/spack/install-tree/gcc-4.8.5/gcc-9.1.0-vpjht2/bin/gcc    -o CMakeFiles/cmTC_d328b.dir/testCCompiler.c.o   -c /projappl/plasyre/Github/siris4-framework/multi-particle/CMakeFiles/CMakeTmp/testCCompiler.c
Linking C executable cmTC_d328b
/appl/spack/install-tree/gcc-4.8.5/cmake-3.12.3-bmoi4r/bin/cmake -E cmake_link_script CMakeFiles/cmTC_d328b.dir/link.txt --verbose=1
/appl/spack/install-tree/gcc-4.8.5/gcc-9.1.0-vpjht2/bin/gcc      -rdynamic CMakeFiles/cmTC_d328b.dir/testCCompiler.c.o  -o cmTC_d328b 
gmake[1]: Leaving directory `/projappl/plasyre/Github/siris4-framework/multi-particle/CMakeFiles/CMakeTmp'


Detecting C compiler ABI info compiled with the following output:
Change Dir: /projappl/plasyre/Github/siris4-framework/multi-particle/CMakeFiles/CMakeTmp

Run Build Command:"/usr/bin/gmake" "cmTC_a892b/fast"
/usr/bin/gmake -f CMakeFiles/cmTC_a892b.dir/build.make CMakeFiles/cmTC_a892b.dir/build
gmake[1]: Entering directory `/projappl/plasyre/Github/siris4-framework/multi-particle/CMakeFiles/CMakeTmp'
Building C object CMakeFiles/cmTC_a892b.dir/CMakeCCompilerABI.c.o
/appl/spack/install-tree/gcc-4.8.5/gcc-9.1.0-vpjht2/bin/gcc    -o CMakeFiles/cmTC_a892b.dir/CMakeCCompilerABI.c.o   -c /appl/spack/install-tree/gcc-4.8.5/cmake-3.12.3-bmoi4r/share/cmake-3.12/Modules/CMakeCCompilerABI.c
Linking C executable cmTC_a892b
/appl/spack/install-tree/gcc-4.8.5/cmake-3.12.3-bmoi4r/bin/cmake -E cmake_link_script CMakeFiles/cmTC_a892b.dir/link.txt --verbose=1
/appl/spack/install-tree/gcc-4.8.5/gcc-9.1.0-vpjht2/bin/gcc     -v -rdynamic CMakeFiles/cmTC_a892b.dir/CMakeCCompilerABI.c.o  -o cmTC_a892b 
Reading specs from /appl/spack/install-tree/gcc-4.8.5/gcc-9.1.0-vpjht2/lib/gcc/x86_64-pc-linux-gnu/9.1.0/specs
COLLECT_GCC=/appl/spack/install-tree/gcc-4.8.5/gcc-9.1.0-vpjht2/bin/gcc
COLLECT_LTO_WRAPPER=/appl/spack/install-tree/gcc-4.8.5/gcc-9.1.0-vpjht2/libexec/gcc/x86_64-pc-linux-gnu/9.1.0/lto-wrapper
Target: x86_64-pc-linux-gnu
Configured with: /appl/spack/spack/var/spack/stage/gcc-9.1.0-vpjht2f52lvl5z6i6xdb4ty3w7onplnf/gcc-9.1.0/configure --prefix=/appl/spack/install-tree/gcc-4.8.5/gcc-9.1.0-vpjht2 --disable-multilib --enable-languages=c,c++,fortran --with-mpfr=/appl/spack/install-tree/gcc-4.8.5/mpfr-3.1.6-vwx7sn --with-gmp=/appl/spack/install-tree/gcc-4.8.5/gmp-6.1.2-5odxtl --enable-lto --with-quad --with-system-zlib --with-sysroot=/ --with-stage1-ldflags='-Wl,-rpath,/appl/spack/install-tree/gcc-4.8.5/gcc-9.1.0-vpjht2/lib -Wl,-rpath,/appl/spack/install-tree/gcc-4.8.5/gcc-9.1.0-vpjht2/lib64 -Wl,-rpath,/appl/spack/install-tree/gcc-4.8.5/gmp-6.1.2-5odxtl/lib -Wl,-rpath,/appl/spack/install-tree/gcc-4.8.5/mpfr-3.1.6-vwx7sn/lib -Wl,-rpath,/appl/spack/install-tree/gcc-4.8.5/mpc-1.1.0-pogagq/lib -Wl,-rpath,/appl/spack/install-tree/gcc-4.8.5/isl-0.19-ogesu2/lib -Wl,-rpath,/appl/spack/install-tree/gcc-4.8.5/zlib-1.2.11-vhzh5c/lib -Wl,-rpath,/appl/spack/install-tree/gcc-4.8.5/binutils-2.31.1-xbslr3/lib -static-libstdc++ -static-libgcc' --with-boot-ldflags='-Wl,-rpath,/appl/spack/install-tree/gcc-4.8.5/gcc-9.1.0-vpjht2/lib -Wl,-rpath,/appl/spack/install-tree/gcc-4.8.5/gcc-9.1.0-vpjht2/lib64 -Wl,-rpath,/appl/spack/install-tree/gcc-4.8.5/gmp-6.1.2-5odxtl/lib -Wl,-rpath,/appl/spack/install-tree/gcc-4.8.5/mpfr-3.1.6-vwx7sn/lib -Wl,-rpath,/appl/spack/install-tree/gcc-4.8.5/mpc-1.1.0-pogagq/lib -Wl,-rpath,/appl/spack/install-tree/gcc-4.8.5/isl-0.19-ogesu2/lib -Wl,-rpath,/appl/spack/install-tree/gcc-4.8.5/zlib-1.2.11-vhzh5c/lib -Wl,-rpath,/appl/spack/install-tree/gcc-4.8.5/binutils-2.31.1-xbslr3/lib -static-libstdc++ -static-libgcc' --with-gnu-ld --with-ld=/appl/spack/install-tree/gcc-4.8.5/binutils-2.31.1-xbslr3/bin/ld --with-gnu-as --with-as=/appl/spack/install-tree/gcc-4.8.5/binutils-2.31.1-xbslr3/bin/as --with-mpc=/appl/spack/install-tree/gcc-4.8.5/mpc-1.1.0-pogagq --with-isl=/appl/spack/install-tree/gcc-4.8.5/isl-0.19-ogesu2
Thread model: posix
gcc version 9.1.0 (GCC) 
COMPILER_PATH=/appl/spack/install-tree/gcc-4.8.5/gcc-9.1.0-vpjht2/libexec/gcc/x86_64-pc-linux-gnu/9.1.0/:/appl/spack/install-tree/gcc-4.8.5/gcc-9.1.0-vpjht2/libexec/gcc/x86_64-pc-linux-gnu/9.1.0/:/appl/spack/install-tree/gcc-4.8.5/gcc-9.1.0-vpjht2/libexec/gcc/x86_64-pc-linux-gnu/:/appl/spack/install-tree/gcc-4.8.5/gcc-9.1.0-vpjht2/lib/gcc/x86_64-pc-linux-gnu/9.1.0/:/appl/spack/install-tree/gcc-4.8.5/gcc-9.1.0-vpjht2/lib/gcc/x86_64-pc-linux-gnu/
LIBRARY_PATH=/appl/spack/install-tree/gcc-4.8.5/gcc-9.1.0-vpjht2/lib64/../lib64/:/appl/spack/install-tree/gcc-4.8.5/gcc-9.1.0-vpjht2/lib/../lib64/:/appl/spack/install-tree/gcc-4.8.5/gcc-9.1.0-vpjht2/lib/gcc/x86_64-pc-linux-gnu/9.1.0/:/appl/spack/install-tree/gcc-4.8.5/gcc-9.1.0-vpjht2/lib/gcc/x86_64-pc-linux-gnu/9.1.0/../../../../lib64/:/lib/../lib64/:/usr/lib/../lib64/:/appl/opt/cluster_studio_xe2019/compilers_and_libraries_2019.4.243/linux/tbb/lib/intel64_lin/gcc4.7/:/appl/opt/cluster_studio_xe2019/compilers_and_libraries_2019.4.243/linux/compiler/lib/intel64_lin/:/appl/opt/cluster_studio_xe2019/compilers_and_libraries_2019.4.243/linux/mkl/lib/intel64_lin/:/appl/spack/install-tree/gcc-9.1.0/hpcx-mpi-2.4.0-dnpuei/lib/:/appl/spack/install-tree/gcc-9.1.0/boost-1.68.0-6pttok/lib/:/appl/spack/install-tree/gcc-4.8.5/gcc-9.1.0-vpjht2/lib64/:/appl/spack/install-tree/gcc-4.8.5/gcc-9.1.0-vpjht2/lib/:/appl/spack/install-tree/gcc-4.8.5/gcc-9.1.0-vpjht2/lib/gcc/x86_64-pc-linux-gnu/9.1.0/../../../:/lib/:/usr/lib/
COLLECT_GCC_OPTIONS='-v' '-rdynamic' '-o' 'cmTC_a892b' '-mtune=generic' '-march=x86-64'
 /appl/spack/install-tree/gcc-4.8.5/gcc-9.1.0-vpjht2/libexec/gcc/x86_64-pc-linux-gnu/9.1.0/collect2 -plugin /appl/spack/install-tree/gcc-4.8.5/gcc-9.1.0-vpjht2/libexec/gcc/x86_64-pc-linux-gnu/9.1.0/liblto_plugin.so -plugin-opt=/appl/spack/install-tree/gcc-4.8.5/gcc-9.1.0-vpjht2/libexec/gcc/x86_64-pc-linux-gnu/9.1.0/lto-wrapper -plugin-opt=-fresolution=/local_scratch/apentti/ccgnyDq1.res -plugin-opt=-pass-through=-lgcc -plugin-opt=-pass-through=-lgcc_s -plugin-opt=-pass-through=-lc -plugin-opt=-pass-through=-lgcc -plugin-opt=-pass-through=-lgcc_s --sysroot=/ -rpath /appl/spack/install-tree/gcc-4.8.5/gcc-9.1.0-vpjht2/lib:/appl/spack/install-tree/gcc-4.8.5/gcc-9.1.0-vpjht2/lib64 --eh-frame-hdr -m elf_x86_64 -export-dynamic -dynamic-linker /lib64/ld-linux-x86-64.so.2 -o cmTC_a892b /lib/../lib64/crt1.o /lib/../lib64/crti.o /appl/spack/install-tree/gcc-4.8.5/gcc-9.1.0-vpjht2/lib/gcc/x86_64-pc-linux-gnu/9.1.0/crtbegin.o -L/appl/spack/install-tree/gcc-4.8.5/gcc-9.1.0-vpjht2/lib64/../lib64 -L/appl/spack/install-tree/gcc-4.8.5/gcc-9.1.0-vpjht2/lib/../lib64 -L/appl/spack/install-tree/gcc-4.8.5/gcc-9.1.0-vpjht2/lib/gcc/x86_64-pc-linux-gnu/9.1.0 -L/appl/spack/install-tree/gcc-4.8.5/gcc-9.1.0-vpjht2/lib/gcc/x86_64-pc-linux-gnu/9.1.0/../../../../lib64 -L/lib/../lib64 -L/usr/lib/../lib64 -L/appl/opt/cluster_studio_xe2019/compilers_and_libraries_2019.4.243/linux/tbb/lib/intel64_lin/gcc4.7 -L/appl/opt/cluster_studio_xe2019/compilers_and_libraries_2019.4.243/linux/compiler/lib/intel64_lin -L/appl/opt/cluster_studio_xe2019/compilers_and_libraries_2019.4.243/linux/mkl/lib/intel64_lin -L/appl/spack/install-tree/gcc-9.1.0/hpcx-mpi-2.4.0-dnpuei/lib -L/appl/spack/install-tree/gcc-9.1.0/boost-1.68.0-6pttok/lib -L/appl/spack/install-tree/gcc-4.8.5/gcc-9.1.0-vpjht2/lib64 -L/appl/spack/install-tree/gcc-4.8.5/gcc-9.1.0-vpjht2/lib -L/appl/spack/install-tree/gcc-4.8.5/gcc-9.1.0-vpjht2/lib/gcc/x86_64-pc-linux-gnu/9.1.0/../../.. CMakeFiles/cmTC_a892b.dir/CMakeCCompilerABI.c.o -lgcc --push-state --as-needed -lgcc_s --pop-state -lc -lgcc --push-state --as-needed -lgcc_s --pop-state /appl/spack/install-tree/gcc-4.8.5/gcc-9.1.0-vpjht2/lib/gcc/x86_64-pc-linux-gnu/9.1.0/crtend.o /lib/../lib64/crtn.o
COLLECT_GCC_OPTIONS='-v' '-rdynamic' '-o' 'cmTC_a892b' '-mtune=generic' '-march=x86-64'
gmake[1]: Leaving directory `/projappl/plasyre/Github/siris4-framework/multi-particle/CMakeFiles/CMakeTmp'


Parsed C implicit link information from above output:
  link line regex: [^( *|.*[/\])(ld|CMAKE_LINK_STARTFILE-NOTFOUND|([^/\]+-)?ld|collect2)[^/\]*( |$)]
  ignore line: [Change Dir: /projappl/plasyre/Github/siris4-framework/multi-particle/CMakeFiles/CMakeTmp]
  ignore line: []
  ignore line: [Run Build Command:"/usr/bin/gmake" "cmTC_a892b/fast"]
  ignore line: [/usr/bin/gmake -f CMakeFiles/cmTC_a892b.dir/build.make CMakeFiles/cmTC_a892b.dir/build]
  ignore line: [gmake[1]: Entering directory `/projappl/plasyre/Github/siris4-framework/multi-particle/CMakeFiles/CMakeTmp']
  ignore line: [Building C object CMakeFiles/cmTC_a892b.dir/CMakeCCompilerABI.c.o]
  ignore line: [/appl/spack/install-tree/gcc-4.8.5/gcc-9.1.0-vpjht2/bin/gcc    -o CMakeFiles/cmTC_a892b.dir/CMakeCCompilerABI.c.o   -c /appl/spack/install-tree/gcc-4.8.5/cmake-3.12.3-bmoi4r/share/cmake-3.12/Modules/CMakeCCompilerABI.c]
  ignore line: [Linking C executable cmTC_a892b]
  ignore line: [/appl/spack/install-tree/gcc-4.8.5/cmake-3.12.3-bmoi4r/bin/cmake -E cmake_link_script CMakeFiles/cmTC_a892b.dir/link.txt --verbose=1]
  ignore line: [/appl/spack/install-tree/gcc-4.8.5/gcc-9.1.0-vpjht2/bin/gcc     -v -rdynamic CMakeFiles/cmTC_a892b.dir/CMakeCCompilerABI.c.o  -o cmTC_a892b ]
  ignore line: [Reading specs from /appl/spack/install-tree/gcc-4.8.5/gcc-9.1.0-vpjht2/lib/gcc/x86_64-pc-linux-gnu/9.1.0/specs]
  ignore line: [COLLECT_GCC=/appl/spack/install-tree/gcc-4.8.5/gcc-9.1.0-vpjht2/bin/gcc]
  ignore line: [COLLECT_LTO_WRAPPER=/appl/spack/install-tree/gcc-4.8.5/gcc-9.1.0-vpjht2/libexec/gcc/x86_64-pc-linux-gnu/9.1.0/lto-wrapper]
  ignore line: [Target: x86_64-pc-linux-gnu]
  ignore line: [Configured with: /appl/spack/spack/var/spack/stage/gcc-9.1.0-vpjht2f52lvl5z6i6xdb4ty3w7onplnf/gcc-9.1.0/configure --prefix=/appl/spack/install-tree/gcc-4.8.5/gcc-9.1.0-vpjht2 --disable-multilib --enable-languages=c,c++,fortran --with-mpfr=/appl/spack/install-tree/gcc-4.8.5/mpfr-3.1.6-vwx7sn --with-gmp=/appl/spack/install-tree/gcc-4.8.5/gmp-6.1.2-5odxtl --enable-lto --with-quad --with-system-zlib --with-sysroot=/ --with-stage1-ldflags='-Wl,-rpath,/appl/spack/install-tree/gcc-4.8.5/gcc-9.1.0-vpjht2/lib -Wl,-rpath,/appl/spack/install-tree/gcc-4.8.5/gcc-9.1.0-vpjht2/lib64 -Wl,-rpath,/appl/spack/install-tree/gcc-4.8.5/gmp-6.1.2-5odxtl/lib -Wl,-rpath,/appl/spack/install-tree/gcc-4.8.5/mpfr-3.1.6-vwx7sn/lib -Wl,-rpath,/appl/spack/install-tree/gcc-4.8.5/mpc-1.1.0-pogagq/lib -Wl,-rpath,/appl/spack/install-tree/gcc-4.8.5/isl-0.19-ogesu2/lib -Wl,-rpath,/appl/spack/install-tree/gcc-4.8.5/zlib-1.2.11-vhzh5c/lib -Wl,-rpath,/appl/spack/install-tree/gcc-4.8.5/binutils-2.31.1-xbslr3/lib -static-libstdc++ -static-libgcc' --with-boot-ldflags='-Wl,-rpath,/appl/spack/install-tree/gcc-4.8.5/gcc-9.1.0-vpjht2/lib -Wl,-rpath,/appl/spack/install-tree/gcc-4.8.5/gcc-9.1.0-vpjht2/lib64 -Wl,-rpath,/appl/spack/install-tree/gcc-4.8.5/gmp-6.1.2-5odxtl/lib -Wl,-rpath,/appl/spack/install-tree/gcc-4.8.5/mpfr-3.1.6-vwx7sn/lib -Wl,-rpath,/appl/spack/install-tree/gcc-4.8.5/mpc-1.1.0-pogagq/lib -Wl,-rpath,/appl/spack/install-tree/gcc-4.8.5/isl-0.19-ogesu2/lib -Wl,-rpath,/appl/spack/install-tree/gcc-4.8.5/zlib-1.2.11-vhzh5c/lib -Wl,-rpath,/appl/spack/install-tree/gcc-4.8.5/binutils-2.31.1-xbslr3/lib -static-libstdc++ -static-libgcc' --with-gnu-ld --with-ld=/appl/spack/install-tree/gcc-4.8.5/binutils-2.31.1-xbslr3/bin/ld --with-gnu-as --with-as=/appl/spack/install-tree/gcc-4.8.5/binutils-2.31.1-xbslr3/bin/as --with-mpc=/appl/spack/install-tree/gcc-4.8.5/mpc-1.1.0-pogagq --with-isl=/appl/spack/install-tree/gcc-4.8.5/isl-0.19-ogesu2]
  ignore line: [Thread model: posix]
  ignore line: [gcc version 9.1.0 (GCC) ]
  ignore line: [COMPILER_PATH=/appl/spack/install-tree/gcc-4.8.5/gcc-9.1.0-vpjht2/libexec/gcc/x86_64-pc-linux-gnu/9.1.0/:/appl/spack/install-tree/gcc-4.8.5/gcc-9.1.0-vpjht2/libexec/gcc/x86_64-pc-linux-gnu/9.1.0/:/appl/spack/install-tree/gcc-4.8.5/gcc-9.1.0-vpjht2/libexec/gcc/x86_64-pc-linux-gnu/:/appl/spack/install-tree/gcc-4.8.5/gcc-9.1.0-vpjht2/lib/gcc/x86_64-pc-linux-gnu/9.1.0/:/appl/spack/install-tree/gcc-4.8.5/gcc-9.1.0-vpjht2/lib/gcc/x86_64-pc-linux-gnu/]
  ignore line: [LIBRARY_PATH=/appl/spack/install-tree/gcc-4.8.5/gcc-9.1.0-vpjht2/lib64/../lib64/:/appl/spack/install-tree/gcc-4.8.5/gcc-9.1.0-vpjht2/lib/../lib64/:/appl/spack/install-tree/gcc-4.8.5/gcc-9.1.0-vpjht2/lib/gcc/x86_64-pc-linux-gnu/9.1.0/:/appl/spack/install-tree/gcc-4.8.5/gcc-9.1.0-vpjht2/lib/gcc/x86_64-pc-linux-gnu/9.1.0/../../../../lib64/:/lib/../lib64/:/usr/lib/../lib64/:/appl/opt/cluster_studio_xe2019/compilers_and_libraries_2019.4.243/linux/tbb/lib/intel64_lin/gcc4.7/:/appl/opt/cluster_studio_xe2019/compilers_and_libraries_2019.4.243/linux/compiler/lib/intel64_lin/:/appl/opt/cluster_studio_xe2019/compilers_and_libraries_2019.4.243/linux/mkl/lib/intel64_lin/:/appl/spack/install-tree/gcc-9.1.0/hpcx-mpi-2.4.0-dnpuei/lib/:/appl/spack/install-tree/gcc-9.1.0/boost-1.68.0-6pttok/lib/:/appl/spack/install-tree/gcc-4.8.5/gcc-9.1.0-vpjht2/lib64/:/appl/spack/install-tree/gcc-4.8.5/gcc-9.1.0-vpjht2/lib/:/appl/spack/install-tree/gcc-4.8.5/gcc-9.1.0-vpjht2/lib/gcc/x86_64-pc-linux-gnu/9.1.0/../../../:/lib/:/usr/lib/]
  ignore line: [COLLECT_GCC_OPTIONS='-v' '-rdynamic' '-o' 'cmTC_a892b' '-mtune=generic' '-march=x86-64']
  link line: [ /appl/spack/install-tree/gcc-4.8.5/gcc-9.1.0-vpjht2/libexec/gcc/x86_64-pc-linux-gnu/9.1.0/collect2 -plugin /appl/spack/install-tree/gcc-4.8.5/gcc-9.1.0-vpjht2/libexec/gcc/x86_64-pc-linux-gnu/9.1.0/liblto_plugin.so -plugin-opt=/appl/spack/install-tree/gcc-4.8.5/gcc-9.1.0-vpjht2/libexec/gcc/x86_64-pc-linux-gnu/9.1.0/lto-wrapper -plugin-opt=-fresolution=/local_scratch/apentti/ccgnyDq1.res -plugin-opt=-pass-through=-lgcc -plugin-opt=-pass-through=-lgcc_s -plugin-opt=-pass-through=-lc -plugin-opt=-pass-through=-lgcc -plugin-opt=-pass-through=-lgcc_s --sysroot=/ -rpath /appl/spack/install-tree/gcc-4.8.5/gcc-9.1.0-vpjht2/lib:/appl/spack/install-tree/gcc-4.8.5/gcc-9.1.0-vpjht2/lib64 --eh-frame-hdr -m elf_x86_64 -export-dynamic -dynamic-linker /lib64/ld-linux-x86-64.so.2 -o cmTC_a892b /lib/../lib64/crt1.o /lib/../lib64/crti.o /appl/spack/install-tree/gcc-4.8.5/gcc-9.1.0-vpjht2/lib/gcc/x86_64-pc-linux-gnu/9.1.0/crtbegin.o -L/appl/spack/install-tree/gcc-4.8.5/gcc-9.1.0-vpjht2/lib64/../lib64 -L/appl/spack/install-tree/gcc-4.8.5/gcc-9.1.0-vpjht2/lib/../lib64 -L/appl/spack/install-tree/gcc-4.8.5/gcc-9.1.0-vpjht2/lib/gcc/x86_64-pc-linux-gnu/9.1.0 -L/appl/spack/install-tree/gcc-4.8.5/gcc-9.1.0-vpjht2/lib/gcc/x86_64-pc-linux-gnu/9.1.0/../../../../lib64 -L/lib/../lib64 -L/usr/lib/../lib64 -L/appl/opt/cluster_studio_xe2019/compilers_and_libraries_2019.4.243/linux/tbb/lib/intel64_lin/gcc4.7 -L/appl/opt/cluster_studio_xe2019/compilers_and_libraries_2019.4.243/linux/compiler/lib/intel64_lin -L/appl/opt/cluster_studio_xe2019/compilers_and_libraries_2019.4.243/linux/mkl/lib/intel64_lin -L/appl/spack/install-tree/gcc-9.1.0/hpcx-mpi-2.4.0-dnpuei/lib -L/appl/spack/install-tree/gcc-9.1.0/boost-1.68.0-6pttok/lib -L/appl/spack/install-tree/gcc-4.8.5/gcc-9.1.0-vpjht2/lib64 -L/appl/spack/install-tree/gcc-4.8.5/gcc-9.1.0-vpjht2/lib -L/appl/spack/install-tree/gcc-4.8.5/gcc-9.1.0-vpjht2/lib/gcc/x86_64-pc-linux-gnu/9.1.0/../../.. CMakeFiles/cmTC_a892b.dir/CMakeCCompilerABI.c.o -lgcc --push-state --as-needed -lgcc_s --pop-state -lc -lgcc --push-state --as-needed -lgcc_s --pop-state /appl/spack/install-tree/gcc-4.8.5/gcc-9.1.0-vpjht2/lib/gcc/x86_64-pc-linux-gnu/9.1.0/crtend.o /lib/../lib64/crtn.o]
    arg [/appl/spack/install-tree/gcc-4.8.5/gcc-9.1.0-vpjht2/libexec/gcc/x86_64-pc-linux-gnu/9.1.0/collect2] ==> ignore
    arg [-plugin] ==> ignore
    arg [/appl/spack/install-tree/gcc-4.8.5/gcc-9.1.0-vpjht2/libexec/gcc/x86_64-pc-linux-gnu/9.1.0/liblto_plugin.so] ==> ignore
    arg [-plugin-opt=/appl/spack/install-tree/gcc-4.8.5/gcc-9.1.0-vpjht2/libexec/gcc/x86_64-pc-linux-gnu/9.1.0/lto-wrapper] ==> ignore
    arg [-plugin-opt=-fresolution=/local_scratch/apentti/ccgnyDq1.res] ==> ignore
    arg [-plugin-opt=-pass-through=-lgcc] ==> ignore
    arg [-plugin-opt=-pass-through=-lgcc_s] ==> ignore
    arg [-plugin-opt=-pass-through=-lc] ==> ignore
    arg [-plugin-opt=-pass-through=-lgcc] ==> ignore
    arg [-plugin-opt=-pass-through=-lgcc_s] ==> ignore
    arg [--sysroot=/] ==> ignore
    arg [-rpath] ==> ignore
    arg [/appl/spack/install-tree/gcc-4.8.5/gcc-9.1.0-vpjht2/lib:/appl/spack/install-tree/gcc-4.8.5/gcc-9.1.0-vpjht2/lib64] ==> ignore
    arg [--eh-frame-hdr] ==> ignore
    arg [-m] ==> ignore
    arg [elf_x86_64] ==> ignore
    arg [-export-dynamic] ==> ignore
    arg [-dynamic-linker] ==> ignore
    arg [/lib64/ld-linux-x86-64.so.2] ==> ignore
    arg [-o] ==> ignore
    arg [cmTC_a892b] ==> ignore
    arg [/lib/../lib64/crt1.o] ==> ignore
    arg [/lib/../lib64/crti.o] ==> ignore
    arg [/appl/spack/install-tree/gcc-4.8.5/gcc-9.1.0-vpjht2/lib/gcc/x86_64-pc-linux-gnu/9.1.0/crtbegin.o] ==> ignore
    arg [-L/appl/spack/install-tree/gcc-4.8.5/gcc-9.1.0-vpjht2/lib64/../lib64] ==> dir [/appl/spack/install-tree/gcc-4.8.5/gcc-9.1.0-vpjht2/lib64/../lib64]
    arg [-L/appl/spack/install-tree/gcc-4.8.5/gcc-9.1.0-vpjht2/lib/../lib64] ==> dir [/appl/spack/install-tree/gcc-4.8.5/gcc-9.1.0-vpjht2/lib/../lib64]
    arg [-L/appl/spack/install-tree/gcc-4.8.5/gcc-9.1.0-vpjht2/lib/gcc/x86_64-pc-linux-gnu/9.1.0] ==> dir [/appl/spack/install-tree/gcc-4.8.5/gcc-9.1.0-vpjht2/lib/gcc/x86_64-pc-linux-gnu/9.1.0]
    arg [-L/appl/spack/install-tree/gcc-4.8.5/gcc-9.1.0-vpjht2/lib/gcc/x86_64-pc-linux-gnu/9.1.0/../../../../lib64] ==> dir [/appl/spack/install-tree/gcc-4.8.5/gcc-9.1.0-vpjht2/lib/gcc/x86_64-pc-linux-gnu/9.1.0/../../../../lib64]
    arg [-L/lib/../lib64] ==> dir [/lib/../lib64]
    arg [-L/usr/lib/../lib64] ==> dir [/usr/lib/../lib64]
    arg [-L/appl/opt/cluster_studio_xe2019/compilers_and_libraries_2019.4.243/linux/tbb/lib/intel64_lin/gcc4.7] ==> dir [/appl/opt/cluster_studio_xe2019/compilers_and_libraries_2019.4.243/linux/tbb/lib/intel64_lin/gcc4.7]
    arg [-L/appl/opt/cluster_studio_xe2019/compilers_and_libraries_2019.4.243/linux/compiler/lib/intel64_lin] ==> dir [/appl/opt/cluster_studio_xe2019/compilers_and_libraries_2019.4.243/linux/compiler/lib/intel64_lin]
    arg [-L/appl/opt/cluster_studio_xe2019/compilers_and_libraries_2019.4.243/linux/mkl/lib/intel64_lin] ==> dir [/appl/opt/cluster_studio_xe2019/compilers_and_libraries_2019.4.243/linux/mkl/lib/intel64_lin]
    arg [-L/appl/spack/install-tree/gcc-9.1.0/hpcx-mpi-2.4.0-dnpuei/lib] ==> dir [/appl/spack/install-tree/gcc-9.1.0/hpcx-mpi-2.4.0-dnpuei/lib]
    arg [-L/appl/spack/install-tree/gcc-9.1.0/boost-1.68.0-6pttok/lib] ==> dir [/appl/spack/install-tree/gcc-9.1.0/boost-1.68.0-6pttok/lib]
    arg [-L/appl/spack/install-tree/gcc-4.8.5/gcc-9.1.0-vpjht2/lib64] ==> dir [/appl/spack/install-tree/gcc-4.8.5/gcc-9.1.0-vpjht2/lib64]
    arg [-L/appl/spack/install-tree/gcc-4.8.5/gcc-9.1.0-vpjht2/lib] ==> dir [/appl/spack/install-tree/gcc-4.8.5/gcc-9.1.0-vpjht2/lib]
    arg [-L/appl/spack/install-tree/gcc-4.8.5/gcc-9.1.0-vpjht2/lib/gcc/x86_64-pc-linux-gnu/9.1.0/../../..] ==> dir [/appl/spack/install-tree/gcc-4.8.5/gcc-9.1.0-vpjht2/lib/gcc/x86_64-pc-linux-gnu/9.1.0/../../..]
    arg [CMakeFiles/cmTC_a892b.dir/CMakeCCompilerABI.c.o] ==> ignore
    arg [-lgcc] ==> lib [gcc]
    arg [--push-state] ==> ignore
    arg [--as-needed] ==> ignore
    arg [-lgcc_s] ==> lib [gcc_s]
    arg [--pop-state] ==> ignore
    arg [-lc] ==> lib [c]
    arg [-lgcc] ==> lib [gcc]
    arg [--push-state] ==> ignore
    arg [--as-needed] ==> ignore
    arg [-lgcc_s] ==> lib [gcc_s]
    arg [--pop-state] ==> ignore
    arg [/appl/spack/install-tree/gcc-4.8.5/gcc-9.1.0-vpjht2/lib/gcc/x86_64-pc-linux-gnu/9.1.0/crtend.o] ==> ignore
    arg [/lib/../lib64/crtn.o] ==> ignore
  collapse library dir [/appl/spack/install-tree/gcc-4.8.5/gcc-9.1.0-vpjht2/lib64/../lib64] ==> [/appl/spack/install-tree/gcc-4.8.5/gcc-9.1.0-vpjht2/lib64]
  collapse library dir [/appl/spack/install-tree/gcc-4.8.5/gcc-9.1.0-vpjht2/lib/../lib64] ==> [/appl/spack/install-tree/gcc-4.8.5/gcc-9.1.0-vpjht2/lib64]
  collapse library dir [/appl/spack/install-tree/gcc-4.8.5/gcc-9.1.0-vpjht2/lib/gcc/x86_64-pc-linux-gnu/9.1.0] ==> [/appl/spack/install-tree/gcc-4.8.5/gcc-9.1.0-vpjht2/lib/gcc/x86_64-pc-linux-gnu/9.1.0]
  collapse library dir [/appl/spack/install-tree/gcc-4.8.5/gcc-9.1.0-vpjht2/lib/gcc/x86_64-pc-linux-gnu/9.1.0/../../../../lib64] ==> [/appl/spack/install-tree/gcc-4.8.5/gcc-9.1.0-vpjht2/lib64]
  collapse library dir [/lib/../lib64] ==> [/lib64]
  collapse library dir [/usr/lib/../lib64] ==> [/usr/lib64]
  collapse library dir [/appl/opt/cluster_studio_xe2019/compilers_and_libraries_2019.4.243/linux/tbb/lib/intel64_lin/gcc4.7] ==> [/appl/opt/cluster_studio_xe2019/compilers_and_libraries_2019.4.243/linux/tbb/lib/intel64_lin/gcc4.7]
  collapse library dir [/appl/opt/cluster_studio_xe2019/compilers_and_libraries_2019.4.243/linux/compiler/lib/intel64_lin] ==> [/appl/opt/cluster_studio_xe2019/compilers_and_libraries_2019.4.243/linux/compiler/lib/intel64_lin]
  collapse library dir [/appl/opt/cluster_studio_xe2019/compilers_and_libraries_2019.4.243/linux/mkl/lib/intel64_lin] ==> [/appl/opt/cluster_studio_xe2019/compilers_and_libraries_2019.4.243/linux/mkl/lib/intel64_lin]
  collapse library dir [/appl/spack/install-tree/gcc-9.1.0/hpcx-mpi-2.4.0-dnpuei/lib] ==> [/appl/spack/install-tree/gcc-9.1.0/hpcx-mpi-2.4.0-dnpuei/lib]
  collapse library dir [/appl/spack/install-tree/gcc-9.1.0/boost-1.68.0-6pttok/lib] ==> [/appl/spack/install-tree/gcc-9.1.0/boost-1.68.0-6pttok/lib]
  collapse library dir [/appl/spack/install-tree/gcc-4.8.5/gcc-9.1.0-vpjht2/lib64] ==> [/appl/spack/install-tree/gcc-4.8.5/gcc-9.1.0-vpjht2/lib64]
  collapse library dir [/appl/spack/install-tree/gcc-4.8.5/gcc-9.1.0-vpjht2/lib] ==> [/appl/spack/install-tree/gcc-4.8.5/gcc-9.1.0-vpjht2/lib]
  collapse library dir [/appl/spack/install-tree/gcc-4.8.5/gcc-9.1.0-vpjht2/lib/gcc/x86_64-pc-linux-gnu/9.1.0/../../..] ==> [/appl/spack/install-tree/gcc-4.8.5/gcc-9.1.0-vpjht2/lib]
  implicit libs: [gcc;gcc_s;c;gcc;gcc_s]
  implicit dirs: [/appl/spack/install-tree/gcc-4.8.5/gcc-9.1.0-vpjht2/lib64;/appl/spack/install-tree/gcc-4.8.5/gcc-9.1.0-vpjht2/lib/gcc/x86_64-pc-linux-gnu/9.1.0;/lib64;/usr/lib64;/appl/opt/cluster_studio_xe2019/compilers_and_libraries_2019.4.243/linux/tbb/lib/intel64_lin/gcc4.7;/appl/opt/cluster_studio_xe2019/compilers_and_libraries_2019.4.243/linux/compiler/lib/intel64_lin;/appl/opt/cluster_studio_xe2019/compilers_and_libraries_2019.4.243/linux/mkl/lib/intel64_lin;/appl/spack/install-tree/gcc-9.1.0/hpcx-mpi-2.4.0-dnpuei/lib;/appl/spack/install-tree/gcc-9.1.0/boost-1.68.0-6pttok/lib;/appl/spack/install-tree/gcc-4.8.5/gcc-9.1.0-vpjht2/lib]
  implicit fwks: []




Detecting C [-std=c11] compiler features compiled with the following output:
Change Dir: /projappl/plasyre/Github/siris4-framework/multi-particle/CMakeFiles/CMakeTmp

Run Build Command:"/usr/bin/gmake" "cmTC_b2a7d/fast"
/usr/bin/gmake -f CMakeFiles/cmTC_b2a7d.dir/build.make CMakeFiles/cmTC_b2a7d.dir/build
gmake[1]: Entering directory `/projappl/plasyre/Github/siris4-framework/multi-particle/CMakeFiles/CMakeTmp'
Building C object CMakeFiles/cmTC_b2a7d.dir/feature_tests.c.o
/appl/spack/install-tree/gcc-4.8.5/gcc-9.1.0-vpjht2/bin/gcc   -std=c11 -o CMakeFiles/cmTC_b2a7d.dir/feature_tests.c.o   -c /projappl/plasyre/Github/siris4-framework/multi-particle/CMakeFiles/feature_tests.c
Linking C executable cmTC_b2a7d
/appl/spack/install-tree/gcc-4.8.5/cmake-3.12.3-bmoi4r/bin/cmake -E cmake_link_script CMakeFiles/cmTC_b2a7d.dir/link.txt --verbose=1
/appl/spack/install-tree/gcc-4.8.5/gcc-9.1.0-vpjht2/bin/gcc      -rdynamic CMakeFiles/cmTC_b2a7d.dir/feature_tests.c.o  -o cmTC_b2a7d 
gmake[1]: Leaving directory `/projappl/plasyre/Github/siris4-framework/multi-particle/CMakeFiles/CMakeTmp'


    Feature record: C_FEATURE:1c_function_prototypes
    Feature record: C_FEATURE:1c_restrict
    Feature record: C_FEATURE:1c_static_assert
    Feature record: C_FEATURE:1c_variadic_macros


Detecting C [-std=c99] compiler features compiled with the following output:
Change Dir: /projappl/plasyre/Github/siris4-framework/multi-particle/CMakeFiles/CMakeTmp

Run Build Command:"/usr/bin/gmake" "cmTC_6a641/fast"
/usr/bin/gmake -f CMakeFiles/cmTC_6a641.dir/build.make CMakeFiles/cmTC_6a641.dir/build
gmake[1]: Entering directory `/projappl/plasyre/Github/siris4-framework/multi-particle/CMakeFiles/CMakeTmp'
Building C object CMakeFiles/cmTC_6a641.dir/feature_tests.c.o
/appl/spack/install-tree/gcc-4.8.5/gcc-9.1.0-vpjht2/bin/gcc   -std=c99 -o CMakeFiles/cmTC_6a641.dir/feature_tests.c.o   -c /projappl/plasyre/Github/siris4-framework/multi-particle/CMakeFiles/feature_tests.c
Linking C executable cmTC_6a641
/appl/spack/install-tree/gcc-4.8.5/cmake-3.12.3-bmoi4r/bin/cmake -E cmake_link_script CMakeFiles/cmTC_6a641.dir/link.txt --verbose=1
/appl/spack/install-tree/gcc-4.8.5/gcc-9.1.0-vpjht2/bin/gcc      -rdynamic CMakeFiles/cmTC_6a641.dir/feature_tests.c.o  -o cmTC_6a641 
gmake[1]: Leaving directory `/projappl/plasyre/Github/siris4-framework/multi-particle/CMakeFiles/CMakeTmp'


    Feature record: C_FEATURE:1c_function_prototypes
    Feature record: C_FEATURE:1c_restrict
    Feature record: C_FEATURE:0c_static_assert
    Feature record: C_FEATURE:1c_variadic_macros


Detecting C [-std=c90] compiler features compiled with the following output:
Change Dir: /projappl/plasyre/Github/siris4-framework/multi-particle/CMakeFiles/CMakeTmp

Run Build Command:"/usr/bin/gmake" "cmTC_4105b/fast"
/usr/bin/gmake -f CMakeFiles/cmTC_4105b.dir/build.make CMakeFiles/cmTC_4105b.dir/build
gmake[1]: Entering directory `/projappl/plasyre/Github/siris4-framework/multi-particle/CMakeFiles/CMakeTmp'
Building C object CMakeFiles/cmTC_4105b.dir/feature_tests.c.o
/appl/spack/install-tree/gcc-4.8.5/gcc-9.1.0-vpjht2/bin/gcc   -std=c90 -o CMakeFiles/cmTC_4105b.dir/feature_tests.c.o   -c /projappl/plasyre/Github/siris4-framework/multi-particle/CMakeFiles/feature_tests.c
Linking C executable cmTC_4105b
/appl/spack/install-tree/gcc-4.8.5/cmake-3.12.3-bmoi4r/bin/cmake -E cmake_link_script CMakeFiles/cmTC_4105b.dir/link.txt --verbose=1
/appl/spack/install-tree/gcc-4.8.5/gcc-9.1.0-vpjht2/bin/gcc      -rdynamic CMakeFiles/cmTC_4105b.dir/feature_tests.c.o  -o cmTC_4105b 
gmake[1]: Leaving directory `/projappl/plasyre/Github/siris4-framework/multi-particle/CMakeFiles/CMakeTmp'


    Feature record: C_FEATURE:1c_function_prototypes
    Feature record: C_FEATURE:0c_restrict
    Feature record: C_FEATURE:0c_static_assert
    Feature record: C_FEATURE:0c_variadic_macros
Determining if the Fortran compiler works passed with the following output:
Change Dir: /projappl/plasyre/Github/siris4-framework/multi-particle/CMakeFiles/CMakeTmp

Run Build Command:"/usr/bin/gmake" "cmTC_1d879/fast"
/usr/bin/gmake -f CMakeFiles/cmTC_1d879.dir/build.make CMakeFiles/cmTC_1d879.dir/build
gmake[1]: Entering directory `/projappl/plasyre/Github/siris4-framework/multi-particle/CMakeFiles/CMakeTmp'
Building Fortran object CMakeFiles/cmTC_1d879.dir/testFortranCompiler.f.o
/appl/spack/install-tree/gcc-4.8.5/gcc-9.1.0-vpjht2/bin/gfortran    -c /projappl/plasyre/Github/siris4-framework/multi-particle/CMakeFiles/CMakeTmp/testFortranCompiler.f -o CMakeFiles/cmTC_1d879.dir/testFortranCompiler.f.o
Linking Fortran executable cmTC_1d879
/appl/spack/install-tree/gcc-4.8.5/cmake-3.12.3-bmoi4r/bin/cmake -E cmake_link_script CMakeFiles/cmTC_1d879.dir/link.txt --verbose=1
/appl/spack/install-tree/gcc-4.8.5/gcc-9.1.0-vpjht2/bin/gfortran      CMakeFiles/cmTC_1d879.dir/testFortranCompiler.f.o  -o cmTC_1d879 
gmake[1]: Leaving directory `/projappl/plasyre/Github/siris4-framework/multi-particle/CMakeFiles/CMakeTmp'


Detecting Fortran compiler ABI info compiled with the following output:
Change Dir: /projappl/plasyre/Github/siris4-framework/multi-particle/CMakeFiles/CMakeTmp

Run Build Command:"/usr/bin/gmake" "cmTC_23619/fast"
/usr/bin/gmake -f CMakeFiles/cmTC_23619.dir/build.make CMakeFiles/cmTC_23619.dir/build
gmake[1]: Entering directory `/projappl/plasyre/Github/siris4-framework/multi-particle/CMakeFiles/CMakeTmp'
Building Fortran object CMakeFiles/cmTC_23619.dir/CMakeFortranCompilerABI.F.o
/appl/spack/install-tree/gcc-4.8.5/gcc-9.1.0-vpjht2/bin/gfortran    -c /appl/spack/install-tree/gcc-4.8.5/cmake-3.12.3-bmoi4r/share/cmake-3.12/Modules/CMakeFortranCompilerABI.F -o CMakeFiles/cmTC_23619.dir/CMakeFortranCompilerABI.F.o
Linking Fortran executable cmTC_23619
/appl/spack/install-tree/gcc-4.8.5/cmake-3.12.3-bmoi4r/bin/cmake -E cmake_link_script CMakeFiles/cmTC_23619.dir/link.txt --verbose=1
/appl/spack/install-tree/gcc-4.8.5/gcc-9.1.0-vpjht2/bin/gfortran   -v   CMakeFiles/cmTC_23619.dir/CMakeFortranCompilerABI.F.o  -o cmTC_23619 
Driving: /appl/spack/install-tree/gcc-4.8.5/gcc-9.1.0-vpjht2/bin/gfortran -v CMakeFiles/cmTC_23619.dir/CMakeFortranCompilerABI.F.o -o cmTC_23619 -l gfortran -l m -shared-libgcc
Reading specs from /appl/spack/install-tree/gcc-4.8.5/gcc-9.1.0-vpjht2/lib/gcc/x86_64-pc-linux-gnu/9.1.0/specs
COLLECT_GCC=/appl/spack/install-tree/gcc-4.8.5/gcc-9.1.0-vpjht2/bin/gfortran
COLLECT_LTO_WRAPPER=/appl/spack/install-tree/gcc-4.8.5/gcc-9.1.0-vpjht2/libexec/gcc/x86_64-pc-linux-gnu/9.1.0/lto-wrapper
Target: x86_64-pc-linux-gnu
Configured with: /appl/spack/spack/var/spack/stage/gcc-9.1.0-vpjht2f52lvl5z6i6xdb4ty3w7onplnf/gcc-9.1.0/configure --prefix=/appl/spack/install-tree/gcc-4.8.5/gcc-9.1.0-vpjht2 --disable-multilib --enable-languages=c,c++,fortran --with-mpfr=/appl/spack/install-tree/gcc-4.8.5/mpfr-3.1.6-vwx7sn --with-gmp=/appl/spack/install-tree/gcc-4.8.5/gmp-6.1.2-5odxtl --enable-lto --with-quad --with-system-zlib --with-sysroot=/ --with-stage1-ldflags='-Wl,-rpath,/appl/spack/install-tree/gcc-4.8.5/gcc-9.1.0-vpjht2/lib -Wl,-rpath,/appl/spack/install-tree/gcc-4.8.5/gcc-9.1.0-vpjht2/lib64 -Wl,-rpath,/appl/spack/install-tree/gcc-4.8.5/gmp-6.1.2-5odxtl/lib -Wl,-rpath,/appl/spack/install-tree/gcc-4.8.5/mpfr-3.1.6-vwx7sn/lib -Wl,-rpath,/appl/spack/install-tree/gcc-4.8.5/mpc-1.1.0-pogagq/lib -Wl,-rpath,/appl/spack/install-tree/gcc-4.8.5/isl-0.19-ogesu2/lib -Wl,-rpath,/appl/spack/install-tree/gcc-4.8.5/zlib-1.2.11-vhzh5c/lib -Wl,-rpath,/appl/spack/install-tree/gcc-4.8.5/binutils-2.31.1-xbslr3/lib -static-libstdc++ -static-libgcc' --with-boot-ldflags='-Wl,-rpath,/appl/spack/install-tree/gcc-4.8.5/gcc-9.1.0-vpjht2/lib -Wl,-rpath,/appl/spack/install-tree/gcc-4.8.5/gcc-9.1.0-vpjht2/lib64 -Wl,-rpath,/appl/spack/install-tree/gcc-4.8.5/gmp-6.1.2-5odxtl/lib -Wl,-rpath,/appl/spack/install-tree/gcc-4.8.5/mpfr-3.1.6-vwx7sn/lib -Wl,-rpath,/appl/spack/install-tree/gcc-4.8.5/mpc-1.1.0-pogagq/lib -Wl,-rpath,/appl/spack/install-tree/gcc-4.8.5/isl-0.19-ogesu2/lib -Wl,-rpath,/appl/spack/install-tree/gcc-4.8.5/zlib-1.2.11-vhzh5c/lib -Wl,-rpath,/appl/spack/install-tree/gcc-4.8.5/binutils-2.31.1-xbslr3/lib -static-libstdc++ -static-libgcc' --with-gnu-ld --with-ld=/appl/spack/install-tree/gcc-4.8.5/binutils-2.31.1-xbslr3/bin/ld --with-gnu-as --with-as=/appl/spack/install-tree/gcc-4.8.5/binutils-2.31.1-xbslr3/bin/as --with-mpc=/appl/spack/install-tree/gcc-4.8.5/mpc-1.1.0-pogagq --with-isl=/appl/spack/install-tree/gcc-4.8.5/isl-0.19-ogesu2
Thread model: posix
gcc version 9.1.0 (GCC) 
Reading specs from /appl/spack/install-tree/gcc-4.8.5/gcc-9.1.0-vpjht2/lib64/../lib64/libgfortran.spec
rename spec lib to liborig
COLLECT_GCC_OPTIONS='-v' '-o' 'cmTC_23619' '-shared-libgcc' '-mtune=generic' '-march=x86-64'
COMPILER_PATH=/appl/spack/install-tree/gcc-4.8.5/gcc-9.1.0-vpjht2/libexec/gcc/x86_64-pc-linux-gnu/9.1.0/:/appl/spack/install-tree/gcc-4.8.5/gcc-9.1.0-vpjht2/libexec/gcc/x86_64-pc-linux-gnu/9.1.0/:/appl/spack/install-tree/gcc-4.8.5/gcc-9.1.0-vpjht2/libexec/gcc/x86_64-pc-linux-gnu/:/appl/spack/install-tree/gcc-4.8.5/gcc-9.1.0-vpjht2/lib/gcc/x86_64-pc-linux-gnu/9.1.0/:/appl/spack/install-tree/gcc-4.8.5/gcc-9.1.0-vpjht2/lib/gcc/x86_64-pc-linux-gnu/
LIBRARY_PATH=/appl/spack/install-tree/gcc-4.8.5/gcc-9.1.0-vpjht2/lib64/../lib64/:/appl/spack/install-tree/gcc-4.8.5/gcc-9.1.0-vpjht2/lib/../lib64/:/appl/spack/install-tree/gcc-4.8.5/gcc-9.1.0-vpjht2/lib/gcc/x86_64-pc-linux-gnu/9.1.0/:/appl/spack/install-tree/gcc-4.8.5/gcc-9.1.0-vpjht2/lib/gcc/x86_64-pc-linux-gnu/9.1.0/../../../../lib64/:/lib/../lib64/:/usr/lib/../lib64/:/appl/opt/cluster_studio_xe2019/compilers_and_libraries_2019.4.243/linux/tbb/lib/intel64_lin/gcc4.7/:/appl/opt/cluster_studio_xe2019/compilers_and_libraries_2019.4.243/linux/compiler/lib/intel64_lin/:/appl/opt/cluster_studio_xe2019/compilers_and_libraries_2019.4.243/linux/mkl/lib/intel64_lin/:/appl/spack/install-tree/gcc-9.1.0/hpcx-mpi-2.4.0-dnpuei/lib/:/appl/spack/install-tree/gcc-9.1.0/boost-1.68.0-6pttok/lib/:/appl/spack/install-tree/gcc-4.8.5/gcc-9.1.0-vpjht2/lib64/:/appl/spack/install-tree/gcc-4.8.5/gcc-9.1.0-vpjht2/lib/:/appl/spack/install-tree/gcc-4.8.5/gcc-9.1.0-vpjht2/lib/gcc/x86_64-pc-linux-gnu/9.1.0/../../../:/lib/:/usr/lib/
COLLECT_GCC_OPTIONS='-v' '-o' 'cmTC_23619' '-shared-libgcc' '-mtune=generic' '-march=x86-64'
 /appl/spack/install-tree/gcc-4.8.5/gcc-9.1.0-vpjht2/libexec/gcc/x86_64-pc-linux-gnu/9.1.0/collect2 -plugin /appl/spack/install-tree/gcc-4.8.5/gcc-9.1.0-vpjht2/libexec/gcc/x86_64-pc-linux-gnu/9.1.0/liblto_plugin.so -plugin-opt=/appl/spack/install-tree/gcc-4.8.5/gcc-9.1.0-vpjht2/libexec/gcc/x86_64-pc-linux-gnu/9.1.0/lto-wrapper -plugin-opt=-fresolution=/local_scratch/apentti/cc3v2E2Z.res -plugin-opt=-pass-through=-lgcc_s -plugin-opt=-pass-through=-lgcc -plugin-opt=-pass-through=-lquadmath -plugin-opt=-pass-through=-lm -plugin-opt=-pass-through=-lgcc_s -plugin-opt=-pass-through=-lgcc -plugin-opt=-pass-through=-lc -plugin-opt=-pass-through=-lgcc_s -plugin-opt=-pass-through=-lgcc --sysroot=/ -rpath /appl/spack/install-tree/gcc-4.8.5/gcc-9.1.0-vpjht2/lib:/appl/spack/install-tree/gcc-4.8.5/gcc-9.1.0-vpjht2/lib64 --eh-frame-hdr -m elf_x86_64 -dynamic-linker /lib64/ld-linux-x86-64.so.2 -o cmTC_23619 /lib/../lib64/crt1.o /lib/../lib64/crti.o /appl/spack/install-tree/gcc-4.8.5/gcc-9.1.0-vpjht2/lib/gcc/x86_64-pc-linux-gnu/9.1.0/crtbegin.o -L/appl/spack/install-tree/gcc-4.8.5/gcc-9.1.0-vpjht2/lib64/../lib64 -L/appl/spack/install-tree/gcc-4.8.5/gcc-9.1.0-vpjht2/lib/../lib64 -L/appl/spack/install-tree/gcc-4.8.5/gcc-9.1.0-vpjht2/lib/gcc/x86_64-pc-linux-gnu/9.1.0 -L/appl/spack/install-tree/gcc-4.8.5/gcc-9.1.0-vpjht2/lib/gcc/x86_64-pc-linux-gnu/9.1.0/../../../../lib64 -L/lib/../lib64 -L/usr/lib/../lib64 -L/appl/opt/cluster_studio_xe2019/compilers_and_libraries_2019.4.243/linux/tbb/lib/intel64_lin/gcc4.7 -L/appl/opt/cluster_studio_xe2019/compilers_and_libraries_2019.4.243/linux/compiler/lib/intel64_lin -L/appl/opt/cluster_studio_xe2019/compilers_and_libraries_2019.4.243/linux/mkl/lib/intel64_lin -L/appl/spack/install-tree/gcc-9.1.0/hpcx-mpi-2.4.0-dnpuei/lib -L/appl/spack/install-tree/gcc-9.1.0/boost-1.68.0-6pttok/lib -L/appl/spack/install-tree/gcc-4.8.5/gcc-9.1.0-vpjht2/lib64 -L/appl/spack/install-tree/gcc-4.8.5/gcc-9.1.0-vpjht2/lib -L/appl/spack/install-tree/gcc-4.8.5/gcc-9.1.0-vpjht2/lib/gcc/x86_64-pc-linux-gnu/9.1.0/../../.. CMakeFiles/cmTC_23619.dir/CMakeFortranCompilerABI.F.o -lgfortran -lm -lgcc_s -lgcc -lquadmath -lm -lgcc_s -lgcc -lc -lgcc_s -lgcc /appl/spack/install-tree/gcc-4.8.5/gcc-9.1.0-vpjht2/lib/gcc/x86_64-pc-linux-gnu/9.1.0/crtend.o /lib/../lib64/crtn.o
COLLECT_GCC_OPTIONS='-v' '-o' 'cmTC_23619' '-shared-libgcc' '-mtune=generic' '-march=x86-64'
gmake[1]: Leaving directory `/projappl/plasyre/Github/siris4-framework/multi-particle/CMakeFiles/CMakeTmp'


Parsed Fortran implicit link information from above output:
  link line regex: [^( *|.*[/\])(ld|CMAKE_LINK_STARTFILE-NOTFOUND|([^/\]+-)?ld|collect2)[^/\]*( |$)]
  ignore line: [Change Dir: /projappl/plasyre/Github/siris4-framework/multi-particle/CMakeFiles/CMakeTmp]
  ignore line: []
  ignore line: [Run Build Command:"/usr/bin/gmake" "cmTC_23619/fast"]
  ignore line: [/usr/bin/gmake -f CMakeFiles/cmTC_23619.dir/build.make CMakeFiles/cmTC_23619.dir/build]
  ignore line: [gmake[1]: Entering directory `/projappl/plasyre/Github/siris4-framework/multi-particle/CMakeFiles/CMakeTmp']
  ignore line: [Building Fortran object CMakeFiles/cmTC_23619.dir/CMakeFortranCompilerABI.F.o]
  ignore line: [/appl/spack/install-tree/gcc-4.8.5/gcc-9.1.0-vpjht2/bin/gfortran    -c /appl/spack/install-tree/gcc-4.8.5/cmake-3.12.3-bmoi4r/share/cmake-3.12/Modules/CMakeFortranCompilerABI.F -o CMakeFiles/cmTC_23619.dir/CMakeFortranCompilerABI.F.o]
  ignore line: [Linking Fortran executable cmTC_23619]
  ignore line: [/appl/spack/install-tree/gcc-4.8.5/cmake-3.12.3-bmoi4r/bin/cmake -E cmake_link_script CMakeFiles/cmTC_23619.dir/link.txt --verbose=1]
  ignore line: [/appl/spack/install-tree/gcc-4.8.5/gcc-9.1.0-vpjht2/bin/gfortran   -v   CMakeFiles/cmTC_23619.dir/CMakeFortranCompilerABI.F.o  -o cmTC_23619 ]
  ignore line: [Driving: /appl/spack/install-tree/gcc-4.8.5/gcc-9.1.0-vpjht2/bin/gfortran -v CMakeFiles/cmTC_23619.dir/CMakeFortranCompilerABI.F.o -o cmTC_23619 -l gfortran -l m -shared-libgcc]
  ignore line: [Reading specs from /appl/spack/install-tree/gcc-4.8.5/gcc-9.1.0-vpjht2/lib/gcc/x86_64-pc-linux-gnu/9.1.0/specs]
  ignore line: [COLLECT_GCC=/appl/spack/install-tree/gcc-4.8.5/gcc-9.1.0-vpjht2/bin/gfortran]
  ignore line: [COLLECT_LTO_WRAPPER=/appl/spack/install-tree/gcc-4.8.5/gcc-9.1.0-vpjht2/libexec/gcc/x86_64-pc-linux-gnu/9.1.0/lto-wrapper]
  ignore line: [Target: x86_64-pc-linux-gnu]
  ignore line: [Configured with: /appl/spack/spack/var/spack/stage/gcc-9.1.0-vpjht2f52lvl5z6i6xdb4ty3w7onplnf/gcc-9.1.0/configure --prefix=/appl/spack/install-tree/gcc-4.8.5/gcc-9.1.0-vpjht2 --disable-multilib --enable-languages=c,c++,fortran --with-mpfr=/appl/spack/install-tree/gcc-4.8.5/mpfr-3.1.6-vwx7sn --with-gmp=/appl/spack/install-tree/gcc-4.8.5/gmp-6.1.2-5odxtl --enable-lto --with-quad --with-system-zlib --with-sysroot=/ --with-stage1-ldflags='-Wl,-rpath,/appl/spack/install-tree/gcc-4.8.5/gcc-9.1.0-vpjht2/lib -Wl,-rpath,/appl/spack/install-tree/gcc-4.8.5/gcc-9.1.0-vpjht2/lib64 -Wl,-rpath,/appl/spack/install-tree/gcc-4.8.5/gmp-6.1.2-5odxtl/lib -Wl,-rpath,/appl/spack/install-tree/gcc-4.8.5/mpfr-3.1.6-vwx7sn/lib -Wl,-rpath,/appl/spack/install-tree/gcc-4.8.5/mpc-1.1.0-pogagq/lib -Wl,-rpath,/appl/spack/install-tree/gcc-4.8.5/isl-0.19-ogesu2/lib -Wl,-rpath,/appl/spack/install-tree/gcc-4.8.5/zlib-1.2.11-vhzh5c/lib -Wl,-rpath,/appl/spack/install-tree/gcc-4.8.5/binutils-2.31.1-xbslr3/lib -static-libstdc++ -static-libgcc' --with-boot-ldflags='-Wl,-rpath,/appl/spack/install-tree/gcc-4.8.5/gcc-9.1.0-vpjht2/lib -Wl,-rpath,/appl/spack/install-tree/gcc-4.8.5/gcc-9.1.0-vpjht2/lib64 -Wl,-rpath,/appl/spack/install-tree/gcc-4.8.5/gmp-6.1.2-5odxtl/lib -Wl,-rpath,/appl/spack/install-tree/gcc-4.8.5/mpfr-3.1.6-vwx7sn/lib -Wl,-rpath,/appl/spack/install-tree/gcc-4.8.5/mpc-1.1.0-pogagq/lib -Wl,-rpath,/appl/spack/install-tree/gcc-4.8.5/isl-0.19-ogesu2/lib -Wl,-rpath,/appl/spack/install-tree/gcc-4.8.5/zlib-1.2.11-vhzh5c/lib -Wl,-rpath,/appl/spack/install-tree/gcc-4.8.5/binutils-2.31.1-xbslr3/lib -static-libstdc++ -static-libgcc' --with-gnu-ld --with-ld=/appl/spack/install-tree/gcc-4.8.5/binutils-2.31.1-xbslr3/bin/ld --with-gnu-as --with-as=/appl/spack/install-tree/gcc-4.8.5/binutils-2.31.1-xbslr3/bin/as --with-mpc=/appl/spack/install-tree/gcc-4.8.5/mpc-1.1.0-pogagq --with-isl=/appl/spack/install-tree/gcc-4.8.5/isl-0.19-ogesu2]
  ignore line: [Thread model: posix]
  ignore line: [gcc version 9.1.0 (GCC) ]
  ignore line: [Reading specs from /appl/spack/install-tree/gcc-4.8.5/gcc-9.1.0-vpjht2/lib64/../lib64/libgfortran.spec]
  ignore line: [rename spec lib to liborig]
  ignore line: [COLLECT_GCC_OPTIONS='-v' '-o' 'cmTC_23619' '-shared-libgcc' '-mtune=generic' '-march=x86-64']
  ignore line: [COMPILER_PATH=/appl/spack/install-tree/gcc-4.8.5/gcc-9.1.0-vpjht2/libexec/gcc/x86_64-pc-linux-gnu/9.1.0/:/appl/spack/install-tree/gcc-4.8.5/gcc-9.1.0-vpjht2/libexec/gcc/x86_64-pc-linux-gnu/9.1.0/:/appl/spack/install-tree/gcc-4.8.5/gcc-9.1.0-vpjht2/libexec/gcc/x86_64-pc-linux-gnu/:/appl/spack/install-tree/gcc-4.8.5/gcc-9.1.0-vpjht2/lib/gcc/x86_64-pc-linux-gnu/9.1.0/:/appl/spack/install-tree/gcc-4.8.5/gcc-9.1.0-vpjht2/lib/gcc/x86_64-pc-linux-gnu/]
  ignore line: [LIBRARY_PATH=/appl/spack/install-tree/gcc-4.8.5/gcc-9.1.0-vpjht2/lib64/../lib64/:/appl/spack/install-tree/gcc-4.8.5/gcc-9.1.0-vpjht2/lib/../lib64/:/appl/spack/install-tree/gcc-4.8.5/gcc-9.1.0-vpjht2/lib/gcc/x86_64-pc-linux-gnu/9.1.0/:/appl/spack/install-tree/gcc-4.8.5/gcc-9.1.0-vpjht2/lib/gcc/x86_64-pc-linux-gnu/9.1.0/../../../../lib64/:/lib/../lib64/:/usr/lib/../lib64/:/appl/opt/cluster_studio_xe2019/compilers_and_libraries_2019.4.243/linux/tbb/lib/intel64_lin/gcc4.7/:/appl/opt/cluster_studio_xe2019/compilers_and_libraries_2019.4.243/linux/compiler/lib/intel64_lin/:/appl/opt/cluster_studio_xe2019/compilers_and_libraries_2019.4.243/linux/mkl/lib/intel64_lin/:/appl/spack/install-tree/gcc-9.1.0/hpcx-mpi-2.4.0-dnpuei/lib/:/appl/spack/install-tree/gcc-9.1.0/boost-1.68.0-6pttok/lib/:/appl/spack/install-tree/gcc-4.8.5/gcc-9.1.0-vpjht2/lib64/:/appl/spack/install-tree/gcc-4.8.5/gcc-9.1.0-vpjht2/lib/:/appl/spack/install-tree/gcc-4.8.5/gcc-9.1.0-vpjht2/lib/gcc/x86_64-pc-linux-gnu/9.1.0/../../../:/lib/:/usr/lib/]
  ignore line: [COLLECT_GCC_OPTIONS='-v' '-o' 'cmTC_23619' '-shared-libgcc' '-mtune=generic' '-march=x86-64']
  link line: [ /appl/spack/install-tree/gcc-4.8.5/gcc-9.1.0-vpjht2/libexec/gcc/x86_64-pc-linux-gnu/9.1.0/collect2 -plugin /appl/spack/install-tree/gcc-4.8.5/gcc-9.1.0-vpjht2/libexec/gcc/x86_64-pc-linux-gnu/9.1.0/liblto_plugin.so -plugin-opt=/appl/spack/install-tree/gcc-4.8.5/gcc-9.1.0-vpjht2/libexec/gcc/x86_64-pc-linux-gnu/9.1.0/lto-wrapper -plugin-opt=-fresolution=/local_scratch/apentti/cc3v2E2Z.res -plugin-opt=-pass-through=-lgcc_s -plugin-opt=-pass-through=-lgcc -plugin-opt=-pass-through=-lquadmath -plugin-opt=-pass-through=-lm -plugin-opt=-pass-through=-lgcc_s -plugin-opt=-pass-through=-lgcc -plugin-opt=-pass-through=-lc -plugin-opt=-pass-through=-lgcc_s -plugin-opt=-pass-through=-lgcc --sysroot=/ -rpath /appl/spack/install-tree/gcc-4.8.5/gcc-9.1.0-vpjht2/lib:/appl/spack/install-tree/gcc-4.8.5/gcc-9.1.0-vpjht2/lib64 --eh-frame-hdr -m elf_x86_64 -dynamic-linker /lib64/ld-linux-x86-64.so.2 -o cmTC_23619 /lib/../lib64/crt1.o /lib/../lib64/crti.o /appl/spack/install-tree/gcc-4.8.5/gcc-9.1.0-vpjht2/lib/gcc/x86_64-pc-linux-gnu/9.1.0/crtbegin.o -L/appl/spack/install-tree/gcc-4.8.5/gcc-9.1.0-vpjht2/lib64/../lib64 -L/appl/spack/install-tree/gcc-4.8.5/gcc-9.1.0-vpjht2/lib/../lib64 -L/appl/spack/install-tree/gcc-4.8.5/gcc-9.1.0-vpjht2/lib/gcc/x86_64-pc-linux-gnu/9.1.0 -L/appl/spack/install-tree/gcc-4.8.5/gcc-9.1.0-vpjht2/lib/gcc/x86_64-pc-linux-gnu/9.1.0/../../../../lib64 -L/lib/../lib64 -L/usr/lib/../lib64 -L/appl/opt/cluster_studio_xe2019/compilers_and_libraries_2019.4.243/linux/tbb/lib/intel64_lin/gcc4.7 -L/appl/opt/cluster_studio_xe2019/compilers_and_libraries_2019.4.243/linux/compiler/lib/intel64_lin -L/appl/opt/cluster_studio_xe2019/compilers_and_libraries_2019.4.243/linux/mkl/lib/intel64_lin -L/appl/spack/install-tree/gcc-9.1.0/hpcx-mpi-2.4.0-dnpuei/lib -L/appl/spack/install-tree/gcc-9.1.0/boost-1.68.0-6pttok/lib -L/appl/spack/install-tree/gcc-4.8.5/gcc-9.1.0-vpjht2/lib64 -L/appl/spack/install-tree/gcc-4.8.5/gcc-9.1.0-vpjht2/lib -L/appl/spack/install-tree/gcc-4.8.5/gcc-9.1.0-vpjht2/lib/gcc/x86_64-pc-linux-gnu/9.1.0/../../.. CMakeFiles/cmTC_23619.dir/CMakeFortranCompilerABI.F.o -lgfortran -lm -lgcc_s -lgcc -lquadmath -lm -lgcc_s -lgcc -lc -lgcc_s -lgcc /appl/spack/install-tree/gcc-4.8.5/gcc-9.1.0-vpjht2/lib/gcc/x86_64-pc-linux-gnu/9.1.0/crtend.o /lib/../lib64/crtn.o]
    arg [/appl/spack/install-tree/gcc-4.8.5/gcc-9.1.0-vpjht2/libexec/gcc/x86_64-pc-linux-gnu/9.1.0/collect2] ==> ignore
    arg [-plugin] ==> ignore
    arg [/appl/spack/install-tree/gcc-4.8.5/gcc-9.1.0-vpjht2/libexec/gcc/x86_64-pc-linux-gnu/9.1.0/liblto_plugin.so] ==> ignore
    arg [-plugin-opt=/appl/spack/install-tree/gcc-4.8.5/gcc-9.1.0-vpjht2/libexec/gcc/x86_64-pc-linux-gnu/9.1.0/lto-wrapper] ==> ignore
    arg [-plugin-opt=-fresolution=/local_scratch/apentti/cc3v2E2Z.res] ==> ignore
    arg [-plugin-opt=-pass-through=-lgcc_s] ==> ignore
    arg [-plugin-opt=-pass-through=-lgcc] ==> ignore
    arg [-plugin-opt=-pass-through=-lquadmath] ==> ignore
    arg [-plugin-opt=-pass-through=-lm] ==> ignore
    arg [-plugin-opt=-pass-through=-lgcc_s] ==> ignore
    arg [-plugin-opt=-pass-through=-lgcc] ==> ignore
    arg [-plugin-opt=-pass-through=-lc] ==> ignore
    arg [-plugin-opt=-pass-through=-lgcc_s] ==> ignore
    arg [-plugin-opt=-pass-through=-lgcc] ==> ignore
    arg [--sysroot=/] ==> ignore
    arg [-rpath] ==> ignore
    arg [/appl/spack/install-tree/gcc-4.8.5/gcc-9.1.0-vpjht2/lib:/appl/spack/install-tree/gcc-4.8.5/gcc-9.1.0-vpjht2/lib64] ==> ignore
    arg [--eh-frame-hdr] ==> ignore
    arg [-m] ==> ignore
    arg [elf_x86_64] ==> ignore
    arg [-dynamic-linker] ==> ignore
    arg [/lib64/ld-linux-x86-64.so.2] ==> ignore
    arg [-o] ==> ignore
    arg [cmTC_23619] ==> ignore
    arg [/lib/../lib64/crt1.o] ==> ignore
    arg [/lib/../lib64/crti.o] ==> ignore
    arg [/appl/spack/install-tree/gcc-4.8.5/gcc-9.1.0-vpjht2/lib/gcc/x86_64-pc-linux-gnu/9.1.0/crtbegin.o] ==> ignore
    arg [-L/appl/spack/install-tree/gcc-4.8.5/gcc-9.1.0-vpjht2/lib64/../lib64] ==> dir [/appl/spack/install-tree/gcc-4.8.5/gcc-9.1.0-vpjht2/lib64/../lib64]
    arg [-L/appl/spack/install-tree/gcc-4.8.5/gcc-9.1.0-vpjht2/lib/../lib64] ==> dir [/appl/spack/install-tree/gcc-4.8.5/gcc-9.1.0-vpjht2/lib/../lib64]
    arg [-L/appl/spack/install-tree/gcc-4.8.5/gcc-9.1.0-vpjht2/lib/gcc/x86_64-pc-linux-gnu/9.1.0] ==> dir [/appl/spack/install-tree/gcc-4.8.5/gcc-9.1.0-vpjht2/lib/gcc/x86_64-pc-linux-gnu/9.1.0]
    arg [-L/appl/spack/install-tree/gcc-4.8.5/gcc-9.1.0-vpjht2/lib/gcc/x86_64-pc-linux-gnu/9.1.0/../../../../lib64] ==> dir [/appl/spack/install-tree/gcc-4.8.5/gcc-9.1.0-vpjht2/lib/gcc/x86_64-pc-linux-gnu/9.1.0/../../../../lib64]
    arg [-L/lib/../lib64] ==> dir [/lib/../lib64]
    arg [-L/usr/lib/../lib64] ==> dir [/usr/lib/../lib64]
    arg [-L/appl/opt/cluster_studio_xe2019/compilers_and_libraries_2019.4.243/linux/tbb/lib/intel64_lin/gcc4.7] ==> dir [/appl/opt/cluster_studio_xe2019/compilers_and_libraries_2019.4.243/linux/tbb/lib/intel64_lin/gcc4.7]
    arg [-L/appl/opt/cluster_studio_xe2019/compilers_and_libraries_2019.4.243/linux/compiler/lib/intel64_lin] ==> dir [/appl/opt/cluster_studio_xe2019/compilers_and_libraries_2019.4.243/linux/compiler/lib/intel64_lin]
    arg [-L/appl/opt/cluster_studio_xe2019/compilers_and_libraries_2019.4.243/linux/mkl/lib/intel64_lin] ==> dir [/appl/opt/cluster_studio_xe2019/compilers_and_libraries_2019.4.243/linux/mkl/lib/intel64_lin]
    arg [-L/appl/spack/install-tree/gcc-9.1.0/hpcx-mpi-2.4.0-dnpuei/lib] ==> dir [/appl/spack/install-tree/gcc-9.1.0/hpcx-mpi-2.4.0-dnpuei/lib]
    arg [-L/appl/spack/install-tree/gcc-9.1.0/boost-1.68.0-6pttok/lib] ==> dir [/appl/spack/install-tree/gcc-9.1.0/boost-1.68.0-6pttok/lib]
    arg [-L/appl/spack/install-tree/gcc-4.8.5/gcc-9.1.0-vpjht2/lib64] ==> dir [/appl/spack/install-tree/gcc-4.8.5/gcc-9.1.0-vpjht2/lib64]
    arg [-L/appl/spack/install-tree/gcc-4.8.5/gcc-9.1.0-vpjht2/lib] ==> dir [/appl/spack/install-tree/gcc-4.8.5/gcc-9.1.0-vpjht2/lib]
    arg [-L/appl/spack/install-tree/gcc-4.8.5/gcc-9.1.0-vpjht2/lib/gcc/x86_64-pc-linux-gnu/9.1.0/../../..] ==> dir [/appl/spack/install-tree/gcc-4.8.5/gcc-9.1.0-vpjht2/lib/gcc/x86_64-pc-linux-gnu/9.1.0/../../..]
    arg [CMakeFiles/cmTC_23619.dir/CMakeFortranCompilerABI.F.o] ==> ignore
    arg [-lgfortran] ==> lib [gfortran]
    arg [-lm] ==> lib [m]
    arg [-lgcc_s] ==> lib [gcc_s]
    arg [-lgcc] ==> lib [gcc]
    arg [-lquadmath] ==> lib [quadmath]
    arg [-lm] ==> lib [m]
    arg [-lgcc_s] ==> lib [gcc_s]
    arg [-lgcc] ==> lib [gcc]
    arg [-lc] ==> lib [c]
    arg [-lgcc_s] ==> lib [gcc_s]
    arg [-lgcc] ==> lib [gcc]
    arg [/appl/spack/install-tree/gcc-4.8.5/gcc-9.1.0-vpjht2/lib/gcc/x86_64-pc-linux-gnu/9.1.0/crtend.o] ==> ignore
    arg [/lib/../lib64/crtn.o] ==> ignore
  collapse library dir [/appl/spack/install-tree/gcc-4.8.5/gcc-9.1.0-vpjht2/lib64/../lib64] ==> [/appl/spack/install-tree/gcc-4.8.5/gcc-9.1.0-vpjht2/lib64]
  collapse library dir [/appl/spack/install-tree/gcc-4.8.5/gcc-9.1.0-vpjht2/lib/../lib64] ==> [/appl/spack/install-tree/gcc-4.8.5/gcc-9.1.0-vpjht2/lib64]
  collapse library dir [/appl/spack/install-tree/gcc-4.8.5/gcc-9.1.0-vpjht2/lib/gcc/x86_64-pc-linux-gnu/9.1.0] ==> [/appl/spack/install-tree/gcc-4.8.5/gcc-9.1.0-vpjht2/lib/gcc/x86_64-pc-linux-gnu/9.1.0]
  collapse library dir [/appl/spack/install-tree/gcc-4.8.5/gcc-9.1.0-vpjht2/lib/gcc/x86_64-pc-linux-gnu/9.1.0/../../../../lib64] ==> [/appl/spack/install-tree/gcc-4.8.5/gcc-9.1.0-vpjht2/lib64]
  collapse library dir [/lib/../lib64] ==> [/lib64]
  collapse library dir [/usr/lib/../lib64] ==> [/usr/lib64]
  collapse library dir [/appl/opt/cluster_studio_xe2019/compilers_and_libraries_2019.4.243/linux/tbb/lib/intel64_lin/gcc4.7] ==> [/appl/opt/cluster_studio_xe2019/compilers_and_libraries_2019.4.243/linux/tbb/lib/intel64_lin/gcc4.7]
  collapse library dir [/appl/opt/cluster_studio_xe2019/compilers_and_libraries_2019.4.243/linux/compiler/lib/intel64_lin] ==> [/appl/opt/cluster_studio_xe2019/compilers_and_libraries_2019.4.243/linux/compiler/lib/intel64_lin]
  collapse library dir [/appl/opt/cluster_studio_xe2019/compilers_and_libraries_2019.4.243/linux/mkl/lib/intel64_lin] ==> [/appl/opt/cluster_studio_xe2019/compilers_and_libraries_2019.4.243/linux/mkl/lib/intel64_lin]
  collapse library dir [/appl/spack/install-tree/gcc-9.1.0/hpcx-mpi-2.4.0-dnpuei/lib] ==> [/appl/spack/install-tree/gcc-9.1.0/hpcx-mpi-2.4.0-dnpuei/lib]
  collapse library dir [/appl/spack/install-tree/gcc-9.1.0/boost-1.68.0-6pttok/lib] ==> [/appl/spack/install-tree/gcc-9.1.0/boost-1.68.0-6pttok/lib]
  collapse library dir [/appl/spack/install-tree/gcc-4.8.5/gcc-9.1.0-vpjht2/lib64] ==> [/appl/spack/install-tree/gcc-4.8.5/gcc-9.1.0-vpjht2/lib64]
  collapse library dir [/appl/spack/install-tree/gcc-4.8.5/gcc-9.1.0-vpjht2/lib] ==> [/appl/spack/install-tree/gcc-4.8.5/gcc-9.1.0-vpjht2/lib]
  collapse library dir [/appl/spack/install-tree/gcc-4.8.5/gcc-9.1.0-vpjht2/lib/gcc/x86_64-pc-linux-gnu/9.1.0/../../..] ==> [/appl/spack/install-tree/gcc-4.8.5/gcc-9.1.0-vpjht2/lib]
  implicit libs: [gfortran;m;gcc_s;gcc;quadmath;m;gcc_s;gcc;c;gcc_s;gcc]
  implicit dirs: [/appl/spack/install-tree/gcc-4.8.5/gcc-9.1.0-vpjht2/lib64;/appl/spack/install-tree/gcc-4.8.5/gcc-9.1.0-vpjht2/lib/gcc/x86_64-pc-linux-gnu/9.1.0;/lib64;/usr/lib64;/appl/opt/cluster_studio_xe2019/compilers_and_libraries_2019.4.243/linux/tbb/lib/intel64_lin/gcc4.7;/appl/opt/cluster_studio_xe2019/compilers_and_libraries_2019.4.243/linux/compiler/lib/intel64_lin;/appl/opt/cluster_studio_xe2019/compilers_and_libraries_2019.4.243/linux/mkl/lib/intel64_lin;/appl/spack/install-tree/gcc-9.1.0/hpcx-mpi-2.4.0-dnpuei/lib;/appl/spack/install-tree/gcc-9.1.0/boost-1.68.0-6pttok/lib;/appl/spack/install-tree/gcc-4.8.5/gcc-9.1.0-vpjht2/lib]
  implicit fwks: []


Determining if the Fortran compiler supports Fortran 90 passed with the following output:
Change Dir: /projappl/plasyre/Github/siris4-framework/multi-particle/CMakeFiles/CMakeTmp

Run Build Command:"/usr/bin/gmake" "cmTC_b706f/fast"
/usr/bin/gmake -f CMakeFiles/cmTC_b706f.dir/build.make CMakeFiles/cmTC_b706f.dir/build
gmake[1]: Entering directory `/projappl/plasyre/Github/siris4-framework/multi-particle/CMakeFiles/CMakeTmp'
Building Fortran object CMakeFiles/cmTC_b706f.dir/testFortranCompilerF90.f90.o
/appl/spack/install-tree/gcc-4.8.5/gcc-9.1.0-vpjht2/bin/gfortran    -c /projappl/plasyre/Github/siris4-framework/multi-particle/CMakeFiles/CMakeTmp/testFortranCompilerF90.f90 -o CMakeFiles/cmTC_b706f.dir/testFortranCompilerF90.f90.o
Linking Fortran executable cmTC_b706f
/appl/spack/install-tree/gcc-4.8.5/cmake-3.12.3-bmoi4r/bin/cmake -E cmake_link_script CMakeFiles/cmTC_b706f.dir/link.txt --verbose=1
/appl/spack/install-tree/gcc-4.8.5/gcc-9.1.0-vpjht2/bin/gfortran      CMakeFiles/cmTC_b706f.dir/testFortranCompilerF90.f90.o  -o cmTC_b706f 
gmake[1]: Leaving directory `/projappl/plasyre/Github/siris4-framework/multi-particle/CMakeFiles/CMakeTmp'


