OFF
3602 7200 0
   0.0000000000000000        0.0000000000000000       0.75703083686330030     
   3.9685963689322666E-002   0.0000000000000000       0.75725329774016570     
   0.0000000000000000        4.1757602589681753E-002  0.79678252276553141     
  -4.0926269751039412E-002   0.0000000000000000       0.78091974723840019     
   0.0000000000000000       -3.9230642308555143E-002  0.74856524823689563     
   8.2387720142895096E-002   0.0000000000000000       0.78386679599199593     
   6.0198556136963739E-002   6.0198556136963732E-002  0.80999223588826852     
   0.0000000000000000        9.0558525712371149E-002  0.86160681806458261     
  -6.5188845809745197E-002   6.5188845809745211E-002  0.87713829634509788     
  -8.6588585927212566E-002   0.0000000000000000       0.82383536408726588     
  -5.7948201082577297E-002  -5.7948201082577276E-002  0.77971293620045246     
   0.0000000000000000       -8.1320553503666945E-002  0.77371338365299158     
   5.7400805902097750E-002  -5.7400805902097778E-002  0.77234754615451373     
  0.13240668487114585        0.0000000000000000       0.83598290715829882     
  0.11635932135509401        6.7180085507085679E-002  0.84831673325272305     
   6.8778396001407394E-002  0.11912767633752969       0.86849940386161217     
   0.0000000000000000       0.14888006795034731       0.93999175452642936     
  -7.8133539821696504E-002  0.13533126074638455       0.98663151079231948     
 -0.12953004844408977        7.4784208337340563E-002  0.94433781732731603     
 -0.13902988870096045        0.0000000000000000       0.87780017037079239     
 -0.11362140528272753       -6.5599348925686252E-002  0.82835597728249766     
  -6.4560355184475657E-002 -0.11182181533420449       0.81523608066788378     
   0.0000000000000000      -0.13166528579450326       0.83130189761516804     
   6.5641914350462280E-002 -0.11369513076108546       0.82889347231280297     
  0.11237735340626037       -6.4881095239922207E-002  0.81928622668966899     
  0.19304323050265410        0.0000000000000000       0.90819699465377757     
  0.18016533201864574        7.4626923991574695E-002  0.91744780122483105     
  0.13434619866178774       0.13434619866178771       0.89385251016490475     
   7.4504789843236344E-002  0.17987047410129836       0.91594630953987077     
   0.0000000000000000       0.21573941488545967        1.0149741470713995     
  -8.9132746902403623E-002  0.21518548642335131        1.0957793553432786     
 -0.16052883408027313       0.16052883408027316        1.0680547922143069     
 -0.19463547981318932        8.0620655457617804E-002  0.99113348275277569     
 -0.19820587651298685        0.0000000000000000       0.93248533451856797     
 -0.17411255778995241       -7.2119782816067540E-002  0.88662553178372505     
 -0.12920097265271044      -0.12920097265271041       0.85961951191567620     
  -7.1288623084295968E-002 -0.17210596069301073       0.87640742781274195     
   0.0000000000000000      -0.19450505899563808       0.91507435699676365     
   7.4525568814966650E-002 -0.17992063897666175       0.91620176187404201     
  0.13260681080586040      -0.13260681080586048       0.88227975100493039     
  0.17212401564465132       -7.1296101690133507E-002  0.87649936822934860     
  0.26496452275546184        0.0000000000000000       0.98886106112662431     
  0.25690171841330545        8.3472428308562843E-002   1.0081107160751130     
  0.20679372015714906       0.15024443221860823       0.95395359513916300     
  0.14197730599012445       0.19541499708201096       0.90146276622341037     
   7.7690755885152687E-002  0.23910756037843581       0.93828447470436993     
   0.0000000000000000       0.28605963195730338        1.0675890804591106     
  -9.7988349597071520E-002  0.30157713038988049        1.1834219667620338     
 -0.18482501306403354       0.25438980643218428        1.1735176011550097     
 -0.23414670275494526       0.17011753734369778        1.0801347773680887     
 -0.25696900899498976        8.3494292343923068E-002   1.0083747717494225     
 -0.26183712797298858        0.0000000000000000       0.97718946490310821     
 -0.24101632357194247       -7.8310950642167365E-002  0.94577467228540768     
 -0.19673739158783604      -0.14293808183740697       0.90756306265439202     
 -0.14196234798771906      -0.19539440915793374       0.90136779271950040     
  -7.8482117990842371E-002 -0.24154312250306120       0.94784188947242287     
   0.0000000000000000      -0.27090927827832612        1.0110471907765293     
   8.4526285361846018E-002 -0.26014515691673123        1.0208383269779477     
  0.15211672748718771      -0.20937071351460568       0.96584144200476074     
  0.19887912088677165      -0.14449413925655891       0.91744300660521383     
  0.23750134066592873       -7.7168863464081625E-002  0.93198149115661333     
  0.34440541851237494        0.0000000000000000        1.0599708866694890     
  0.34582878708630699        9.2664544219210637E-002   1.1018978225128113     
  0.29208229670081459       0.16863379262573941        1.0380028947513273     
  0.21265937869860488       0.21265937869860485       0.92560032835259320     
  0.14142636649368320       0.24495765229691593       0.87053119976024473     
   7.8112943180466396E-002  0.29152147267824119       0.92886100855367715     
   0.0000000000000000       0.35212765595048356        1.0837374897029144     
 -0.10336810294484614       0.38577501207217607        1.2291765800170296     
 -0.20145181408358390       0.34892477726968696        1.2400098634782719     
 -0.26028311958957079       0.26028311958957084        1.1328827462539961     
 -0.28950725463665195       0.16714709139682069        1.0288517029574435     
 -0.31200047726160590        8.3600275920372252E-002  0.99411228722183442     
 -0.32618712073756095        0.0000000000000000        1.0039007315325876     
 -0.31273479412448979       -8.3797035530770309E-002  0.99645200613032492     
 -0.26846812209386484      -0.15500014255972608       0.95408277403177266     
 -0.21124630532186542      -0.21124630532186520       0.91944992393826375     
 -0.15205257141945761      -0.26336277911999562       0.93593939168565699     
  -8.4903076394176338E-002 -0.31686259482196688        1.0096042212441634     
   0.0000000000000000      -0.35638370282662041        1.0968362551070470     
   9.4226545352499941E-002 -0.35165825467722356        1.1204719779466585     
  0.17116967950862594      -0.29647458162422197        1.0536122093745257     
  0.22118586428072787      -0.22118586428072798       0.96271187218763832     
  0.26082051081557023      -0.15058479212954537       0.92690467137211752     
  0.30499849798887768       -8.1724101228825438E-002  0.97180221356109686     
  0.42265217349137590        0.0000000000000000        1.1010465553314508     
  0.43895865255581146       0.10018944797295708        1.1729342973335686     
  0.38820181977639273       0.18694814337920526        1.1224586682425137     
  0.29398667404596646       0.23444654923770353       0.97957358701549269     
  0.20363498145436507       0.25535019010445403       0.85083550972993460     
  0.13550251085884463       0.28137386308766621       0.81357303224790145     
   7.6153820919629203E-002  0.33365168981547749       0.89154526985458260     
   0.0000000000000000       0.40705434090865278        1.0604128122372742     
 -0.10447279205738458       0.45772520917204029        1.2230801089489991     
 -0.20886508943503179       0.43371282720883830        1.2540505933458603     
 -0.27401347139890536       0.34360202511950111        1.1448936226254607     
 -0.30275488955516183       0.24143896777427287        1.0087895790190093     
 -0.32509308857657926       0.15655658020822835       0.93998414399164865     
 -0.35757640155273213        8.1614480250323015E-002  0.95547410412417688     
 -0.38763426940633872        0.0000000000000000        1.0098217963310241     
 -0.38580974750481684       -8.8058557224085829E-002   1.0309159700103345     
 -0.34291734417597236      -0.16514028930403393       0.99152174423791495     
 -0.28030745233766607      -0.22353773394471141       0.93399395549013686     
 -0.21808250796513534      -0.27346681532629030       0.91120072053671686     
 -0.15792830743645644      -0.32794150951625572       0.94822015580731944     
  -8.8927207090051807E-002 -0.38961555123386904        1.0410853964397584     
   0.0000000000000000      -0.44017510010056282        1.1466953398224755     
  0.10140494678159309      -0.44428410079429376        1.1871643412140598     
  0.18682579165487845      -0.38794775380292074        1.1217240540812679     
  0.24009307682289632      -0.30106719568331669        1.0031661256934719     
  0.27512080297533320      -0.21940151910078723       0.91671186358260515     
  0.31449240946746460      -0.15145156220715555       0.90933301473589978     
  0.36825556637686796       -8.4051929933368921E-002  0.98400972727723579     
  0.48841814368752895        0.0000000000000000        1.0970051117642230     
  0.52222366250983487       0.10387674501150680        1.1959126769498467     
  0.48417913457311773       0.20055356415825329        1.1770843526020582     
  0.38460682115333000       0.25698606189270345        1.0389328136870704     
  0.27431482646420702       0.27431482646420696       0.87132693994518240     
  0.18844972507474936       0.28203494451959699       0.76185689476112062     
  0.12756889241732960       0.30797855021083137       0.74872440075273827     
   7.2813223515407144E-002  0.36605679412799269       0.83828442104161116     
   0.0000000000000000       0.44811234446043507        1.0064768044985701     
 -0.10164529323344400       0.51100539686120550        1.1702224084581652     
 -0.20715782680633194       0.50012323502758338        1.2158459385960798     
 -0.27653921740644372       0.41387018637348855        1.1179815166584901     
 -0.30452648536144833       0.30452648536144838       0.96729051813345734     
 -0.31904615409552894       0.21317982467694122       0.86183473703489344     
 -0.34688581330937296       0.14368480846756382       0.84331156349002223     
 -0.39522158808822655        7.8614461726177323E-002  0.90507294351117096     
 -0.44420901599608631        0.0000000000000000       0.99770978522701570     
 -0.45635588706850916       -9.0774829864441062E-002   1.0450728868220223     
 -0.41654320253184346      -0.17253784380301246        1.0126551329298144     
 -0.34844730875642516      -0.23282504815151339       0.94125564861907984     
 -0.27950807231303548      -0.27950807231303537       0.88782263969341713     
 -0.21797098191446723      -0.32621662762704678       0.88120423292482364     
 -0.15845667664478050      -0.38254825780439644       0.93001027145405246     
  -8.9384637643335277E-002 -0.44936691881369717        1.0290678753015567     
   0.0000000000000000      -0.50860120871256143        1.1423370180205461     
  0.10407690696584924      -0.52322994460772165        1.1982171024361732     
  0.19545857537017775      -0.47187874354080656        1.1471809619328481     
  0.25310256432728256      -0.37879475631762410        1.0232327674554815     
  0.28513748304145164      -0.28513748304145176       0.90570376295208133     
  0.31424303296303879      -0.20997048174087260       0.84886013575846853     
  0.35782676819363579      -0.14821670036593787       0.86991003888311269     
  0.42071403550450881       -8.3685224792051552E-002  0.96345164830805541     
  0.53278238420825241        0.0000000000000000        1.0456443043951980     
  0.58118192018475712       0.10247805322852628        1.1582298562084137     
  0.56339605674531146       0.20505939475824561        1.1766901168211301     
  0.47379848860586959       0.27354768493823656        1.0737351204327930     
  0.35424333632394767       0.29724545285643361       0.90757357437888631     
  0.24953762259556361       0.29738735821568102       0.76190821391790831     
  0.17452194051227449       0.30228086800277254       0.68503718778106981     
  0.12059114412349237       0.33132144546549314       0.69198686377455065     
   6.9294141357368319E-002  0.39298660408606245       0.78317786932830813     
   0.0000000000000000       0.47766022709122341       0.93746097975121134     
  -9.6198732996200714E-002  0.54557012551161144        1.0872595758347765     
 -0.19844061039640518       0.54521109616691543        1.1387096177899600     
 -0.27018358796667430       0.46797170172953523        1.0605302963169407     
 -0.30027843821174277       0.35785790751742291       0.91683412768089489     
 -0.30942456147183489       0.25963803540820840       0.79274760160570501     
 -0.32483925546863229       0.18754603158817243       0.73615962372149646     
 -0.36421463181668773       0.13256328486549854       0.76068647007602574     
 -0.42928589485198576        7.5694685699982361E-002  0.85551825168383167     
 -0.49620169279893023        0.0000000000000000       0.97385065513662028     
 -0.52145373093387770       -9.1946361954734768E-002   1.0391983281360280     
 -0.48509047124555349      -0.17655849245954655        1.0131436960638571     
 -0.41278742392936096      -0.23832293032370852       0.93547017351216555     
 -0.33777854656071021      -0.28342985383868963       0.86539068322873836     
 -0.27191264247809843      -0.32405286854505866       0.83022541297494079     
 -0.21269585314062125      -0.36840002419876394       0.83487823170232744     
 -0.15386770522672089      -0.42274804569371466       0.88293739602461541     
  -8.6199367474435226E-002 -0.48886090562031065       0.97424451235944964     
   0.0000000000000000      -0.55171544449088150        1.0828025274072481     
  0.10159148029944653      -0.57615391525030313        1.1482096108601128     
  0.19502326058952091      -0.53582200473812425        1.1190998761918163     
  0.25749167821933910      -0.44598866920207164        1.0107117455068535     
  0.29075695987860573      -0.34651065150709898       0.88776238901799920     
  0.31370091218056767      -0.26322631971069083       0.80370363803619183     
  0.34405417116400477      -0.19863976833735197       0.77970499229999235     
  0.39181850925185385      -0.14261027460223177       0.81833900309434848     
  0.45868130062306084       -8.0877888846296098E-002  0.91409997182508618     
  0.55360503942285433        0.0000000000000000       0.95887205560655520     
  0.60862587918353350        9.6396869241512792E-002   1.0673113189854606     
  0.61200897226477446       0.19885376936008373        1.1145821688704236     
  0.54591763878958921       0.27815893029120264        1.0612235280689173     
  0.43481314294278633       0.31591024008360835       0.93090560595390204     
  0.32148579297353364       0.32148579297353358       0.78747615233918711     
  0.23123864148981010       0.31827268546089005       0.68140034846308895     
  0.16630351846693028       0.32638903244566714       0.63447614790935869     
  0.11655379386972463       0.35871569258816938       0.65328799539200877     
   6.6591440608804897E-002  0.42044180900823497       0.73730401068583618     
   0.0000000000000000       0.50145529495276420       0.86854604858262507     
  -8.9780354039765448E-002  0.56685084630663096       0.99405290693712500     
 -0.18594922560866672       0.57229287040628085        1.0422517604048311     
 -0.25818052071308129       0.50670780226828360       0.98500250480173701     
 -0.29319441998282647       0.40354749884739455       0.86396797116858581     
 -0.30348409965705592       0.30348409965705597       0.74338118920774665     
 -0.31097455974263905       0.22593624278077115       0.66577555364181074     
 -0.33438557164952609       0.17037795869917635       0.65002082890753288     
 -0.38587160559136258       0.12537728487364941       0.70274396382454496     
 -0.46502192393275354        7.3652237160728315E-002  0.81548152972995036     
 -0.54560689153517994        0.0000000000000000       0.94501885709865352     
 -0.57994339954956520       -9.1854010757566731E-002   1.0170125456060382     
 -0.54517438181252775      -0.17713789453248890       0.99286394878262407     
 -0.46951527540085192      -0.23922998174311955       0.91270298235442071     
 -0.39129327852985268      -0.28429120777458489       0.83773251215511479     
 -0.32389633923314598      -0.32389633923314587       0.79338076067661178     
 -0.26328853954272868      -0.36238558569387130       0.77584309194559431     
 -0.20472199195761770      -0.40178953212396135       0.78104914464229480     
 -0.14575443961784809      -0.44858603928205543       0.81695861212256304     
  -8.0430328622905348E-002 -0.50781710916867961       0.89052892282085372     
   0.0000000000000000      -0.56865549532409809       0.98494020990458431     
   9.5024351258537337E-002 -0.59996014168960421        1.0521147260850159     
  0.18639619842254387      -0.57366851127711571        1.0447570582924224     
  0.25270722646584881      -0.49596585747894439       0.96412095832351841     
  0.29079676585143460      -0.40024741104940392       0.85690270582150352     
  0.31422212909904956      -0.31422212909904967       0.76968388218361394     
  0.33824549054580522      -0.24574973378756285       0.72416077675726920     
  0.37217642901980524      -0.18963336228754774       0.72348346161556709     
  0.42021118634534188      -0.13653489102099778       0.76528272735481651     
  0.48301366254386757       -7.6501848611115031E-002  0.84703258091697864     
  0.55620091363026858        0.0000000000000000       0.85647429974091160     
  0.60830834302261194        8.7461535782700175E-002  0.94634513355925276     
  0.62709904572824671       0.18413289352218151        1.0064147168486319     
  0.58946698880504333       0.26920055370654955       0.99787558927322484     
  0.50247551006066704       0.32292140229874383       0.91975177865024749     
  0.39739489214532869       0.34434463421134581       0.80970534682249373     
  0.30140857329569543       0.34784403639931533       0.70874382559965798     
  0.22479266205861373       0.34978420978520702       0.64025936120722160     
  0.16573952129610053       0.36291892865458375       0.61436509027204378     
  0.11642470646798267       0.39650613710943516       0.63634224039413567     
   6.5294162782723500E-002  0.45413087725888779       0.70649128952842200     
   0.0000000000000000       0.52600337526846364       0.80997416842412140     
  -8.3771979835815566E-002  0.58264691775202471       0.90642366083318826     
 -0.17281763392288912       0.58856281050621750       0.94456892945096216     
 -0.24389112768485774       0.53404707625295522       0.90405832902682326     
 -0.28503831862958634       0.44352828124948784       0.81185235378267706     
 -0.30258912391339937       0.34920646444024889       0.71151981817331555     
 -0.31105443892785517       0.26953020562040153       0.63378379372991100     
 -0.32490825526148553       0.20880585681640393       0.59472539395764734     
 -0.35721340045279426       0.16313389387288602       0.60470652172689532     
 -0.41820933699802787       0.12279734093681045       0.67117313340757001     
 -0.50673583418839196        7.2857613745726690E-002  0.78832880756075296     
 -0.59486307188274068        0.0000000000000000       0.91600880265934836     
 -0.63236782619348808       -9.0920767227409383E-002  0.98377446537077295     
 -0.59548673398170238      -0.17485068129036918       0.95568095159727140     
 -0.51576625487991612      -0.23554255629868265       0.87311175229485094     
 -0.43669479596940514      -0.28064670430202282       0.79934406210498388     
 -0.37303498786106271      -0.32323665699275234       0.76007122938184712     
 -0.31650103752088921      -0.36526166861163234       0.74423283215222169     
 -0.25757138687450526      -0.40078890118613830       0.73362043989909564     
 -0.19645577571633793      -0.43017814395398546       0.72822444181436197     
 -0.13636168379147809      -0.46440524636208796       0.74531172978863192     
  -7.3713567319174930E-002 -0.51268912205726969       0.79759033597477380     
   0.0000000000000000      -0.56754552551888904       0.87394347011627271     
   8.6551567901671761E-002 -0.60197937739265361       0.93649916334846395     
  0.17290904456822945      -0.58887412657455240       0.94506855239712662     
  0.24105455154589306      -0.52783584090395841       0.89354367722832384     
  0.28536237452556118      -0.44403252206616711       0.81277533685095171     
  0.31447381857644890      -0.36292213323415817       0.73946595079148070     
  0.34035399982203246      -0.29491841965655174       0.69348262626269197     
  0.37022648212730219      -0.23793011277752563       0.67767773477934790     
  0.40601625467322972      -0.18542141060937689       0.68732213521893237     
  0.44818143484352485      -0.13159794291318935       0.71927456263475942     
  0.49850240438613169       -7.1673825255030410E-002  0.77552006292451336     
  0.55024783489344786        0.0000000000000000       0.75735117172574906     
  0.59212736920187004        7.7955047045280237E-002  0.82202595155549618     
  0.61785422331279272       0.16555354017682136       0.88040236559529639     
  0.60440021813607769       0.25035076745322049       0.90042641242424959     
  0.54733260385092974       0.31600262616959301       0.86988060296247760     
  0.46475990876529294       0.35662282092624853       0.80630798825345085     
  0.37841941439455973       0.37841941439455967       0.73659262530895098     
  0.29979843443811471       0.39070492649782185       0.67783063328782678     
  0.23168612091502958       0.40129213283337739       0.63777717610308970     
  0.17314902361932899       0.41801872113344329       0.62275804359755504     
  0.12031471388567343       0.44902062511944552       0.63982539188067655     
   6.5564796686487167E-002  0.49801407408137272       0.69137235403689379     
   0.0000000000000000       0.55647504547512083       0.76592219178533050     
  -7.9013053058596946E-002  0.60016372272880936       0.83318248898075142     
 -0.16129047448216813       0.60194424554434334       0.85773167478281287     
 -0.23008177488951698       0.55546654139314577       0.82752575210971946     
 -0.27684390579776819       0.47950771060754682       0.76208589346534594     
 -0.30521238073365253       0.39776051867736667       0.69007131977763003     
 -0.32336557005704808       0.32336557005704814       0.62943042857335718     
 -0.33891566812879848       0.26005913880414799       0.58798189216124774     
 -0.36030645951335999       0.20802303139079956       0.57263827889580743     
 -0.39863903056014499       0.16512169294927481       0.59388647020431329     
 -0.46441088057213087       0.12443852040552918       0.66175551195820903     
 -0.55639794944455745        7.3251179696881816E-002  0.77242427495318133     
 -0.64552808997420841        0.0000000000000000       0.88849319219678946     
 -0.68030012661765482       -8.9563210778235702E-002  0.94443254612598326     
 -0.63717478311052056      -0.17073046857193944       0.90793291553528355     
 -0.55120297234110438      -0.22831574676404703       0.82117395065357157     
 -0.47130330567066131      -0.27210709039891656       0.74904655931416841     
 -0.41514699254278237      -0.31855349135637684       0.72023496449149493     
 -0.37108628556309997      -0.37108628556309958       0.72231870485924077     
 -0.32013599505318158      -0.41720935151307265       0.72381293341917019     
 -0.25650878208158367      -0.44428624315291565       0.70610810019834325     
 -0.18966603914857758      -0.45789432403408153       0.68216412087165679     
 -0.12775569032387810      -0.47679072724474719       0.67939599394413630     
  -6.7573418072261041E-002 -0.51327106823326929       0.71255300838241797     
   0.0000000000000000      -0.56089552011171873       0.77200645315504512     
   7.8389712582855653E-002 -0.59542898174656977       0.82660944378180978     
  0.15862828660466743      -0.59200882512621755       0.84357434234215800     
  0.22658940902539676      -0.54703522435921847       0.81496490199572846     
  0.27642515242163940      -0.47878240848425141       0.76093316431326696     
  0.31348101703610592      -0.40853641530552026       0.70876633061657346     
  0.34687129617787005      -0.34687129617787021       0.67518427696094763     
  0.38207999263056697      -0.29318028991223649       0.66286730933460425     
  0.41835882095924570      -0.24153957789867525       0.66490141619595000     
  0.45159511185273632      -0.18705682003079857       0.67277964870346374     
  0.48088411360808403      -0.12885250989424279       0.68522880515040174     
  0.51174816554324198       -6.7372924129536438E-002  0.71043882552580817     
  0.54571780368389800        0.0000000000000000       0.67390536403979906     
  0.57400636473995803        6.9696991188925944E-002  0.71404501978933743     
  0.59974253112171139       0.14782325744026870       0.76278550685838864     
  0.60166770267990621       0.22818246144386267       0.79463617988545865     
  0.56987029429507852       0.29909100299244740       0.79476697388742246     
  0.51372042079014268       0.35459560365729464       0.77084364977054309     
  0.44887998659822914       0.39767296684972631       0.74056467516340019     
  0.38326967021214564       0.43262202555837109       0.71374220146047229     
  0.31727063703110187       0.45964587118089961       0.68970413984727508     
  0.25111543409554543       0.47846048493032894       0.66728270544996238     
  0.18750463763424807       0.49440909635809605       0.65297730604568138     
  0.12751514021691890       0.51734926069354681       0.65799321802784472     
   6.7173733893984636E-002  0.55322547129727206       0.68819427251366028     
   0.0000000000000000       0.59556099060120182       0.73545657383662266     
  -7.5812240956242172E-002  0.62436997769563263       0.77669569619061574     
 -0.15255059740149110       0.61892210328722108       0.78717914065359862     
 -0.21859228008234785       0.57638047266426451       0.76123876172587912     
 -0.26931984717086721       0.51314609610855888       0.71565683287777893     
 -0.30885824029683490       0.44745841046337231       0.67141670893984839     
 -0.34257672983870258       0.38668919116388223       0.63796195819216350     
 -0.37181788884974326       0.32940190563457544       0.61342720169524656     
 -0.39651665885260129       0.27369568799650423       0.59497799996862699     
 -0.42179721369535245       0.22137625520490686       0.58825753593188623     
 -0.45992422432988189       0.17442625076567320       0.60743235349083624     
 -0.52366559144450298       0.12907197592261788       0.66602667455850328     
 -0.61264167578493434        7.4388167278416156E-002  0.76210607474327552     
 -0.69733889457988307        0.0000000000000000       0.86114181805799372     
 -0.72551788471763190       -8.8093820425634073E-002  0.90252036244478373     
 -0.67340220663547445      -0.16597873685252965       0.85646992976683767     
 -0.57853631722665966      -0.21940988407961490       0.76408603453088098     
 -0.49524751663642846      -0.25992594799757990       0.69069466168486748     
 -0.44615342132734848      -0.30795747133432633       0.66945855709730284     
 -0.42035183477639598      -0.37239922974305928       0.69349877310112407     
 -0.39028450761703554      -0.44054014014694831       0.72680555053654694     
 -0.33504542979944663      -0.48539710420869747       0.72834417370598048     
 -0.25990173787652243      -0.49520138810473019       0.69063032874118790     
 -0.18524885573827446      -0.48846108833631691       0.64512163695907054     
 -0.12134294021257622      -0.49230766089867245       0.62614393537591662     
  -6.3035303630023035E-002 -0.51914243168502594       0.64579609334811694     
   0.0000000000000000      -0.56075996320041332       0.69248088405489061     
   7.2090474229874843E-002 -0.59371847104420206       0.73856623105235186     
  0.14680229196762576      -0.59560031136987024       0.75751720416353452     
  0.21334315431516460      -0.56253966552494783       0.74295889384743108     
  0.26700934391085140      -0.50874379995260266       0.70951719087669241     
  0.31164488235670523      -0.45149555846188977       0.67747449790812531     
  0.35456327873006516      -0.40021920792196680       0.66028385438838311     
  0.40060634310639626      -0.35490625057545994       0.66092255214872297     
  0.44808685631627965      -0.30929202514859322       0.67235969947581575     
  0.48845063437958813      -0.25635866900134041       0.68121542123802148     
  0.51286730564807237      -0.19450491305350817       0.67735548166052961     
  0.52231754353184079      -0.12873971195384051       0.66431215314811365     
  0.52899238601027643       -6.4231304618843660E-002  0.65804911223978679     
  0.55025153284382711        0.0000000000000000       0.61111623868030118     
  0.56524090517351511        6.3687354537699845E-002  0.63173584557900286     
  0.58759740603030275       0.13411527349499591       0.66937567861603775     
  0.59680390175240217       0.20883071722176774       0.70222437551531602     
  0.58041828725647848       0.27951471543445727       0.71547401539360089     
  0.54402430674748148       0.34183312802147031       0.71357379887772787     
  0.50137290369572851       0.39983154860404374       0.71221360859371319     
  0.45865031885595547       0.45865031885595542       0.72037604164545499     
  0.41090294811269873       0.51525599956200008       0.73193491728926730     
  0.35094834090043908       0.55853108494080272       0.73260172960893655     
  0.27976297760686936       0.58093380896945157       0.71610949225244847     
  0.20604883631912024       0.58885374289168513       0.69286988683851314     
  0.13639295156236336       0.59757656566872475       0.68074367766850807     
   6.9532739076174660E-002  0.61712012784807169       0.68971814003844500     
   0.0000000000000000       0.64295928101163113       0.71407862401709754     
  -7.4083364908570190E-002  0.65750804917532124       0.73485729645355957     
 -0.14692041683393708       0.64370040469502088       0.73328675517659980     
 -0.21036738514124029       0.60119544635963107       0.70739165015997540     
 -0.26304477756811456       0.54621810887680100       0.67331590375286177     
 -0.31130279870731770       0.49543556598956134       0.64984199150205557     
 -0.36171495205284565       0.45357620341383514       0.64431711850477447     
 -0.41361585471685947       0.41361585471685952       0.64964296313137504     
 -0.45836731233563671       0.36553573392121957       0.65112301676774231     
 -0.48835544283319449       0.30685406247384378       0.64055529178193449     
 -0.50859014778922362       0.24492410655086011       0.62693240929465432     
 -0.53664602353167246       0.18778056520619546       0.63144010560381603     
 -0.59007935786662036       0.13468176280538613       0.67220305358004795     
 -0.67032573613436564        7.5527571380965164E-002  0.74918285611374236     
 -0.74791808135981763        0.0000000000000000       0.83064718122525216     
 -0.76939188517462331       -8.6689645637913371E-002  0.85990314698333359     
 -0.70846760243986207      -0.16170310707373348       0.80706786193028823     
 -0.60290710491470978      -0.21096632037381208       0.70940565904364083     
 -0.51214073178624420      -0.24663397768576922       0.63130916765171474     
 -0.46527601144939029      -0.29235229458400441       0.61028297246785768     
 -0.45670483456342065      -0.36420995213826857       0.64876142266357528     
 -0.45730709510421680      -0.45730709510421669       0.71826631628488991     
 -0.42924043667699241      -0.53825048291396760       0.76459919540468713     
 -0.35774061352899628      -0.56934092490388144       0.74678054197456634     
 -0.26591198638083041      -0.55217192932484593       0.68065510018485309     
 -0.18325655522788026      -0.52371714581413753       0.61622744855742073     
 -0.11779659311830812      -0.51610059579163003       0.58792837238009843     
  -6.0599231264794808E-002 -0.53783305306951512       0.60110373373792947     
   0.0000000000000000      -0.57639955493394812       0.64015655925161974     
   6.8422524412995026E-002 -0.60726670018244289       0.67870555513663799     
  0.13927308100285452      -0.61019523723507196       0.69511854004242579     
  0.20411265795326322      -0.58332046302460094       0.68635919884232988     
  0.25993584609359188      -0.53976234614947760       0.66535796965195793     
  0.31039560524596610      -0.49399177586671922       0.64794823273069080     
  0.36186846658944777      -0.45376870455398899       0.64459057151884191     
  0.41936574711628677      -0.41936574711628694       0.65867399299508167     
  0.48263885494232306      -0.38489164325717751       0.68560139168314249     
  0.54247251926157036      -0.34085807531931289       0.71153838450811524     
  0.58233457575896985      -0.28043755133956999       0.71783619911460472     
  0.59072161477127982      -0.20670243295806454       0.69506770283860897     
  0.57443326377139781      -0.13111064392845745       0.65437943021956679     
  0.55471239724653831       -6.2501076596805871E-002  0.61996876397351963     
  0.56828860592447250        0.0000000000000000       0.56828860592447261     
  0.57295994772624748        6.0220517143629193E-002  0.57611597129702152     
  0.59210935071476578       0.12585672772059983       0.60533742583487993     
  0.60388231608934240       0.19621325870417305       0.63495944325345643     
  0.59340368146082700       0.26420034095404937       0.64956119752606745     
  0.56500040552337416       0.32620313622116770       0.65240627244233562     
  0.53453788667020496       0.38836450749601376       0.66072516447345209     
  0.51161280840864598       0.46065824180572063       0.68844293988051020     
  0.49058820673962700       0.54485340203264099       0.73317257061250318     
  0.45515598077852676       0.62646846293788916       0.77435760595103875     
  0.39341112723639138       0.68140806063637382       0.78682225447278265     
  0.31074872362097011       0.69795306069649621       0.76400474093271775     
  0.22395754021228592       0.68927043453761705       0.72474182420059996     
  0.14443237721613070       0.67950091063455798       0.69468136518946322     
   7.1773904582185757E-002  0.68288308649751028       0.68664459744713569     
   0.0000000000000000       0.69533954377961871       0.69533954377961882     
  -7.3489222780799057E-002  0.69920324899408015       0.70305465596125860     
 -0.14415358690726829       0.67818930535325428       0.69334045786594700     
 -0.20566471394167632       0.63297090427615521       0.66554499488831353     
 -0.25853270574339304       0.58067396435661878       0.63562678736868206     
 -0.31140425408601591       0.53936798977006795       0.62280850817203215     
 -0.37439854675448853       0.51531539080355948       0.63696485288506954     
 -0.45035548326549607       0.50017043583660947       0.67304570884322745     
 -0.52817325272469717       0.47556933284326264       0.71072721576901288     
 -0.58594770901111337       0.42571592978388406       0.72427119959800246     
 -0.60974041159116754       0.35203379076795405       0.70406758153590776     
 -0.61057282589528439       0.27184453655847540       0.66835516589493471     
 -0.61682895786370484       0.20041987761673521       0.64857234800994368     
 -0.65266241652494883       0.13872767918779122       0.66724328315616388     
 -0.72132516991698559        7.5814330362009102E-002  0.72529843060908950     
 -0.79330017511816020        0.0000000000000000       0.79330017511816031     
 -0.81262907083811642       -8.5410757045097097E-002  0.81710525894173336     
 -0.74689420317252886      -0.15875726375762345       0.76358026397264533     
 -0.63068738860837548      -0.20492275472455820       0.66314396442518697     
 -0.52820466822875489      -0.23517187000931977       0.57819199231944518     
 -0.47619142249260138      -0.27492924596189400       0.54985849192378844     
 -0.47679750252124287      -0.34641366282842612       0.58935412461838355     
 -0.50749870912152895      -0.45695389016895732       0.68290687322691512     
 -0.52310692859105146      -0.58096910148708225       0.78177103785102664     
 -0.47978821467440252      -0.66037182433298958       0.81626446530112506     
 -0.38107392111869237      -0.66003939281706903       0.76214784223738419     
 -0.27145458147701851      -0.60969697244216059       0.66739642493049078     
 -0.18305978279070170      -0.56340007981382012       0.59239390105705669     
 -0.11719335162516632      -0.55135137068645201       0.56366888828723671     
  -6.0383268827669354E-002 -0.57450842656373968       0.57767297958884889     
   0.0000000000000000      -0.61410384689601594       0.61410384689601605     
   6.7572845522043901E-002 -0.64291267950561126       0.64645402227925763     
  0.13662737686079066      -0.64278127095833804       0.65714138691964685     
  0.20012260238276011      -0.61591403877009043       0.64761034514477367     
  0.25690737400946501      -0.57702340951242337       0.63163075759954967     
  0.31122149194588788      -0.53905143645766684       0.62244298389177666     
  0.36883186035710935      -0.50765350428927414       0.62749424031752388     
  0.43467139222498452      -0.48275148804329704       0.64960620257724144     
  0.51085832463948100      -0.45997890156860832       0.68742768182676572     
  0.59226844312729909      -0.43030821192750740       0.73208405663331000     
  0.66180537159512232      -0.38209350944158460       0.76418701888316865     
  0.69535113878969090      -0.30959027335112821       0.76115658281968923     
  0.68150734213963027      -0.22143515858850418       0.71657922580084554     
  0.63627960004449791      -0.13524540404623570       0.65049446480997508     
  0.59086682086842612       -6.2102605351237870E-002  0.59412148050257563     
  0.60095530184639134        0.0000000000000000       0.54110258422472002     
  0.60035686308763103        5.9129989960605707E-002  0.54317930436257944     
  0.61951013343786143       0.12322822725781284       0.56873756241693663     
  0.63306525639761946       0.19203824603524974       0.59566359142831571     
  0.62216363745537784       0.25770861664939487       0.60635465519746601     
  0.59024338572322277       0.31549166259036110       0.60261335462631094     
  0.55739974122600600       0.37244259986896239       0.60361193465702445     
  0.54021710805242040       0.44334472302141609       0.62924591352328307     
  0.53876972453297922       0.53876972453297911       0.68604976196197265     
  0.53519622956093138       0.65213849260138679       0.75961215482431033     
  0.50362989782736689       0.75373540733906874       0.81622515009199437     
  0.43182846516786472       0.80789423479405242       0.82482560040205755     
  0.33399427138570292       0.80633349973428403       0.78584481922670046     
  0.23518498653915301       0.77530099799469343       0.72949600730167785     
  0.14881432717487852       0.74814014400040330       0.68682557214009432     
   7.2958618066660291E-002  0.74076128047527867       0.67021170534793095     
   0.0000000000000000       0.74706190624136193       0.67265756172057611     
  -7.3564005203993699E-002  0.74690787923109259       0.67577290642958077     
 -0.14367360809665680       0.72229600396053506       0.66309951437979631     
 -0.20427559732223896       0.67340639723840612       0.63362136685936166     
 -0.25622003355850348       0.61856987996862878       0.60285221395764454     
 -0.30939411549283241       0.57883567746905829       0.59096657042521883     
 -0.37733909314345609       0.56472786127746655       0.61154760522610596     
 -0.46927605608378919       0.57181452881211825       0.66605064923888402     
 -0.58022397809579829       0.58022397809579840       0.73883609997258692     
 -0.68334159658684535       0.56080395520981841       0.79595758961233021     
 -0.74136291435404922       0.49536286231697035       0.80282689409210495     
 -0.74030786231876611       0.39570279644130618       0.75582279303565025     
 -0.70642039001503198       0.29260890628111769       0.68847047018678453     
 -0.68256577532889151       0.20705406428989365       0.64223960643812894     
 -0.69825521216090547       0.13889159728611131       0.64102900965565390     
 -0.75707993146115060        7.4565864903154630E-002  0.68497617967250912     
 -0.82925358933536863        0.0000000000000000       0.74666328558606621     
 -0.85531822814144365       -8.4241492606613955E-002  0.77385833116175995     
 -0.79269431178781380      -0.15767670216610286       0.72772825865840729     
 -0.66834868399517833      -0.20274135678326882       0.62886246466969009     
 -0.55074901838737800      -0.22812771287972097       0.53675465912868070     
 -0.48581754474248423      -0.25967488770512981       0.49599901914168604     
 -0.48389195452839856      -0.32332626707689244       0.52400985726225169     
 -0.53276743230385437      -0.43723093213601710       0.62056851706177762     
 -0.59396609003006617      -0.59396609003006606       0.75633480524881869     
 -0.60392291800482223      -0.73588220477225341       0.85715698981993727     
 -0.52586111650980505      -0.78700677733028235       0.85225494078567754     
 -0.39541578458723220      -0.73977090090717001       0.75527457830699152     
 -0.27298646260760606      -0.65904762037153719       0.64230142771362930     
 -0.18359238885660431      -0.60522299658383494       0.56946625978428900     
 -0.11917349408627578      -0.59912561323455915       0.55002367590287904     
  -6.2252204220724118E-002 -0.63205723645723644       0.57186055682029124     
   0.0000000000000000      -0.67747596085307005       0.61000209506666947     
   6.9343766371177590E-002 -0.70405907528511125       0.63700499195876803     
  0.13850782308475199      -0.69632584896235372       0.63925776934280876     
  0.20114121969428872      -0.66307373893907440       0.62389916478085150     
  0.25809638215975439      -0.62309978620950790       0.60726701670632210     
  0.31471805452840718      -0.58879606683700769       0.60113570369394609     
  0.37613066419220914      -0.56291931954525865       0.60958912320118641     
  0.44599616339954185      -0.54344789750105271       0.63300914320946478     
  0.52730763197510389      -0.52730763197510411       0.67145435039215462     
  0.62054069822688285      -0.50926458988081136       0.72280698392147391     
  0.71673855657247931      -0.47890939247484360       0.77616101117022285     
  0.79144715251732334      -0.42303731653705429       0.80803382998272388     
  0.81420374592345746      -0.33725423409647431       0.79351508493665657     
  0.77600572322841588      -0.23539876260165729       0.73015909717977046     
  0.70331592961886913      -0.13989823657631453       0.64567497096568283     
  0.63638089191861114       -6.2678047114747809E-002  0.57577243042449155     
  0.64584382120466888        0.0000000000000000       0.52299401434919190     
  0.64685125168593571        5.9939595557439711E-002  0.52605386852993963     
  0.67197000194627909       0.12561296324847002       0.55357626626516965     
  0.69040405378697944       0.19643688963622677       0.58126769979384796     
  0.67673042981553522       0.26216676520465410       0.58769095696487350     
  0.63256784835975843       0.31498136191237458       0.57223452800308594     
  0.58350865204079316       0.36129326126540651       0.55575919350094705     
  0.55480829266859677       0.41897177439644850       0.56298897007324944     
  0.55496126050773875       0.50591403552040115       0.60811007462682187     
  0.57227304675782886       0.62775362825552983       0.68787379028306994     
  0.57736248138792312       0.76455148562497877       0.77582483742197850     
  0.53888766106571773       0.87033345600896905       0.82894369757283648     
  0.45112724893684969       0.90598564773438073       0.81957417034892477     
  0.33987216762053885       0.87731119501985499       0.76188070321849655     
  0.23495638712347094       0.82578604473724904       0.69524903875257771     
  0.14756033749838107       0.78937808416989541       0.65029833361706846     
   7.2414744681447540E-002  0.78147955123961121       0.63554076773471146     
   0.0000000000000000       0.79194903639051817       0.64130768477321343     
  -7.3828045217601751E-002  0.79673149300394563       0.64794445860925121     
 -0.14474056765925647       0.77429364785629107       0.63787160934513076     
 -0.20568081525384679       0.72289308235553784       0.60862099066894670     
 -0.25639979879106639       0.66184417351698255       0.57476333050642459     
 -0.30659214495336262       0.61572002952703120       0.55699362746944991     
 -0.37151102135804692       0.60001090120439682       0.57147665827895844     
 -0.46558462883134560       0.61653368747040560       0.62562450906219647     
 -0.59380919841590629       0.65137766125623209       0.71376030433974480     
 -0.73833286435333290       0.67307934002561431       0.80904323453236704     
 -0.85267156812089773       0.64390767873112498       0.86524425516089321     
 -0.88916656874704436       0.55054863078248295       0.84688117889349612     
 -0.84579478588949197       0.42115576099647606       0.76512421765654559     
 -0.77036552579063255       0.29844119463752289       0.66900619968877839     
 -0.71743877774220777       0.20412893179155531       0.60402888104969532     
 -0.71730046139590442       0.13408669469539447       0.59091999651730442     
 -0.77221426677884830        7.1556189639843490E-002  0.62800574523779096     
 -0.85295791900624407        0.0000000000000000       0.69071170379849667     
 -0.89712063259183861       -8.3130468934916171E-002  0.72958625044463910     
 -0.84876878293301528      -0.15866238318408868       0.69922504340611003     
 -0.72163942087431832      -0.20532411780881191       0.60756550305772616     
 -0.58695096690967041      -0.22738601598039127       0.50972404998638554     
 -0.50215323340891660      -0.25004259979063637       0.45425865264899051     
 -0.48613569995338723      -0.30100248186452194       0.46301692972879005     
 -0.53568284932414112      -0.40452891000521302       0.54358152106253133     
 -0.62662392167604564      -0.57124318313445110       0.68663589134985792     
 -0.69702047377920395      -0.76459503704085263       0.83782054374176762     
 -0.67239795009990089      -0.89039878456297383       0.90352776139021029     
 -0.54716427735934792      -0.88370065029330158       0.84167519879196795     
 -0.39224451983277869      -0.78773318660852398       0.71260044183423532     
 -0.26779168683195470      -0.69125002625465803       0.60030016611241810     
 -0.18369265123573447      -0.64561270186514030       0.54355678839427890     
 -0.12306415291765689      -0.65833507097526811       0.54234366041095916     
  -6.5862772139759093E-002 -0.71077250691960725       0.57803803569251466     
   0.0000000000000000      -0.76691183352375603       0.62103295765584521     
   7.3205414310377068E-002 -0.79001223542586418       0.64248000069348443     
  0.14375015430622468      -0.76899540438242286       0.63350685819324493     
  0.20562426364539257      -0.72269432406834855       0.60845365130908091     
  0.26204383827361205      -0.67641311882909161       0.58741539554623090     
  0.31997465407875864      -0.64259573084380117       0.58130596692462777     
  0.38388102673951069      -0.61998914585970732       0.59050481338577221     
  0.45473673823026534      -0.60216875877774856       0.61104776874176026     
  0.53342063723821542      -0.58513456523904572       0.64117308622353342     
  0.62325387382122255      -0.56817097858350529       0.68294309295413291     
  0.72589007135796824      -0.54816673656908899       0.73659335857175012     
  0.83050945514910268      -0.51422968367844957       0.79101357516170734     
  0.90664736242114252      -0.45145674369978134       0.82017277173600689     
  0.91874972631450380      -0.35592554016846933       0.79786704140992259     
  0.86058818907975931      -0.24485845092193081       0.72454979716919343     
  0.76756994663345934      -0.14348369007223444       0.63233255044720793     
  0.68682087860362917       -6.3643326926566754E-002  0.55855929664644854     
  0.69670878760407429        0.0000000000000000       0.50618856382941424     
  0.70745389257192526        6.1894195567330348E-002  0.51595871825158279     
  0.74689008085575903       0.13169687287839726       0.55101861843318034     
  0.77721856410737789       0.20825508659504866       0.58460217649287805     
  0.76291910408787911       0.27767984504102655       0.58986647578865914     
  0.70149114994483130       0.32711069534723125       0.56235106963027259     
  0.62526294695875129       0.36099573074093366       0.52455750162332104     
  0.57019486174514333       0.39925474044239256       0.50573128541425139     
  0.55333544247205879       0.46430356569562159       0.52480209838970737     
  0.57078360296723929       0.57078360296723918       0.58647233045615665     
  0.59913319192456072       0.71401913391853156       0.67719996047382891     
  0.60035444710020236       0.85739500696491810       0.76046191937439434     
  0.54536142924026676       0.94459370393252096       0.79245654295368007     
  0.44169016708376763       0.94720762003216297       0.75932991931391136     
  0.32467129650294602       0.89202705588690034       0.68968892369423485     
  0.22248134822976282       0.83031169532989901       0.62453735239176411     
  0.14057507313119291       0.79724085654036403       0.58816493429130734     
   7.0039309730883084E-002  0.80055297347329346       0.58385753534288420     
   0.0000000000000000       0.82574306476267945       0.59993745375557150     
  -7.3899470691980981E-002  0.84467481515572318       0.61603637995790794     
 -0.14657390314956223       0.83126191216251932       0.61326398908807156     
 -0.20913030482570064       0.78048492301188199       0.58705904076885296     
 -0.25911234831977775       0.71190532611045032       0.55042413220206465     
 -0.30474137126278666       0.65351997963861896       0.52389493381838659     
 -0.36107914686679687       0.62540742792691706       0.52467871234924335     
 -0.44455304274733820       0.63488754189075358       0.56311011234159014     
 -0.56731869173489924       0.67610408902091312       0.64124004611534313     
 -0.72615153050905157       0.72615153050905168       0.74611074695919688     
 -0.88691185835877373       0.74420741323560335       0.84117728348279985     
 -0.98775450958453892       0.69163315351172971       0.87608358356127802     
 -0.98415699109842902       0.56820330373552996       0.82564772943401987     
 -0.89540443357037725       0.41753394451980569       0.71780184398561575     
 -0.78684405723759365       0.28638781584373624       0.60836454160220754     
 -0.71587030492430936       0.19181687008989048       0.53845772305504669     
 -0.70897744826121289       0.12501185284229185       0.52304855032158359     
 -0.76717775866799043        6.7119356792676360E-002  0.55951639702542899     
 -0.86423061972947957        0.0000000000000000       0.62790029923789581     
 -0.93741871822391520       -8.2013510821594859E-002  0.68367615953244520     
 -0.91627550395384982      -0.16156409310930919       0.67598281893680789     
 -0.79483630874562794      -0.21297574704332553       0.59785375376605521     
 -0.64313895901807483      -0.23408343757953015       0.49725601202756126     
 -0.53268248230126880      -0.24839392086209605       0.42702543534438842     
 -0.49299414238892830      -0.28463030081715623       0.41359203660524629     
 -0.52701277260285617      -0.36901831610931923       0.46743116222134412     
 -0.62307542679319550      -0.52282236081779654       0.59094586454697096     
 -0.73628698143037430      -0.73628698143037408       0.75652478389219746     
 -0.78008272051848304      -0.92966638469856688       0.88172712615786841     
 -0.69630462148816674      -0.99442605726364708       0.88200087712146769     
 -0.52973237525330119      -0.91752338835285885       0.76974619816563505     
 -0.36879364917458496      -0.79088053289487059       0.63401015630513391     
 -0.25525802217031940      -0.70131565204759838       0.54223650957505876     
 -0.18251482513164827      -0.68115460052586063       0.51234553623006418     
 -0.12800573145423044      -0.72595657760324395       0.53557491348003483     
  -7.0657585711300624E-002 -0.80761990026700803       0.58901157086201461     
   0.0000000000000000      -0.87815332869488094       0.63801573940630141     
   7.8247772849158195E-002 -0.89437613624047008       0.65228443822933690     
  0.15039164401268504      -0.85291339651156106       0.62923738503860716     
  0.21085872700950800      -0.78693548241878131       0.59191097205693399     
  0.26581222385853170      -0.73031308286633434       0.56465646502292077     
  0.32442736221995799      -0.69573672348336246       0.55773802800320371     
  0.39080540581406686      -0.67689481874253710       0.56787349499662598     
  0.46231477216514411      -0.66025392035508534       0.58560868615863193     
  0.53471417723903569      -0.63724754173567799       0.60438717896414840     
  0.60959230402254483      -0.60959230402254516       0.62634773898499596     
  0.69529059988954467      -0.58341808592834710       0.65943718367741655     
  0.79757934803572950      -0.55847107181500399       0.70740874035139600     
  0.90513165775013937      -0.52257800625409578       0.75935029148770350     
  0.98253255545362750      -0.45816245499462810       0.78764818850439688     
  0.98966106727036041      -0.36020717049853379       0.76517665221392572     
  0.92158916378316746      -0.24693907218897335       0.69319372421147862     
  0.81943045628201427      -0.14448769825676741       0.60453532520508180     
  0.73477121953941094       -6.4284151994816463E-002  0.53588173112378967     
  0.74398028344513911        0.0000000000000000       0.48314644525850964     
  0.77209985072868126        6.3978017679262908E-002  0.50312593592253940     
  0.83513877532886449       0.13936001349465443       0.54984462610330109     
  0.88775793627241850       0.22481084141004801       0.59471486133545337     
  0.88027380732328786       0.30219837976174796       0.60440481455038175     
  0.80159075113120193       0.35161030333746141       0.56843664831655083     
  0.69105257953969512       0.37397895415555182       0.51027650550816528     
  0.59876697604753792       0.39119398972283803       0.46447609991288369     
  0.55135032243414095       0.42913318116646204       0.45372285624330322     
  0.55071760214137244       0.50697126692404204       0.48610652358833795     
  0.58089870761859974       0.63102421028264832       0.55699143075842961     
  0.60872017221745267       0.78208369325342642       0.64360032575594073     
  0.59375857389484499       0.90881515343628805       0.70498697305628033     
  0.51848457937536563       0.95807558700180151       0.70744756191143232     
  0.40560952119090521       0.92469656796528898       0.65573538250315067     
  0.29304230327996428       0.85360306768822625       0.58609241753374441     
  0.20146435934278228       0.79556476351766992       0.53295405052126421     
  0.12972039992164880       0.77737173819871752       0.51181155199605055     
   6.6351883744393686E-002  0.80074815370871233       0.52179412273259707     
   0.0000000000000000       0.84806850084935081       0.55074212400319800     
  -7.3577421310711266E-002  0.88794742431375673       0.57861606693258705     
 -0.14844936553316118       0.88960827586649649       0.58570664453892463     
 -0.21366858471846351       0.84375815964288947       0.56523912252438224     
 -0.26399771988995002       0.76899908661128091       0.52800247657716282     
 -0.30528414410547794       0.69597774598513573       0.49354269204379153     
 -0.35105553446863724       0.64869381006753812       0.47899858903142545     
 -0.41705952695468201       0.63835712804125633       0.49518701104960722     
 -0.51751090042608727       0.66489801846020746       0.54716468961948173     
 -0.65912781596477754       0.71600367514948027       0.63200096755585444     
 -0.82817634467368573       0.76239003268313854       0.73101335832021841     
 -0.97823151596344071       0.76138815065774534       0.80501630166937377     
  -1.0456440930641480       0.68315338179807528       0.81112805093115303     
  -1.0013520801172164       0.54190464626174240       0.73940312988325207     
 -0.88298788416954277       0.38731439622778302       0.62615826426782784     
 -0.76071494528269545       0.26115377057964601       0.52231450215175312     
 -0.68641195140163747       0.17382311330998085       0.45983186611756305     
 -0.68163026687692041       0.11374397405140992       0.44877659893596361     
 -0.74810431478675687        6.1989690882843028E-002  0.48748964682424500     
 -0.86562150534359994        0.0000000000000000       0.56214117840519351     
 -0.97528036823687192       -8.0814035363960646E-002  0.63552511711142012     
 -0.99384029676134089      -0.16584261353887200       0.65433166621193795     
 -0.88961438665070991      -0.22528095849323831       0.59595850961410168     
 -0.72406137430392958      -0.24857058376877519       0.49714779312812069     
 -0.58363081961384355      -0.25600421316229283       0.41387347157805920     
 -0.51264948145773970      -0.27743202557995628       0.37854281091472591     
 -0.51941101179461435      -0.33934815067987190       0.40291801428777085     
 -0.59878697627690680      -0.46605461086213434       0.49275991343979297     
 -0.72425531598871995      -0.66672398647795028       0.63928451256452246     
 -0.82259567829808200      -0.89357710986814021       0.78874120011259430     
 -0.80355153927312672       -1.0324030387639322       0.84959568623121773     
 -0.65911734325220350       -1.0088541972723684       0.78258935725374745     
 -0.47579450398639134      -0.87919123698561152       0.64919898335557724     
 -0.32994750274921719      -0.75220454023148742       0.53341512123771218     
 -0.23727968651405007      -0.69117211420151248       0.47456569766245366     
 -0.17987737530431894      -0.71031969134885409       0.47584781783887770     
 -0.13313542498344799      -0.79783686141670140       0.52528552585089783     
  -7.5890196616567845E-002 -0.91585847147018196       0.59680383333339837     
   0.0000000000000000       -1.0010790892324544       0.65010836193880428     
   8.3193516621304600E-002  -1.0039964365092118       0.65423746203921829     
  0.15585420913157844      -0.93398307075356524       0.61492243863671747     
  0.21342511009044610      -0.84279670008005236       0.56459503446024928     
  0.26562629052512465      -0.77374295080621935       0.53125966125668023     
  0.32436372946545694      -0.73947481934961767       0.52438802123452000     
  0.39411231924634321      -0.72825577968292865       0.53774752511633317     
  0.46873670840747178      -0.71745494263464993       0.55654484457023035     
  0.53675911325619530      -0.68962812280989760       0.56751584046527925     
  0.59372459035303493      -0.64495683298868711       0.56928945566586953     
  0.64933008507873813      -0.59775045250825087       0.57314963075743086     
  0.72059862296545296      -0.56086442110365320       0.59300240176413643     
  0.81712249545481574      -0.53385277057075498       0.63385905539620724     
  0.92629548394974881      -0.50128604766555218       0.68398098294157672     
   1.0081375198219276      -0.44221011613499228       0.71490634341904946     
   1.0182369515794127      -0.34956118700897726       0.69913169148935073     
  0.95127719296846125      -0.24089610177227849       0.63726682780587884     
  0.85100997561739034      -0.14200844840358900       0.56029402019953223     
  0.77157380131906617       -6.3934427982416733E-002  0.50278314463550022     
  0.77708753704005595        0.0000000000000000       0.44865169869397975     
  0.82677516261277872        6.5068616457827147E-002  0.47881488920079990     
  0.92034007864061251       0.14576754826373312       0.53798204383883452     
   1.0064669339516845       0.24163133255828953       0.59759556837156458     
   1.0184239517205291       0.33090600102935042       0.61824647915301434     
  0.92970043816239012       0.38509453043107100       0.58098786622076359     
  0.78358258572098760       0.39925526920549292       0.50774220448095508     
  0.64771815231900187       0.39692219423362485       0.43859093816401695     
  0.56170330768620125       0.40810134115530572       0.40085629616209467     
  0.53222295490834204       0.45456134614750854       0.40409870541028403     
  0.54765222865616736       0.54765222865616725       0.44715617223520998     
  0.58246156460876952       0.68197487019940850       0.51780021817621136     
  0.59772430361718842       0.82269692492492064       0.58711287200321027     
  0.55933726476475976       0.91275545918037559       0.61805628223167020     
  0.46735734614487473       0.91724043736893812       0.59434919840677891     
  0.35495536055643079       0.85693804549236696       0.53551723339839841     
  0.25480816644456555       0.78421889900425112       0.47606949186096831     
  0.17786242637483762       0.74085032368683468       0.43988416839846700     
  0.11783561852587517       0.74398481495041469       0.43489410123621997     
   6.2253336228950011E-002  0.79100363563496034       0.45809832622096908     
   0.0000000000000000       0.86275111807393912       0.49810959026363949     
  -7.2860976745361364E-002  0.92578648780422645       0.53615586755257827     
 -0.14976416245360036       0.94557370753545877       0.55273228623441872     
 -0.21814156377459312       0.90862500543747715       0.53950135691898582     
 -0.27013130361101778       0.83137866599931975       0.50469839424795637     
 -0.30878748906462511       0.74547894399095183       0.46586427541960512     
 -0.34529791349071293       0.67768531254588205       0.43912338125764838     
 -0.39337106283829470       0.64192323256031647       0.43466701031909322     
 -0.46595039013501471       0.64132569281832419       0.45767834787321848     
 -0.57273005451504766       0.67058073582855471       0.50914904124731353     
 -0.71383237380669384       0.71383237380669395       0.58284169256868812     
 -0.86829857462779358       0.74159704180505714       0.65926944090022110     
 -0.98839719840916229       0.71811259920560921       0.70536390772444957     
  -1.0213443995697682       0.62588065301865969       0.69158537056909919     
 -0.95415219546005037       0.48616482627787838       0.61826710797492557     
 -0.83022499993523668       0.34389045479437708       0.51882373224315392     
 -0.71305970860707923       0.23168714391653694       0.43287145154769108     
 -0.64625128131038112       0.15515120567093138       0.38371543936292746     
 -0.64838316413466701       0.10269380456732127       0.37901044182176746     
 -0.72411090236204367        5.6988763946207568E-002  0.41935836629136580     
 -0.86133888406418091        0.0000000000000000       0.49729423657794686     
  -1.0092111461210476       -7.9426639746155728E-002  0.58447005299853316     
  -1.0766944057824426      -0.17053164086041120       0.62937849872652196     
  -1.0032651137339204      -0.24086264353361092       0.59569446908224577     
 -0.83139736272091613      -0.27013737854411940       0.50470974431712856     
 -0.65931574630654111      -0.27309752400630810       0.41201921919012774     
 -0.55104330923800338      -0.28077058983039110       0.35706248415353287     
 -0.52285308033595046      -0.32040477971126152       0.35404075399997581     
 -0.57178091712262069      -0.41542315299149241       0.40804812348013497     
 -0.68264853123296387      -0.58303692548607833       0.51831170598227927     
 -0.80477180842807461      -0.80477180842807439       0.65709343000854581     
 -0.84688956292834938      -0.99158027729989473       0.75287302562187464     
 -0.75276519861594215       -1.0360924097348745       0.73940131767926920     
 -0.57322732213535388      -0.93542197273489613       0.63340451264514841     
 -0.40231301763293958      -0.78958375490788579       0.51163081421775169     
 -0.28535764681936054      -0.68891430107817075       0.43051593111378500     
 -0.21742738279868781      -0.66917267657062307       0.40622930218427916     
 -0.17637164904788788      -0.73464078922963605       0.43619722136812311     
 -0.13781606095107277      -0.87013636357638280       0.50863561216061193     
  -8.0750763613754412E-002  -1.0260357350788021       0.59421377059183644     
   0.0000000000000000       -1.1206744407689755       0.64702169005190147     
   8.6640156360614826E-002  -1.1008675650921573       0.63755154368519562     
  0.15758724342629085      -0.99496669687620987       0.58160481061268543     
  0.21024796026938489      -0.87574578057205055       0.51997912682055081     
  0.25818777540703602      -0.79462026587013701       0.48238376641465375     
  0.31622057639428264      -0.76342400423251400       0.47707849220491250     
  0.39027395701233669      -0.76595576805747789       0.49632046104057559     
  0.47216194572548814      -0.77049826773015084       0.52172933070908278     
  0.54251356781132709      -0.74670586634582303       0.53288229535068432     
  0.58705204503549813      -0.68734963221529155       0.52188109133749916     
  0.61227982055169994      -0.61227982055170027       0.49992438005150491     
  0.64137752009584492      -0.54778815200431841       0.48697603731621220     
  0.69752887052655854      -0.50678438894909017       0.49778741851669961     
  0.78998871030673490      -0.48410570429761535       0.53492694060204427     
  0.90309974233876800      -0.46015230215346381       0.58518637651876415     
  0.99271485324494957      -0.41119595578327561       0.62036679846299103     
   1.0109088850558841      -0.32846420785150404       0.61368436776691837     
  0.95156383976937875      -0.22845026583734260       0.56499653837222663     
  0.85953016006741556      -0.13613620334433693       0.50243578758103613     
  0.79034009392390181       -6.2201114363740866E-002  0.45771404562664575     
  0.78835811699402469        0.0000000000000000       0.40168852392396193     
  0.85774112799626878        6.4278811361605986E-002  0.43826641557879276     
  0.98223577250257865       0.14804822176908933       0.50612714553453886     
   1.1088113675575901       0.25307895897463795       0.57949680525091707     
   1.1548296651729628       0.35621777567529822       0.61577213235225037     
   1.0714795963995754       0.42052475312195459       0.58648782799467758     
  0.89763358361191137       0.43227755085674213       0.50763924422379703     
  0.71822574237971337       0.41466782570184635       0.42256762056322139     
  0.59044201931111462       0.40255655258601258       0.36411415760407739     
  0.52764122924698853       0.42077983920167333       0.34386775223631177     
  0.52012058001619166       0.48260137171130185       0.36152240040330280     
  0.54746567360140153       0.59002767166367687       0.41011301678849904     
  0.57736625394717178       0.72399438275464589       0.47183257719426391     
  0.57116366431984966       0.83774323173162435       0.51662002556384745     
  0.50898805949952275       0.88159317949906435       0.51868473960758288     
  0.40806746056843241       0.84736081311528810       0.47920845499546544     
  0.30388819864839695       0.77429450233563224       0.42381983047458494     
  0.21937109492268705       0.71118362248467815       0.37921354890532555     
  0.15697403160587151       0.68774816903438196       0.35943703179241804     
  0.10752578149344855       0.71338694776009937       0.36759453243235274     
   5.8671198768548607E-002  0.78291273821978913       0.40003253696383007     
   0.0000000000000000       0.87639680637833983       0.44654647670540548     
  -7.1893456118775179E-002  0.95935150076066622       0.49018466037732267     
 -0.15005756887476349       0.99556691949633258       0.51299642841298576     
 -0.22123061065355284       0.96927463641475442       0.50657088450522303     
 -0.27590829032622427       0.89447270825225489       0.47694598043503617     
 -0.31455918233986130       0.80148372535766133       0.43870219352530060     
 -0.34552341082050603       0.71748675558543451       0.40576070347145710     
 -0.37978902484264787       0.65781388718450429       0.38702434719200174     
 -0.42781800167098410       0.62749376002341761       0.38696324848173091     
 -0.49843583663244445       0.62501877000681250       0.40732942695640106     
 -0.59693964209492756       0.64334792870585711       0.44717455224131664     
 -0.71965611961514331       0.66774329613315619       0.50021440762850355     
 -0.84566982224464360       0.67439917902101620       0.55112937501937376     
 -0.93519905705382211       0.63760792097506003       0.57671914551165115     
 -0.94892179846480418       0.54786025578355835       0.55829748617650066     
 -0.88129628672056926       0.42440992333394878       0.49840000318157879     
 -0.77021309406233329       0.30228636394031072       0.42158582034372477     
 -0.66828790662973936       0.20613951891744367       0.35634092342872259     
 -0.61271678648815497       0.13984860816522421       0.32022346693253245     
 -0.62175519902068210        9.3714517601176509E-002  0.32037845994941183     
 -0.70396887225385407        5.2755173871346428E-002  0.35969583858299470     
 -0.85560933825035690        0.0000000000000000       0.43595473266364387     
  -1.0368231335936458       -7.7699152394969703E-002  0.52976911508344460     
  -1.1561723782140743      -0.17426494681314753       0.59575332309517626     
  -1.1266626828892332      -0.25715340520836621       0.58882641757893706     
 -0.96120172092505041      -0.29649146478403671       0.51252686968863315     
 -0.76067418497032446      -0.29854261799829873       0.41636457852669950     
 -0.61151105310294374      -0.29448820229464046       0.34582820261979924     
 -0.54335856145599559      -0.31370821172310692       0.31968463517661888     
 -0.55507798211744241      -0.37844576027685783       0.34230584079885296     
 -0.63570303579866894      -0.50695625428119706       0.41429244322293568     
 -0.75299356911748694      -0.69867592882899499       0.52338640894988187     
 -0.83370646732302245      -0.89852187906067993       0.62453938377672114     
 -0.79875811584624901       -1.0016109966573870       0.65275740966505125     
 -0.64964549598639743      -0.95285493683430156       0.58760718461247397     
 -0.46963456814424465      -0.81343093301650071       0.47858152886363681     
 -0.32943380404040395      -0.68407634284411667       0.38686609326206406     
 -0.24437577281257916      -0.62265931429515786       0.34082040390570256     
 -0.19949841358379378      -0.64675797193095064       0.34486084615092572     
 -0.17316737124671558      -0.75869582562833893       0.39651632367125222     
 -0.14181504763269179      -0.94088136418988311       0.48481801668735114     
  -8.4580256328617806E-002  -1.1286450843248761       0.57668592471858182     
   0.0000000000000000       -1.2212480291488097       0.62225695099623246     
   8.7532018723702185E-002  -1.1680336161397069       0.59681165973343842     
  0.15405700538522824       -1.0221014469866940       0.52666915855860785     
  0.19993931157251613      -0.87599136013303203       0.45781835348845462     
  0.24225035862911110      -0.78535637367713240       0.41876354882446498     
  0.29831303333271281      -0.76008921278260999       0.41604438664533955     
  0.37657281080113131      -0.78196149899593592       0.44222314272727348     
  0.46954727586853034      -0.81327973835985412       0.47849257359159486     
  0.55151858991594160      -0.80892919970047883       0.49885097008158658     
  0.59524132175965550      -0.74640900882453209       0.48644035736123270     
  0.59886336966944675      -0.64542121394809360       0.44861563933975590     
  0.58873409937918919      -0.54626541392530459       0.40921388805691017     
  0.59735420396724970      -0.47637408140091358       0.38930022147866838     
  0.64641447747832825      -0.44071792840721019       0.39863128847894774     
  0.74082846773264910      -0.42771751526878260       0.43586591844793365     
  0.86107933696552341      -0.41467395346221170       0.48696669979194190     
  0.95930468916789835      -0.37649934626531500       0.52508748223085899     
  0.98514524469676057      -0.30387706374897944       0.52529390809574261     
  0.93282805602965557      -0.21291191651681829       0.48752285026472952     
  0.84859705081240311      -0.12790542544706593       0.43726569023485862     
  0.78886652492003950       -5.9117373400615590E-002  0.40307464917119845     
  0.77643810460934082        0.0000000000000000       0.34569251653866867     
  0.85748609703732648        6.1328616052153201E-002  0.38275261745618072     
   1.0047289671218402       0.14445821682010981       0.45193419559895848     
   1.1691893201729937       0.25434156833508759       0.53273120144537989     
   1.2591734517891879       0.36972668464995678       0.58428790614651893     
   1.2013673972194101       0.44808687239487910       0.57087719070163789     
   1.0182608197793446       0.46502413486795646       0.49839817465398051     
  0.80463057239578972       0.43936153318970617       0.40817271025647661     
  0.63760603113233572       0.40976451501592814       0.33744939415643599     
  0.54144650297540298       0.40532177513948575       0.30113066305777070     
  0.50888233756551449       0.44094905558456232       0.29979377007869062     
  0.52198554090756422       0.52198554090756411       0.32866738420802660     
  0.55454805451871847       0.63998257100649447       0.37702779912653095     
  0.57052498982019983       0.76213216152011065       0.42386710759978585     
  0.53856254030573747       0.83801967046253778       0.44351718189765110     
  0.45701522434951580       0.83696089389592621       0.42457322423506150     
  0.35460060245940384       0.77646701123822182       0.38004972160671135     
  0.26217186845572893       0.70290998160116613       0.33401545317558451     
  0.19242148930114888       0.65532741060098687       0.30408827317348508     
  0.14198295465903274       0.65268510892895359       0.29739043647249824     
  0.10051228179685505       0.69907827533667299       0.31445035264587312     
   5.6309953299112397E-002  0.78731602287827507       0.35143108391264377     
   0.0000000000000000       0.89618219341054151       0.39900601976909583     
  -7.0861077263909264E-002  0.99076732015635871       0.44224482051676306     
 -0.14899245354038590        1.0362652762147466       0.46611945047708764     
 -0.22156585279095450        1.0185217874292245       0.46408081749770297     
 -0.27910255982284393       0.95053602632998313       0.44107243823479347     
 -0.32047671107378750       0.85923131421904408       0.40829771139083071     
 -0.35102645718389458       0.76864072476110434       0.37621906563061297     
 -0.37832479570867711       0.69285013349394675       0.35146876901251789     
 -0.40973759366282153       0.63756414068921996       0.33742722387579227     
 -0.45200761752451263       0.60381148716391486       0.33581554685898179     
 -0.51117395890969675       0.58992619627620280       0.34753848855494157     
 -0.59101831835214969       0.59101831835214969       0.37213376518838531     
 -0.68872739560558249       0.59678568546977484       0.40574444668851040     
 -0.78863874555441760       0.59036757008367868       0.43860899840854412     
 -0.86068019667671158       0.55312557622568714       0.45551013752992292     
 -0.87383228375231381       0.47714852643111932       0.44327732975244666     
 -0.82125008960664481       0.37505234907527818       0.40196925742764650     
 -0.73058879314146330       0.27249553141129496       0.34716813420443299     
 -0.64491887558308725       0.18936526766721676       0.29925845316495497     
 -0.59834012214071119       0.13016092641058277       0.27262860397478944     
 -0.61060353955380098        8.7791535224337747E-002  0.27465379073186413     
 -0.69385403523646327        4.9625420015879211E-002  0.30971283270582151     
 -0.85121165765194906        0.0000000000000000       0.37898384725567724     
  -1.0546903358480937       -7.5432941577277215E-002  0.47077787971881685     
  -1.2203271079429410      -0.17545654969585542       0.54891176421005572     
  -1.2434133202143705      -0.27048801121897725       0.56655073779923060     
  -1.1011782411711004      -0.32333510505510882       0.51097418541801354     
 -0.88277209829397585      -0.32925696958111322       0.41948404515576848     
 -0.69387047076339181      -0.31688002632477730       0.33962199994075398     
 -0.58329061084876765      -0.31850077025362572       0.29589145337642780     
 -0.55522621233978986      -0.35682222017176057       0.29385033990518800     
 -0.59959821721522866      -0.44885360314754480       0.33347229638766629     
 -0.69482926049616023      -0.60207298149517152       0.40933918941196273     
 -0.78908497095960695      -0.78908497095960672       0.49684612503296710     
 -0.80460442369768037      -0.92856300464013053       0.54703687545615132     
 -0.70289556065562153      -0.93895854261210099       0.52221079454157060     
 -0.53340611060475607      -0.82999610923169853       0.43927075739078841     
 -0.37636854012018356      -0.68926751887018867       0.34965138154185577     
 -0.27050963157869096      -0.59233346950420140       0.28992367599032870     
 -0.21285496748259883      -0.57068625309879550       0.27118412377024392     
 -0.18641401587164783      -0.63486783500416910       0.29459451949790921     
 -0.17163065696552382      -0.78897339688489054       0.35948903943866078     
 -0.14532403490340259       -1.0107508641637049       0.45464288747970610     
  -8.7062958450265876E-002  -1.2172992192511840       0.54336095244640925     
   0.0000000000000000       -1.2922935515965910       0.57536615901004939     
   8.5599945169764310E-002  -1.1968436207301807       0.53423026927545403     
  0.14546529194863908       -1.0117333284934167       0.45508480688392594     
  0.18354401279951479      -0.84373820980832215       0.38444216215561683     
  0.21942030057462036      -0.74727691762022919       0.34675513916493261     
  0.27196777548821238      -0.72917382475309633       0.34649575606236582     
  0.35269906597040113      -0.77230322712692712       0.37801171487954260     
  0.45811654381723493      -0.83897780991328486       0.42559636467417478     
  0.56040668519766890      -0.87200982338606070       0.46150627853614684     
  0.61833163922727408      -0.82599436860613185       0.45938468626816231     
  0.61473008042152244      -0.70943633132864103       0.41794453589662467     
  0.57483335748470876      -0.57483335748470898       0.36194292974385900     
  0.54056259918736793      -0.46840015854415279       0.31845730851889431     
  0.54243660241904657      -0.40606295429912037       0.30168131635466916     
  0.59496299144021036      -0.38235949745795889       0.31488080602131230     
  0.69794971702225328      -0.38110937898762798       0.35405568392892539     
  0.82796121694827296      -0.37811721823788208       0.40525408735723445     
  0.93299233190023989      -0.34798814828602503       0.44334817360130513     
  0.96105647986986842      -0.28219164369988159       0.44595419123061536     
  0.90910429438978957      -0.19776353412213088       0.41422566442684278     
  0.82655696511476795      -0.11884095033386415       0.37179116893179009     
  0.77061819678966592       -5.5115701207291562E-002  0.34397774249600144     
  0.74684634736887023        0.0000000000000000       0.28668745245247640     
  0.82843240174413124        5.6666328695824920E-002  0.31874848076641443     
  0.98408005686468603       0.13525869052834433       0.38130443147732596     
   1.1734103137216905       0.24383746718812666       0.46005243415163077     
   1.3061367715802163       0.36596236072613020       0.52068743394137285     
   1.2904166015969400       0.45861417038293811       0.52569783160680250     
   1.1229928325402243       0.48778462240838755       0.46998609732261215     
  0.89437282086765324       0.46342664237453546       0.38666885395616374     
  0.69784070298644230       0.42436633229983167       0.31351809970012445     
  0.57241051309228264       0.40405146125473529       0.26895459812187711     
  0.51635176966854501       0.42008332323399145       0.25551887174757093     
  0.51380115256619252       0.47985677883246891       0.26986874383599574     
  0.54288763215609315       0.58129071718942216       0.30531693996389925     
  0.57242211776834317       0.70360130278836019       0.34818010048461512     
  0.56691001348865089       0.80312851905170135       0.37736048367606562     
  0.50874266605167529       0.83659167255959710       0.37585459014265804     
  0.41367420294021323       0.79835497136740852       0.34515695762016252     
  0.31450108695748841       0.72405412195154140       0.30302541669531685     
  0.23383833167858931       0.65795800647813796       0.26804296912008352     
  0.17599536640615696       0.62813568924057284       0.25040437365680812     
  0.13414597416821766       0.64554586892827881       0.25309556672894834     
   9.7637422690394729E-002  0.71036500573802475       0.27524724514518811     
   5.5575241527380075E-002  0.81248127195912401       0.31261110809149906     
   0.0000000000000000       0.92789306144167449       0.35618477464636628     
  -6.9893712629092664E-002   1.0218099099192142       0.39315260452525347     
 -0.14632858796499229        1.0646195420274531       0.41251130574252426     
 -0.21795493483351075        1.0488567298923865       0.41121940554014785     
 -0.27724665166959533       0.98950625912632084       0.39446364740966083     
 -0.32318858042141596       0.90936551148018852       0.37046290084267275     
 -0.35869929731578082       0.82580860777030995       0.34561090102726527     
 -0.38733736021842002       0.74752717217756159       0.32318231080253479     
 -0.41227598015768618       0.67795896592096017       0.30458585427959811     
 -0.43721187301901326       0.61938811404785710       0.29102764097617473     
 -0.46739918531173397       0.57451077709866460       0.28429910420429733     
 -0.50936607131053391       0.54539788966665192       0.28646460335874879     
 -0.56880789575412760       0.53122949076274606       0.29876046704933523     
 -0.64647065159693984       0.52594288554566770       0.31990875449115336     
 -0.73246892577715972       0.51703302614959934       0.34416014567048842     
 -0.80322684048721804       0.48845306220116719       0.36086480994872572     
 -0.82984469403957684       0.42999086206354292       0.35877107322491941     
 -0.79921461755546597       0.34714789725391543       0.33448099412925092     
 -0.72845534539820556       0.25889309194982318       0.29676260753644129     
 -0.65418539947827103       0.18329415292089987       0.26078901106516572     
 -0.61044911322232198       0.12685278446484960       0.23933537755680831     
 -0.61962178975312676        8.5165054733307197E-002  0.24008670089863049     
 -0.69649097541252669        4.7641287886989306E-002  0.26798256540046506     
 -0.84863467801509840        0.0000000000000000       0.32576033177385666     
  -1.0587086267650934       -7.2417654006615345E-002  0.40734979178168168     
  -1.2563386374530292      -0.17267977109856908       0.48679727483075713     
  -1.3322417438004954      -0.27684301790418220       0.52232458667411974     
  -1.2302725315362542      -0.34470619752386983       0.49044438640155630     
  -1.0125830187910718      -0.35987209133238390       0.41251228218978209     
 -0.79284599612519935      -0.34438161459421374       0.33181564895107579     
 -0.64149904626316134      -0.33239801362456134       0.27734261959337209     
 -0.57376904567716369      -0.34891668608490845       0.25777656719882258     
 -0.58129472070747912      -0.41032261977979162       0.27312895976291018     
 -0.64755677787307298      -0.52682651481224796       0.32044622870341577     
 -0.73750687582758578      -0.68878333969060235       0.38736786236453480     
 -0.78730842952704594      -0.84300148786124385       0.44277781675797379     
 -0.73794810301495284      -0.90706007080188711       0.44886253812463511     
 -0.59730708920169340      -0.84619136468867817       0.39759412732406463     
 -0.43433906659408239      -0.71424016585825145       0.32088586775043870     
 -0.30721039370875930      -0.59288914641016033       0.25632684873301731     
 -0.23026840617608069      -0.53013104107185349       0.22186625937704679     
 -0.19302225373495444      -0.54311256996107082       0.22125653063793455     
 -0.17988740518165683      -0.64202655755558191       0.25594192587609760     
 -0.17293681635844080      -0.83221765004894088       0.32628293033716504     
 -0.14878912278591183       -1.0825212623311837       0.41944773864273777     
  -8.8270952675867528E-002  -1.2904756495173990       0.49652470362544793     
   0.0000000000000000       -1.3323134627737603       0.51142722175234301     
   8.1438099889100307E-002  -1.1905828776512324       0.45808986065594171     
  0.13360366603190135      -0.97203885940661905       0.37663879282422419     
  0.16402257364255632      -0.78931995896618878       0.30946427196053033     
  0.19345935804402647      -0.69046549171406124       0.27525195900480248     
  0.24113036601719304      -0.67847582467397005       0.27640164376942017     
  0.32132685148796797      -0.73976860800173561       0.30960211937422455     
  0.43698519408603748      -0.84334314209813377       0.36460692748972745     
  0.56432366132303435      -0.92799072536062699       0.41691733874121156     
  0.65147105269362671      -0.92292421955139803       0.43364806705843134     
  0.65907634287126293      -0.81011365404450875       0.40088819101294315     
  0.60237400202397084      -0.64498506672942457       0.33877173860333337     
  0.53243979613205850      -0.49726405676217539       0.27965849868727388     
  0.49154190945045589      -0.39989900482626006       0.24324160678300930     
  0.49999354221477421      -0.35293398134572901       0.23492853316659576     
  0.56510749357845691      -0.34364947957141379       0.25388520152923810     
  0.68285364055522257      -0.35382623721585904       0.29522166646022646     
  0.82493145738803952      -0.35831829713874253       0.34524380297197699     
  0.93327398830283881      -0.33168565512548487       0.38020288280441644     
  0.95493529841976510      -0.26756032274292824       0.38068203953301666     
  0.89312202570264854      -0.18559289115718050       0.35016136905746686     
  0.80318403779746073      -0.11039510499976656       0.31121211203057153     
  0.74314963205454099       -5.0832827435920075E-002  0.28593499686974666     
  0.70932154750368137        0.0000000000000000       0.23047254174635123     
  0.78148691688224514        5.1221358677266605E-002  0.25446532142966399     
  0.93074294017482340       0.12253463268585164       0.30502625529116922     
   1.1265583545044404       0.22408638928581023       0.37321216544332225     
   1.2891488854865150       0.34542640278959352       0.43364599317164843     
   1.3202685827126635       0.44817079324532672       0.45302314656476000     
   1.1902940680061043       0.49303594618037155       0.41861516939671894     
  0.97103845133909306       0.47886317077839474       0.35178850245842880     
  0.76138625869505616       0.43958656141487262       0.28566066400597656     
  0.61516845968906730       0.41104242348595410       0.24039405180511464     
  0.53983415295527115       0.41422931459534146       0.22109032644897633     
  0.52321955678014520       0.45885123627368968       0.22611776838761530     
  0.54701713590956214       0.54701713590956202       0.25135756912934942     
  0.58498373035602980       0.66704610105466555       0.28827472870154830     
  0.60191835145824013       0.78443526799912888       0.32126727909041281     
  0.56901850601955062       0.85159637517216635       0.33278478424212338     
  0.48663692475380627       0.84287987851266488       0.31623584353344480     
  0.38332259914891997       0.77730133732313489       0.28160128266676709     
  0.28957890484011117       0.69910531944214405       0.24586873075378513     
  0.21905399570788067       0.64531226222159677       0.22142569729849809     
  0.16999609797889001       0.63443407474567393       0.21341196315055228     
  0.13359642547815070       0.67163458581315461       0.22250263127134645     
   9.9139153194057125E-002  0.75303663060584736       0.24678773656627129     
   5.6598314611540829E-002  0.86352341149699041       0.28117778778084357     
   0.0000000000000000       0.97459686491874509       0.31666571729894155     
  -6.9005101770968191E-002   1.0528144044736878       0.34281412785384513     
 -0.14192623946530170        1.0780368171221817       0.35329790772415132     
 -0.20970543435564137        1.0542604118495222       0.34926092347928878     
 -0.26837005581164081        1.0015706835191391       0.33690997112591242     
 -0.31893614174739199       0.93955557610416729       0.32238926914752608     
 -0.36347356441123230       0.87750280876568842       0.30860944098703302     
 -0.40189163517794668       0.81495561747831236       0.29524270212721465     
 -0.43192716594626790       0.74811979658817018       0.28068328710800311     
 -0.45211580399882439       0.67663911765678186       0.26441540774955663     
 -0.46519455223717598       0.60625334378299189       0.24829245973785391     
 -0.47884473057638621       0.54601776761748910       0.23597038282254676     
 -0.50327454909877789       0.50327454909877800       0.23125759498520115     
 -0.54760199987609448       0.48023406497909760       0.23665503433887783     
 -0.61594147619730699       0.47262851770179432       0.25226025678521741     
 -0.70226435291987410       0.46923803879327963       0.27442917558230240     
 -0.78577991933136426       0.45367024794976596       0.29481279830749035     
 -0.83529844086349314       0.41192360548291190       0.30261251468672790     
 -0.82877282085127846       0.34328894252280712       0.29147156498328053     
 -0.77342190075802220       0.26254135811051799       0.26538389816381119     
 -0.70234219433962319       0.18819202378360486       0.23625500657033829     
 -0.65237738420680669       0.12976592991752486       0.21612300443431035     
 -0.64973483678785882        8.5539214032660876E-002  0.21293331987067649     
 -0.71108607464575369        4.6607043691978031E-002  0.23154161975069240     
 -0.84599783046243848        0.0000000000000000       0.27488135808755332     
  -1.0451402871554560       -6.8502113547880841E-002  0.34031530581615382     
  -1.2545373307510919      -0.16516297291000581       0.41114125888519482     
  -1.3735081113026897      -0.27320775003438030       0.45502297721517976     
  -1.3233898106668049      -0.35460123103974617       0.44516401112449283     
  -1.1297842119882993      -0.38351006235603058       0.38766233276757200     
 -0.89712366958936129      -0.37160079106983224       0.31550991222198593     
 -0.71302465093129141      -0.35162484525433341       0.25831507889430644     
 -0.60875924827355554      -0.35146731586241120       0.22839730701161937     
 -0.58148126148348656      -0.38853335727363147       0.22722984947475666     
 -0.61778801204578337      -0.47404541449260029       0.25301650981460500     
 -0.69370679403644986      -0.60836453058813011       0.29979657707779594     
 -0.76210119191240699      -0.76210119191240622       0.35018994918900082     
 -0.76111509985032300      -0.86788543589066525       0.37507068578893182     
 -0.66356391012781424      -0.86477332418028841       0.35416991589123870     
 -0.50966906268291645      -0.76277365626356963       0.29807485567787823     
 -0.36482557892916234      -0.63189643860603806       0.23707803256731505     
 -0.26406815426021113      -0.53547724529325436       0.19399307819634118     
 -0.20813446098706057      -0.50248103851217463       0.17671783024825974     
 -0.18490100029890888      -0.54470078212607742       0.18690292678784845     
 -0.18059080561526894      -0.67397406193597642       0.22671248817770004     
 -0.17776599171501581      -0.89368999050581333       0.29606631139708267     
 -0.15261980945747222       -1.1592625453699152       0.37991748081062637     
  -8.8530353043061435E-002  -1.3507121723583733       0.43981466570082511     
   0.0000000000000000       -1.3480924867800894       0.43802180129844998     
   7.6158534904860395E-002  -1.1619547035460427       0.37835205009466133     
  0.12093968720794608      -0.91862812650145209       0.30105594717618672     
  0.14483969353408713      -0.72815831133132447       0.24122810777703502     
  0.16857423361798940      -0.62912760470932316       0.21162696415233298     
  0.21065888892778958      -0.62058107514443073       0.21293969654480302     
  0.28716384027617869      -0.69327483781789301       0.24381820549418359     
  0.40798488696618324      -0.82731150981066848       0.29971900361058323     
  0.55896395780864094      -0.96815397452435414       0.36323679875265391     
  0.68585921603965649       -1.0264608551021854       0.40111790533291913     
  0.72510995577627224      -0.94498169246740449       0.38701943871497779     
  0.66904603605248791      -0.76290078957115015       0.32969987800258044     
  0.57186641558008444      -0.57186641558008466       0.26277595828495082     
  0.49219719586999000      -0.43164535592901759       0.21271095488414571     
  0.45986159684490230      -0.35286421399419410       0.18833738104786260     
  0.48482298350265735      -0.32394836074877692       0.18945795997304021     
  0.57046353772437564      -0.32935727706803491       0.21402933283408601     
  0.70952115726209630      -0.34989711337624130       0.25704583070999515     
  0.86588273365090440      -0.35866037170289561       0.30452277043785841     
  0.97241049927316259      -0.33008888534173697       0.33366276369935477     
  0.97680099241043206      -0.26173303708229534       0.32857790225293931     
  0.89344405258132242      -0.17771707162022693       0.29598483579042911     
  0.78668401488336137      -0.10356891537147540       0.25781477226378113     
  0.71513434788209074       -4.6872381538309887E-002  0.23285980579842483     
  0.67398599196567077        0.0000000000000000       0.18059400225709080     
  0.73078205467316326        4.5976909804700553E-002  0.19619961651849080     
  0.86345793579538588       0.10908010434339067       0.23320172182518767     
   1.0495098748484009       0.20020471595646364       0.28628623979951323     
   1.2236951296719205       0.31419150769427578       0.33852345873473705     
   1.2932939513546309       0.42021667781400179       0.36437063823658622     
   1.2104363958698952       0.47924567199305790       0.34883163823263097     
   1.0210585214528187       0.48047366922309004       0.30236917154781229     
  0.81692719456658436       0.44910952571576801       0.24979266624805635     
  0.66165151417909596       0.41989681914735988       0.20997646002257608     
  0.57343875939223621       0.41662764590509316       0.18992487618454509     
  0.54604604904049736       0.45172857758031415       0.18988979000998424     
  0.56512707651449845       0.53068964857701872       0.20772546043395554     
  0.60920249374580393       0.64873476469542168       0.23845739002104424     
  0.64577664610494856       0.78060986988483516       0.27146033660095042     
  0.63944491816266313       0.88012042449625882       0.29149889140228979     
  0.57543331225144478       0.90673781033488676       0.28775509690922541     
  0.47260833264357915       0.85967136568743474       0.26286259529663586     
  0.36556661918908401       0.77686861027216914       0.23005646900166471     
  0.27823387952903156       0.70273856192674855       0.20251988839940641     
  0.21614930062340665       0.66523914410060325       0.18742344790370941     
  0.17339847333324240       0.67534246507039175       0.18682698129832917     
  0.13989564432859949       0.73335864976863341       0.20004622662272428     
  0.10483033908309199       0.82981757982615545       0.22411617334666192     
   5.9260725941386615E-002  0.94192226595538253       0.25288632388944809     
   0.0000000000000000        1.0358214383062214       0.27754751789699628     
  -6.8088186329046257E-002   1.0822307309444819       0.29055619666358357     
 -0.13579677252367203        1.0749421408861162       0.29031913162762241     
 -0.19692816704660396        1.0323336039504190       0.28160088130312810     
 -0.25186398685966516       0.98094546323582854       0.27136910411155452     
 -0.30499663038773606       0.93868310823826029       0.26446312757623858     
 -0.35967742274335240       0.90844147105316508       0.26180072547983624     
 -0.41424298873709359       0.88031116103826446       0.26068922679250411     
 -0.46120765307868450       0.83893360654447535       0.25652158941167685     
 -0.49129007682088494       0.77414928717434317       0.24567785815701970     
 -0.50084155904311334       0.68934926688753706       0.22831483225913068     
 -0.49640195354846167       0.60004688417776664       0.20866880555747944     
 -0.49198075045886119       0.52390628676050877       0.19257381067774515     
 -0.50266606242377343       0.47203485216908048       0.18476647748946234     
 -0.54024446196582021       0.44692908735131698       0.18787226391805312     
 -0.61082551961094855       0.44379071718832686       0.20230749889565366     
 -0.71051749335399239       0.45090811252513963       0.22548417836493037     
 -0.81876723591278600       0.45012109700606934       0.25035529757791214     
 -0.89878085790067541       0.42293416836536185       0.26615871440921801     
 -0.91693144459783060       0.36303884106363693       0.26424742271253882     
 -0.87047040910458617       0.28283298090599557       0.24524498718894022     
 -0.79165637917067722       0.20326281057775619       0.21900410413345922     
 -0.72351091543006285       0.13801708853477909       0.19735995286589933     
 -0.69800271193757524        8.8178248752771651E-002  0.18851576610104376     
 -0.73355002126962421        4.6151055502085932E-002  0.19694275735136813     
 -0.83975025586476437        0.0000000000000000       0.22501040290279245     
  -1.0121528880925630       -6.3679262164164169E-002  0.27174176928942095     
  -1.2124626824076326      -0.15316965705765731       0.32746052061677811     
  -1.3574921027173925      -0.25895546802447739       0.37029790663059142     
  -1.3610427708833519      -0.34945638815681562       0.37651935936761549     
  -1.2127121161858876      -0.39403405240908401       0.34166763658722704     
 -0.99112897592955507      -0.39241572190151380       0.28563016243812495     
 -0.78935716168429593      -0.37144328540771371       0.23375474178914818     
 -0.65568109239044503      -0.36046373089648476       0.20048828018700274     
 -0.59743078157211926      -0.37914110293254988       0.18959587930313210     
 -0.60540608915223093      -0.43985327048250106       0.20051256501299536     
 -0.66291107248017933      -0.54840773293737921       0.23053008911931322     
 -0.73750183507513767      -0.69256032129065781       0.27108576925165212     
 -0.77572978954263172      -0.82606832318081669       0.30364041985207973     
 -0.72981039430840211      -0.88218922188941740       0.30678497974303420     
 -0.60345490640112109      -0.83058442299012714       0.27509239847059336     
 -0.45102504536963250      -0.71070175003346270       0.22554265259866452     
 -0.32491514745898081      -0.59101845916721796       0.18071632049845360     
 -0.24359644264394803      -0.51766879121467446       0.15329883669451488     
 -0.20170368066655678      -0.50944534406406905       0.14681535896162604     
 -0.18754793636678530      -0.57721319618724687       0.16262315343934969     
 -0.18831598148666426      -0.73344232336429038       0.20289974689552639     
 -0.18604155074004225      -0.97526396269428350       0.26603337365648855     
 -0.15688223037071716       -1.2418507262555987       0.33539760954990228     
  -8.8194508412711925E-002  -1.4018115689485091       0.37635693227564088     
   0.0000000000000000       -1.3503349782627110       0.36182116693699135     
   7.0891682855010199E-002  -1.1267910321960304       0.30251970064071992     
  0.10962566722158767      -0.86777651065823735       0.23436807753528982     
  0.12869715021992256      -0.67465408781893232       0.18403274385098273     
  0.14793668809041713      -0.57617535892213889       0.15939335755331865     
  0.18454615477809161      -0.56797466240952921       0.16002030321691468     
  0.25513640498083717      -0.64440100046366144       0.18570778062976137     
  0.37512837184409009      -0.79718836898903023       0.23607382107324493     
  0.54249957706380769      -0.98680306733189938       0.30173578611417451     
  0.71080785227459364       -1.1200539520706037       0.35545141037253264     
  0.79911415300195721       -1.0998862725845275       0.36428609108860588     
  0.76609192308505647      -0.92604605633580239       0.32203637676011820     
  0.65479299268976232      -0.69728371501717901       0.25630267381344723     
  0.54018466417390620      -0.50726716434332830       0.19855730285824919     
  0.46878066733375973      -0.38780909489947502       0.16302043140348041     
  0.45565736624768144      -0.33105445477785461       0.15091527639130572     
  0.50529584733785926      -0.32067049568952710       0.16035666965827036     
  0.62002916212102976      -0.34086391637122143       0.18958695289845306     
  0.78765907338642427      -0.37064422570839034       0.23325188172671810     
  0.95920328531988264      -0.37977544678893355       0.27642960386678689     
   1.0558174303083721      -0.34305587873320326       0.29746437036979834     
   1.0299882603431376      -0.26445603694719028       0.28493632105981781     
  0.91351475963009221      -0.17426226027668182       0.24918937096578733     
  0.78205388138348864       -9.8796380746542165E-002  0.21121620884832365     
  0.69377592390094123       -4.3648681400821072E-002  0.18626424848377582     
  0.64860581993050193        0.0000000000000000       0.13786542296359308     
  0.68858366468251597        4.1651638178428117E-002  0.14663049557544461     
  0.80083439943725909        9.7238901012279957E-002  0.17147283645078751     
  0.96777725884130017       0.17735176479836207       0.20913302501186562     
   1.1377711861613276       0.28043541058440224       0.24907849982070990     
   1.2303529048259401       0.38339347064230178       0.27392255921556852     
   1.1904988575280637       0.45149666243823833       0.27063523848685989     
   1.0404117112337103       0.46825130096253398       0.24251164975301445     
  0.85619203035697566       0.44936424249025703       0.20553164564857837     
  0.70352600515315378       0.42529629649907436       0.17473982376203001     
  0.60969584017519618       0.42084265243289221       0.15746949220132220     
  0.57551002572941157       0.45088331119405090       0.15540015166606808     
  0.59130972980339824       0.52385470860499062       0.16791577590053472     
  0.64040127664227930       0.64040127664227919       0.19250486217054721     
  0.69443457152196819       0.78385459194645390       0.22259324574897169     
  0.71543994899125096       0.91319162459441328       0.24658148532216367     
  0.67573756889683045       0.97897487914962289       0.25284521713850688     
  0.58054096903033769       0.96033206056978493       0.23852459438291887     
  0.46313044841490542       0.88242134432201014       0.21182807667377618     
  0.35689322242734350       0.79298421063662028       0.18483827803278163     
  0.27704195156978911       0.73049959007459042       0.16606393993933743     
  0.22251667266530681       0.71408110870356623       0.15898115411955213     
  0.18456226015442359       0.74879852447632933       0.16392541436541486     
  0.15205496752029585       0.82973710370066622       0.17930306677102828     
  0.11404691877041329       0.93926087965185434       0.20111239891086019     
   6.3177890652948820E-002   1.0444550412725295       0.22241155020526746     
   0.0000000000000000        1.1071870189980824       0.23533986588391401     
  -6.6963768925941386E-002   1.1070430702017140       0.23573936230665962     
 -0.12817616914631816        1.0556257256290602       0.22602817452800605     
 -0.18064886739011818       0.98576896539125358       0.21302096511537921     
 -0.22898524178880134       0.92902964579457314       0.20338123629601806     
 -0.28114147858278560       0.90221472541484871       0.20086673147048781     
 -0.34336861656003198       0.90538863237251133       0.20582133858927321     
 -0.41569671111002809       0.92364020275261349       0.21529314494368354     
 -0.48852865669171597       0.93081358708579287       0.22344478991008007     
 -0.54426324496996115       0.90032137509159527       0.22361930797205662     
 -0.56759346413961143       0.82230109518600503       0.21238021873057736     
 -0.55803652084121624       0.71228099265146871       0.19233127024434912     
 -0.53157743005157609       0.60002688029745022       0.17039120800502106     
 -0.51043154623544895       0.51043154623544906       0.15343591282445493     
 -0.51326178309514403       0.45471026142387633       0.14575229563222014     
 -0.55277554626675063       0.43307198398840258       0.14926135060509804     
 -0.63612696115342870       0.43908673796914549       0.16429600293749191     
 -0.76080246372426841       0.45992112277194958       0.18896599053215671     
 -0.90467287622148895       0.47480895326163736       0.21716962834366846     
  -1.0219735575240303       0.45995296159487475       0.23821386357254945     
  -1.0641160787271595       0.40356599668626986       0.24190473340058480     
  -1.0178509904990423       0.31717519608680078       0.22661168769056789     
 -0.91775799498964061       0.22620702938555928       0.20091366996357507     
 -0.81734625854481668       0.14978426087198693       0.17662545174523300     
 -0.75697302293599100        9.1913165690638080E-002  0.16208133847743203     
 -0.75713994770905524        4.5798529314447223E-002  0.16122921795383091     
 -0.82607529951352010        0.0000000000000000       0.17558772534512765     
 -0.96119994895302596       -5.8141885357349953E-002  0.20468278887658156     
  -1.1366065620605230      -0.13800902290882380       0.24336760666381066     
  -1.2893330068806859      -0.23627904261445937       0.27862001252172358     
  -1.3386649522073097      -0.32995127673586150       0.29305774492612319     
  -1.2476562871718233      -0.38878542264681809       0.27777493909509610     
  -1.0603434085849193      -0.40213521162761001       0.24104709504400751     
 -0.86045398709530407      -0.38725890387951317       0.20056494337189085     
 -0.70847955617704095      -0.37183875555182644       0.17007279199822709     
 -0.62485846279842283      -0.37774010927488216       0.15520059936070135     
 -0.60718753221691835      -0.41911129245842210       0.15682165773297310     
 -0.64453809819140129      -0.50496335234982026       0.17403922388069012     
 -0.71591020730250288      -0.63424109926025374       0.20329890051746879     
 -0.78120945212436699      -0.78120945212436677       0.23483185214125385     
 -0.78792846810941819      -0.88938738533607686       0.25256167006504243     
 -0.70785916307037422      -0.90351546628014856       0.24396871334190881     
 -0.56696902505721014      -0.82139643899495085       0.21214656820906302     
 -0.42125180177598337      -0.69683559369454928       0.17307807805453837     
 -0.30986785577868825      -0.59040387172610742       0.14172834486974320     
 -0.24142275714070457      -0.53641936150780367       0.12503506344085563     
 -0.20828210207272516      -0.54919476751401630       0.12484804663358336     
 -0.19937078107366327      -0.63980333108034104       0.14244414359225377     
 -0.20180867244330339      -0.81876996968738402       0.17924341750650097     
 -0.19665752352817442       -1.0731253746868414       0.23189835654327262     
 -0.16106842169467936       -1.3265177970272986       0.28403096747412043     
  -8.7443830395197555E-002  -1.4456188476780114       0.30783740440018054     
   0.0000000000000000       -1.3486592574249854       0.28666637462270034     
   6.6436813331402653E-002  -1.0983314557183226       0.23388426696461306     
  0.10098945825966210      -0.83172301736172038       0.17808663692348678     
  0.11706551787893354      -0.63880585640926146       0.13804354248426476     
  0.13319550573688696      -0.54039540954477805       0.11830223823257024     
  0.16510374483724746      -0.52983654551506509       0.11796142549357007     
  0.22892285652672908      -0.60361996406653928       0.13722048693921299     
  0.34310917588347650      -0.76235731558486086       0.17769939371841026     
  0.51639205503548791      -0.98390285709177716       0.23618903961544377     
  0.71726498048899445       -1.1865012004889992       0.29469985352105121     
  0.86154940644720646       -1.2481697997567709       0.32237166730913958     
  0.87432761084363886       -1.1159967408862421       0.30134325214014540     
  0.76977307864508704      -0.86889418700783005       0.24674216275012750     
  0.62900766500784333      -0.62900766500784366       0.18907993827156352     
  0.52001546675110044      -0.46069350304037687       0.14767015690545465     
  0.46974343558333248      -0.36802047953733602       0.12684088525003642     
  0.48409346587462970      -0.33414559322820703       0.12502947736588024     
  0.56719248262465261      -0.34287980898427090       0.14087768430309000     
  0.72079683392569172      -0.37830336160843447       0.17302959406579058     
  0.92317566993399225      -0.41548764185954751       0.21518486605851542     
   1.1064103528387539      -0.41960609910290142       0.25151945994016917     
   1.1803650418288740      -0.36781662256134634       0.26279339187816081     
   1.1102454386050580      -0.27365092314837636       0.24305262046012371     
  0.95134159974490717      -0.17433981848557187       0.20558134090946401     
  0.79058652978732014       -9.5994584355581614E-002  0.16927858595694284     
  0.68350452841723197       -4.1344407035967493E-002  0.14554891855601712     
  0.63767686520615563        0.0000000000000000       0.10099809340358178     
  0.66293301097363377        3.8611450966119898E-002  0.10517621542584624     
  0.75613431364868189        8.8379426003162120E-002  0.12057519642081641     
  0.90186149347225919       0.15902251416119045       0.14504437790721125     
   1.0585769755509409       0.25088735200783557       0.17230667041404646     
   1.1590903482049311       0.34700887076091497       0.19163244871260349     
   1.1496584500124738       0.41844145537715915       0.19377401305685574     
   1.0362776666540465       0.44700655181760651       0.17874905158379947     
  0.87769683573119328       0.44079591832963988       0.15556003197420312     
  0.73535505774446630       0.42455744053872035       0.13448658521068571     
  0.64180073725760478       0.42211898538542286       0.12166694616228195     
  0.60420434931255584       0.44981347203903715       0.11930407769264451     
  0.61773274609761375       0.51833931941663602       0.12772007700030216     
  0.67040180652561443       0.63249148366904751       0.14597891489370662     
  0.73886980677796799       0.78315624168999698       0.17053101176237831     
  0.78612336650610348       0.93686534625590356       0.19370272163588800     
  0.77540347813390753        1.0415476260344889       0.20566035156547305     
  0.69668321009047263        1.0592553601037367       0.20080432662096145     
  0.57581117540206572       0.99733421136233213       0.18239906149733920     
  0.45216826731868492       0.90034104432627182       0.15957341526291735     
  0.35189999024201424       0.81579587435750167       0.14071782449796022     
  0.28134469195783296       0.77298818823756232       0.13028654143212318     
  0.23457900009643046       0.78354842718320805       0.12954408948238402     
  0.20089838529545795       0.84765694004571246       0.13797479858903952     
  0.16818417459045268       0.95381985170224459       0.15340072508590369     
  0.12545555356535221        1.0733408574656156       0.17115779879225923     
   6.7679423095612118E-002   1.1620108183217881       0.18435633485121025     
   0.0000000000000000        1.1808614150336574       0.18703007432094584     
  -6.5466313560646222E-002   1.1240131950541035       0.17832790340441493     
 -0.11956549401623617        1.0229481774502323       0.16312204749602946     
 -0.16261061503320651       0.92221062471467852       0.14831708342061023     
 -0.20258760049632921       0.85478429941270540       0.13913493298619262     
 -0.25010351343165588       0.83540391297520245       0.13811735880249451     
 -0.31452591741333358       0.86415285592638347       0.14565227332133415     
 -0.40019399983402992       0.92775397289070327       0.16002964079382981     
 -0.50058559277208370       0.99674786566447693       0.17666023567672082     
 -0.59406305171717555        1.0289473884735660       0.18818068792742193     
 -0.65124370700712664       0.99016795207615693       0.18770734267404321     
 -0.65564790656843108       0.88068797710874014       0.17389756787335925     
 -0.61808485669316227       0.73660484849215346       0.15229762152409418     
 -0.56792908134267628       0.60196965799746061       0.13107792463868828     
 -0.53399603406003371       0.50379927465650909       0.11627677737567098     
 -0.53556640855717108       0.44939357589126289       0.11073167704288782     
 -0.58480946068160278       0.43537451243071029       0.11547443081456413     
 -0.68975986978482673       0.45366220306519706       0.13075861723158028     
 -0.84895972534846398       0.49014712596108634       0.15526335644405337     
  -1.0368315764500828       0.52071638894965178       0.18376453761516748     
  -1.1950816974370417       0.51550792408421731       0.20614139130467593     
  -1.2571710456048095       0.45757283998146930       0.21189517513056527     
  -1.1999626200915752       0.35924522570492995       0.19838986288503185     
  -1.0644988019968158       0.25229085065778722       0.17327057783053587     
 -0.91914478358276530       0.16207002452308442       0.14782401101097822     
 -0.81477688281366611        9.5233759298979426E-002  0.12992649706682119     
 -0.77403126487679974        4.5082187393475436E-002  0.12280227068713639     
 -0.80264785476709311        0.0000000000000000       0.12712693125497576     
 -0.89741445788654528       -5.2268440043562098E-002  0.14237736662158501     
  -1.0405137032501139      -0.12161860952708511       0.16592309313742554     
  -1.1869483482607190      -0.20929101850571233       0.19089426261967743     
  -1.2688076067487699      -0.30071292689785062       0.20652632653483849     
  -1.2354695206032640      -0.36987529390441354       0.20426022001619720     
  -1.0977262376305166      -0.39953967587053596       0.18502088015893844     
 -0.91844166540704231      -0.39617706249022233       0.15842334724498236     
 -0.76133558909521915      -0.38235710383151544       0.13493655640684446     
 -0.65935018022219372      -0.38067600404151192       0.12058631169019156     
 -0.61918400899528270      -0.40724372919979890       0.11737946548468589     
 -0.63570238717696526      -0.47326289240538688       0.12552357008924328     
 -0.69642675251963426      -0.58437143118121593       0.14399055096040286     
 -0.77491256333195746      -0.73109229737269166       0.16873596406154337     
 -0.82613277888509429      -0.87564958848424845       0.19067128923252299     
 -0.80446140773666408      -0.95871977277356457       0.19822125987959649     
 -0.70077336822565939      -0.94130199134544112       0.18586619913525970     
 -0.55374574166132895      -0.84192949750175594       0.15960559858918966     
 -0.41510400290422228      -0.71898122345533089       0.13149203035291979     
 -0.31379252383306327      -0.62481228566735836       0.11073962577900505     
 -0.25309005773761395      -0.58672870323540138       0.10120569285155981     
 -0.22466145226612480      -0.61725226712306080       0.10403737637694051     
 -0.21760881760030920      -0.72686407010784349       0.12017246270033514     
 -0.21833207744846836      -0.92121547125235315       0.14994806636785873     
 -0.20729055770863708       -1.1756031713114092       0.18906964304697080     
 -0.16403185005815882       -1.4033821667478583       0.22378706713171917     
  -8.6190363746499202E-002  -1.4798313952385753       0.23477947702582158     
   0.0000000000000000       -1.3482536933261511       0.21354240663295151     
   6.3156717572227752E-002  -1.0843589633579560       0.17203664629942475     
   9.5534572173636867E-002 -0.81735050143512622       0.13033689316337896     
  0.11038854749037270      -0.62604456247615825       0.10068535441838299     
  0.12480047285736076      -0.52657460030327219        8.5711590369365556E-002
  0.15314987631501389      -0.51155621202495705        8.4575606825046334E-002
  0.21048911401855647      -0.57831408780699278        9.7474377368739373E-002
  0.31583159194115806      -0.73217992850798630       0.12629478760463214     
  0.48463330200745447      -0.96498424321571286       0.17103055818149565     
  0.70136559836047685       -1.2148008510412924       0.22217079551841531     
  0.89285551604335311       -1.3575208609438003       0.25734688029242675     
  0.96439452101879597       -1.2954066524761334       0.25578646708918934     
  0.89179935102967844       -1.0628050804628044       0.21974154287681538     
  0.74322793813723009      -0.78777559105953565       0.17153686765643522     
  0.60350395237621191      -0.56937661343246981       0.13141201477143774     
  0.51765574045871210      -0.43436474089570737       0.10702853531515341     
  0.49773330557427908      -0.37054871681172957        9.8280677764092647E-002
  0.54767986838347915      -0.36021471609070943       0.10382433860313997     
  0.67392141966766850      -0.38908871305778359       0.12325119610850223     
  0.87483268829507765      -0.43935748942351077       0.15505240012616325     
   1.1122031309480853      -0.47975760019136204       0.19184554605659779     
   1.2953318333058326      -0.47146223082079308       0.21832714540326473     
   1.3296446599199327      -0.39806947980082802       0.21983019916670346     
   1.2038139986209881      -0.28530915880424829       0.19594718824509350     
  0.99915020149987321      -0.17617713830472706       0.16069110441166826     
  0.80988857241981971       -9.4662397757867889E-002  0.12914699404035518     
  0.68574733709091540       -3.9940234145749091E-002  0.10879577341856497     
  0.64267103056182406        0.0000000000000000        6.7547447194604843E-002
  0.65774443570063257        3.6938135197070697E-002   6.9240654272026331E-002
  0.73649195587820027        8.2982713881579684E-002   7.7898231531458126E-002
  0.86391075972285980       0.14678434188176218        9.2101987007321043E-002
   1.0047745255151939       0.22933322868230221       0.10832191467609978     
   1.1028106387811052       0.31771427178952932       0.12062439315519256     
   1.1095725299255483       0.38825622043277963       0.12355422379535699     
   1.0227102680429501       0.42362046340161330       0.11634761550440159     
  0.88692418606558165       0.42712017681571007       0.10346582621892765     
  0.75665805813881126       0.41819012681801371        9.0865902999774678E-002
  0.66597744412553939       0.41846136301929310        8.2668063618355284E-002
  0.62645930106153602       0.44449657842434193        8.0734042386273616E-002
  0.63731809746568924       0.50824422298204941        8.5676814962291264E-002
  0.69072739700998120       0.61727174101992310        9.7363558901153252E-002
  0.76856257296952168       0.76856257296952157       0.11423901401459109     
  0.83755507257987782       0.93722455879756927       0.13210930814255206     
  0.85676059580475261        1.0743438060114268       0.14442765055558490     
  0.80245492266023222        1.1309543748685658       0.14575012021189784     
  0.68809976854005250        1.0951045082137043       0.13593578874526105     
  0.55316202740223908        1.0008713229914463       0.12019309854956009     
  0.43341391724021522       0.89999327272153873       0.10499042535606899     
  0.34459643496665748       0.83192938684192264        9.4643618482797551E-002
  0.28568655592103143       0.81644526973881981        9.0913625611062504E-002
  0.24766909450164967       0.85967844873723265        9.4030822283451776E-002
  0.21853575069702852       0.95746768349430456       0.10322189713499520     
  0.18521959511892575        1.0901244579864349       0.11621875006862796     
  0.13698843663675581        1.2158060023835477       0.12859493809145278     
   7.1875128360797111E-002   1.2798552361228042       0.13473016130987925     
   0.0000000000000000        1.2473518684875855       0.13110196424460058     
  -6.3534540317475227E-002   1.1313373061651175       0.11909570196178426     
 -0.11068863290060078       0.98238878828164622       0.10390656499733457     
 -0.14482136330434045       0.85235749530514637        9.0870287323856352E-002
 -0.17615782154071741       0.77179784443519550        8.3205354165642384E-002
 -0.21655479858220797       0.75167833793051830        8.2217871475185875E-002
 -0.27738349447914346       0.79271648342360401        8.8271354199585594E-002
 -0.36767324464594264       0.88764173374595579       0.10098167816498123     
 -0.48804734403144523        1.0134407524215965       0.11822485666827762     
 -0.62072368215296958        1.1231149323212746       0.13487314567022232     
 -0.72736346177946309        1.1575923180364394       0.14369242717703315     
 -0.76964149043383179        1.0847081700252144       0.13979020700492534     
 -0.74044833734192061       0.92849284711506264       0.12482041569574430     
 -0.66957431743657680       0.74925400703346656       0.10561335334534855     
 -0.59863799543013219       0.59863799543013230        8.8981452850842385E-002
 -0.55812063377989252       0.49876709220421861        7.8671573526990585E-002
 -0.56483472108573529       0.45044065918268883        7.5932630934500103E-002
 -0.62977705115718097       0.44685064765610572        8.1161612663217350E-002
 -0.76195902370553747       0.47877058665753336        9.4582297947008939E-002
 -0.96023555733453059       0.53070343357557404       0.11531321192073693     
  -1.1933902583654759       0.57470645876097237       0.13921720821611849     
  -1.3882508731467413       0.57503233963367151       0.15793297853712721     
  -1.4606326509948719       0.51109746972019254       0.16264581951748139     
  -1.3812417090266562       0.39792888127535908       0.15107892243053697     
  -1.2016970519658947       0.27427951030509651       0.12955157821385460     
  -1.0068679735788264       0.17107374945880180       0.10734273184697192     
 -0.85766906390842668        9.6636094891938765E-002   9.0715048256082578E-002
 -0.77790548741552823        4.3686235116668103E-002   8.1889989465400687E-002
 -0.77001727684010679        0.0000000000000000        8.0932077023638263E-002
 -0.82861782578716869       -4.6534178952081562E-002   8.7228469424986299E-002
 -0.94025565883171447      -0.10594136933828496        9.9450173794633542E-002
  -1.0734226892389962      -0.18238185047196612       0.11443816559174359     
  -1.1746851369526976      -0.26811421697255261       0.12663949965394353     
  -1.1905754126572863      -0.34299886756715325       0.13022402179217960     
  -1.1068584989407277      -0.38730653991718972       0.12325200831809699     
 -0.96104322145036325      -0.39807713635147007       0.10933212534023615     
 -0.81084309647518948      -0.39048145509775545        9.4590442146895923E-002
 -0.69775697766730793      -0.38563665032073791        8.3792562793935363E-002
 -0.63828927395925561      -0.40106373261980283        7.9231119269905656E-002
 -0.63365190784226466      -0.44960000509319015        8.1660979251476459E-002
 -0.67772906619884288      -0.54047089516569813        9.1109397379713880E-002
 -0.75524117452329098      -0.67492477742443846       0.10645729255649029     
 -0.83440942732448642      -0.83440942732448609       0.12402647957957359     
 -0.86912072020696740      -0.97254653479531705       0.13708822356627626     
 -0.82410349869747768       -1.0333931014957043       0.13892250964193323     
 -0.70549797847737628      -0.99430635003749623       0.12813980233487354     
 -0.55719776927426845      -0.88677516981805693       0.11007577929302678     
 -0.42471141462907730      -0.76845743993969062        9.2282872621182330E-002
 -0.32984066073745288      -0.68492118948087766        7.9900782815330390E-002
 -0.27312962328452395      -0.65939324081935091        7.5015215595575918E-002
 -0.24607813506116846      -0.70325090625677200        7.8309094279548436E-002
 -0.23761471131275888      -0.82477891248210422        9.0213543746108890E-002
 -0.23346587274745975       -1.0228808222064769       0.11027390358056335     
 -0.21460811242913683       -1.2630928822141612       0.13465900605757913     
 -0.16419739043876250       -1.4572921464934669       0.15413675618650952     
  -8.4113423053031169E-002  -1.4977782631878034       0.15767088441740054     
   0.0000000000000000       -1.3487927149328598       0.14176382683493408     
   6.1031971667480783E-002  -1.0867749427509836       0.11440462890783173     
   9.3162665522804514E-002 -0.82684152561739321        8.7454441407394931E-002
  0.10848840365982623      -0.63851701091099677        6.8072639194520224E-002
  0.12255094406912738      -0.53693076832349640        5.7884995485418457E-002
  0.14861192679880098      -0.51584341175597792        5.6422468480120967E-002
  0.20040815553593910      -0.57273360336083590        6.3775601771174112E-002
  0.29567531844166678      -0.71382336384085510        8.1207404354256968E-002
  0.45201193991061561      -0.93861246473056315       0.10949562058233341     
  0.66570532865386378       -1.2045030931375755       0.14464692478552690     
  0.88200222380429716       -1.4036984979546283       0.17424169204749937     
   1.0065838095888486       -1.4186471177127862       0.18282610911596731     
  0.98418723925610196       -1.2341317628609065       0.16590848291643348     
  0.85328777851513216      -0.95482946486475262       0.13459086065696124     
  0.69965367980750859      -0.69965367980750892       0.10399640750664015     
  0.58543056197051713      -0.52317273615916970        8.2521126640830222E-002
  0.53407441981615889      -0.42591013748619611        7.1797420196663325E-002
  0.55166603215885834      -0.39142792406790189        7.1095167312402563E-002
  0.64482461179814798      -0.40517015755052344        8.0042353537670405E-002
  0.82125464805917658      -0.45389140012138068        9.8623208179683730E-002
   1.0699114836439152      -0.51524221489361610       0.12481255712216080     
   1.3298517741104934      -0.55084264078248901       0.15128926317336647     
   1.4914362694507797      -0.52187612199824318       0.16607589467323838     
   1.4702007818177238      -0.42355754864306228       0.16080918236249706     
   1.2868959944227090      -0.29372561294580646       0.13873663649403831     
   1.0437280939157514      -0.17733653579922695       0.11127240894168579     
  0.83418612232530409       -9.3990202826265856E-002   8.8231274189194728E-002
  0.69916679279242666       -3.9264364874419630E-002   7.3601179349627649E-002
  0.66252590481633544        0.0000000000000000        3.4721511388911767E-002
  0.67375819511882218        3.6530107884454113E-002   3.5362032246616541E-002
  0.74438088479610787        8.0956299896317183E-002   3.9241383785985108E-002
  0.85900371502250561       0.14082651092987331        4.5619443814976728E-002
  0.98569648950366651       0.21696820430837443        5.2894815453087531E-002
   1.0758095726007149       0.29869705751251779        5.8513612235139428E-002
   1.0869833932938475       0.36624734793840980        6.0113116794589881E-002
   1.0141907967937454       0.40409054681368944        5.7215090857971912E-002
  0.89306643506907812       0.41317653048683978        5.1569960578220102E-002
  0.77141867235179273       0.40898029598404773        4.5758673885174697E-002
  0.68251213964831037       0.41065392921096028        4.1744349662409821E-002
  0.64018515255246822       0.43405630357477509        4.0535372887595504E-002
  0.64632814270510419       0.49132588056461002        4.2548571400107621E-002
  0.69620792557383648       0.59136434219023093        4.7872642114763116E-002
  0.77638574301576846       0.73543164010443873        5.6045324125481757E-002
  0.85899208306930752       0.90682691672569204        6.5461542707090190E-002
  0.90376951041637432        1.0639997225964974        7.3162737824459409E-002
  0.87766508524691889        1.1545486751336780        7.6005350058288595E-002
  0.77989213535743174        1.1502548437526776        7.2832068693527402E-002
  0.64346838296107856        1.0694527718135922        6.5410719986642649E-002
  0.50948261511004478       0.96098615604170856        5.7003354596564366E-002
  0.40318829481539514       0.87147721746948115        5.0323295093093329E-002
  0.33028915703702449       0.82896327565455019        4.6765568455599704E-002
  0.28495284002059645       0.84570989173795819        4.6770040655663064E-002
  0.25669989774321095       0.92454947356218198        5.0286529108900635E-002
  0.23276193698250652        1.0574481404088152        5.6745179508856117E-002
  0.19930760549277804        1.2157226108924264        6.4563852719485393E-002
  0.14620359935687066        1.3443198959071230        7.0868253126726163E-002
   7.4868416231733334E-002   1.3808666853996372        7.2474446487094502E-002
   0.0000000000000000        1.2985179745866839        6.8052443407200819E-002
  -6.1264836736374104E-002   1.1299634250824384        5.9305850919135171E-002
 -0.10236584816567459       0.94123843021555043        4.9619085106307526E-002
 -0.12906265935046551       0.78724739483136852        4.1808653058101719E-002
 -0.15272738476179940       0.69384750401868367        3.7233505514597018E-002
 -0.18524896157771098       0.66720645941177881        3.6289563730523715E-002
 -0.23842810893881500       0.70762941047843775        3.9133817187837885E-002
 -0.32427317473197803       0.81386429861694731        4.5913766855940182E-002
 -0.45091262156779383       0.97463165924916506        5.6279929770148590E-002
 -0.61069767283573395        1.1518980073447032        6.8327779915381193E-002
 -0.76764479868100655        1.2758355802033967        7.8033669260736876E-002
 -0.86653204320029009        1.2780391476844761        8.0923141078453997E-002
 -0.87205851031115023        1.1471733519347280        7.5519823519994922E-002
 -0.79937848314412363       0.94110110433257055        6.4711984317597934E-002
 -0.69811359235508585       0.73698955899292096        5.3201413192379046E-002
 -0.61464137615402825       0.58221923754700577        4.4369407163089847E-002
 -0.57513989966345236       0.48852823407819967        3.9547763780217349E-002
 -0.59214205223388139       0.45013468547955499        3.8981434852938188E-002
 -0.67548185041215203       0.45798805853704666        4.2770296337067124E-002
 -0.83472968943089410       0.50224019014588339        5.1054400361513423E-002
  -1.0673954729893775       0.56589726450923883        6.3315295708526578E-002
  -1.3348781300835935       0.61758038680295724        7.7082297399089214E-002
  -1.5505960381917294       0.61781392903673082        8.7476137122937669E-002
  -1.6192021108599486       0.54557271301238330        8.9546249008661372E-002
  -1.5122060980829533       0.41986195638501594        8.2249352949083768E-002
  -1.2928721812273090       0.28458268701189005        6.9378592861666949E-002
  -1.0583111915037133       0.17350131317371559        5.6204143352627786E-002
 -0.87512844006828050        9.5175953452068668E-002   4.6133977484062096E-002
 -0.76656790901101557        4.1562104357030144E-002   4.0233127127883551E-002
 -0.73186399810501879        0.0000000000000000        3.8355366877892011E-002
 -0.76338382879342181       -4.1389468543909021E-002   4.0066011465104107E-002
 -0.84988500731932615       -9.2430564695079334E-002   4.4803224300026812E-002
 -0.96908351314843111      -0.15887317781015900        5.1465494394208590E-002
  -1.0803135345423489      -0.23779499082695529        5.7972190881864449E-002
  -1.1336691364472247      -0.31476168633723711        6.1660611638411626E-002
  -1.0996917333453327      -0.37052928625436859        6.0815922315348894E-002
 -0.99242563961810870      -0.39541851558209684        5.5987219880164821E-002
 -0.85739437289500553      -0.39667287711277238        4.9510083767466989E-002
 -0.73926097889536024      -0.39193136592913908        4.3851157953150095E-002
 -0.66321806908618863      -0.39904507212763946        4.0564270391773793E-002
 -0.63716982228819219      -0.43201185892723754        4.0344447596444413E-002
 -0.65998257630454205      -0.50170571113144302        4.3447459448680170E-002
 -0.72406997765155701      -0.61503058253851550        4.9788492249046232E-002
 -0.81052400267204328      -0.76776911733811803        5.8509678790321255E-002
 -0.88397810390463560      -0.93320433821994386        6.7365662084008945E-002
 -0.90129089312650101       -1.0610816687360252        7.2962086635349699E-002
 -0.83861494494112265       -1.1031790940580470        7.2623627766199975E-002
 -0.71239683211131410       -1.0507067191215436        6.6528860416835714E-002
 -0.56651705161836696      -0.94155866422666668        5.7588358981281597E-002
 -0.43989920221581807      -0.82973791616399950        4.9218029167173598E-002
 -0.34936733154604765      -0.75514511181404842        4.3605718586964798E-002
 -0.29410914704299773      -0.73815829777723863        4.1642848868682476E-002
 -0.26571636029702916      -0.78861805442459243        4.3612707889026853E-002
 -0.25304284986325165      -0.91137797750030913        4.9570127402920335E-002
 -0.24190739768909494       -1.0989963872688258        5.8974757146051736E-002
 -0.21519524184252864       -1.3126329053905852        6.9710505356297067E-002
 -0.16009965767164025       -1.4720920420745567        7.7603992755892789E-002
  -8.0817164512899664E-002  -1.4905848914835602        7.8232979399479138E-002
   0.0000000000000000       -1.3453013330855896        7.0504255333530857E-002
   5.9766399022341002E-002  -1.1023263676475594        5.7855326794465450E-002
   9.3371275841404366E-002 -0.85853470346818139        4.5259208666554925E-002
  0.11083313494964783      -0.67605221517380132        3.5903367478805091E-002
  0.12594982090876650      -0.57219580499885658        3.0705386324025051E-002
  0.15100435297332779      -0.54386852614467129        2.9581175754733135E-002
  0.19838564656850965      -0.58878761717093953        3.2561545113354677E-002
  0.28349354485756217      -0.71151514533582338        4.0139788110788034E-002
  0.42249616143159746      -0.91321048723532128        5.2733175245467570E-002
  0.61749762603674840       -1.1647240797053755        6.9088591240560021E-002
  0.83155042967559889       -1.3820475651453179        8.4529891056936410E-002
  0.98609675989400480       -1.4543839116380595        9.2088974486387726E-002
   1.0141561831553827       -1.3340996438422295        8.7825409726555240E-002
  0.92222201847901819       -1.0857236945092219        7.4656521354475758E-002
  0.77869109592361740      -0.82205419527852619        5.9342014246855306E-002
  0.65185865234896312      -0.61747331416868956        4.7056028248261342E-002
  0.57712578580687646      -0.49021506097248191        3.9684317262492691E-002
  0.56617566659776786      -0.43039555229815352        3.7272035957484233E-002
  0.62564346211045196      -0.42419679281320244        3.9614619192929329E-002
  0.76515834249852255      -0.46038049957246918        4.6799222374018228E-002
  0.98886544324271020      -0.52426327772549408        5.8657085906039311E-002
   1.2694504161349498      -0.58731030298226772        7.3304185831394225E-002
   1.5237968340463470      -0.60713615016956424        8.5964272782473511E-002
   1.6386920236285356      -0.55213962922019733        9.0624093812733481E-002
   1.5569545602436712      -0.43228630574575266        8.4683235514992891E-002
   1.3306263026206246      -0.29289299754984577        7.1404568712203312E-002
   1.0690461545844367      -0.17526122104044675        5.6774249204968680E-002
  0.85529663587690019       -9.3019114768546601E-002   4.5088508080779896E-002
  0.72005151646518051       -3.9040058836239913E-002   3.7791725768881151E-002
  0.69396932111039722        0.0000000000000000        0.0000000000000000     
  0.70914634868667670        3.7164785321345928E-002   0.0000000000000000     
  0.77895067396236695        8.1871014896497840E-002   0.0000000000000000     
  0.88733927360007048       0.14054073422712773        0.0000000000000000     
   1.0035864076001608       0.21331887613825951        0.0000000000000000     
   1.0837794199714526       0.29039782035482126        0.0000000000000000     
   1.0910276748568133       0.35449638069616984        0.0000000000000000     
   1.0210206884690438       0.39193312133036529        0.0000000000000000     
  0.90483719630171078       0.40285947532767252        0.0000000000000000     
  0.78552825987329122       0.40024663970251512        0.0000000000000000     
  0.69474185000072453       0.40110939411521684        0.0000000000000000     
  0.64697120265023467       0.42014801158118770        0.0000000000000000     
  0.64537018025670390       0.46888888226298114        0.0000000000000000     
  0.68702075230992998       0.55633843569420305        0.0000000000000000     
  0.76208675172873719       0.68618599336235864        0.0000000000000000     
  0.84845182835062993       0.84845182835062982        0.0000000000000000     
  0.91016994571596344        1.0108461323335560        0.0000000000000000     
  0.91044607803974309        1.1243072729497681        0.0000000000000000     
  0.83601886971789452        1.1506812574524556        0.0000000000000000     
  0.70876492864561902        1.0914022812019313        0.0000000000000000     
  0.56904456625783029       0.98561410052955623        0.0000000000000000     
  0.44925858456520712       0.88171961775604957        0.0000000000000000     
  0.36255023691499205       0.81430116449875756        0.0000000000000000     
  0.30750731621113614       0.80108394677496952        0.0000000000000000     
  0.27614955399846813       0.84990093613937390        0.0000000000000000     
  0.25782151690856830       0.96220300038725437        0.0000000000000000     
  0.23952586665583292        1.1268806042679522        0.0000000000000000     
  0.20704496510468498        1.3072304620355459        0.0000000000000000     
  0.15109242886407520        1.4375484344865086        0.0000000000000000     
   7.6058582193101659E-002   1.4512842031013797        0.0000000000000000     
   0.0000000000000000        1.3305672635903767        0.0000000000000000     
  -5.8898439588175817E-002   1.1238491764758898        0.0000000000000000     
  -9.5356075390275713E-002  0.90725245418740952        0.0000000000000000     
 -0.11658269499631373       0.73607416711787466        0.0000000000000000     
 -0.13424472970345269       0.63157179740166081        0.0000000000000000     
 -0.15956369875422274       0.59549983079437430        0.0000000000000000     
 -0.20358018157053900       0.62655537331479705        0.0000000000000000     
 -0.27893675840433341       0.72665509906026637        0.0000000000000000     
 -0.39840889473900143       0.89484102863433157        0.0000000000000000     
 -0.56511597052333828        1.1091025405778430        0.0000000000000000     
 -0.75506153140434729        1.3078049352330936        0.0000000000000000     
 -0.91084920442697337        1.4025847772154842        0.0000000000000000     
 -0.97214919813647294        1.3380485803155904        0.0000000000000000     
 -0.92510635427895649        1.1424112063915917        0.0000000000000000     
 -0.81221044435862333       0.90205108417966762        0.0000000000000000     
 -0.69320233578837820       0.69320233578837831        0.0000000000000000     
 -0.60901040520928817       0.54835543186990965        0.0000000000000000     
 -0.57773469118261234       0.46784032834252809        0.0000000000000000     
 -0.60763072467689305       0.44146956280047939        0.0000000000000000     
 -0.70748271967465493       0.45944465021274700        0.0000000000000000     
 -0.88612101451173741       0.51160220626293629        0.0000000000000000     
  -1.1375902557338990       0.57963118639329725        0.0000000000000000     
  -1.4161893588518810       0.63052812638956213        0.0000000000000000     
  -1.6288753650069896       0.62526667018136950        0.0000000000000000     
  -1.6811557862819608       0.54624062739892776        0.0000000000000000     
  -1.5523498932191726       0.41595090025861731        0.0000000000000000     
  -1.3128237198480528       0.27904929596975103        0.0000000000000000     
  -1.0617957453797500       0.16817192487094568        0.0000000000000000     
 -0.86475221523446077        9.0889120276517896E-002   0.0000000000000000     
 -0.74299803529945252        3.8938877041707273E-002   0.0000000000000000     
 -0.69396932111039733        0.0000000000000000        0.0000000000000000     
 -0.70914634868667670       -3.7164785321345740E-002   0.0000000000000000     
 -0.77895067396236695       -8.1871014896497521E-002   0.0000000000000000     
 -0.88733927360007092      -0.14054073422712768        0.0000000000000000     
  -1.0035864076001602      -0.21331887613825912        0.0000000000000000     
  -1.0837794199714521      -0.29039782035482065        0.0000000000000000     
  -1.0910276748568140      -0.35449638069616990        0.0000000000000000     
  -1.0210206884690438      -0.39193312133036506        0.0000000000000000     
 -0.90483719630171233      -0.40285947532767280        0.0000000000000000     
 -0.78552825987329189      -0.40024663970251545        0.0000000000000000     
 -0.69474185000072441      -0.40110939411521657        0.0000000000000000     
 -0.64697120265023489      -0.42014801158118753        0.0000000000000000     
 -0.64537018025670390      -0.46888888226298098        0.0000000000000000     
 -0.68702075230992932      -0.55633843569420227        0.0000000000000000     
 -0.76208675172873730      -0.68618599336235830        0.0000000000000000     
 -0.84845182835063038      -0.84845182835063016        0.0000000000000000     
 -0.91016994571596321       -1.0108461323335551        0.0000000000000000     
 -0.91044607803974364       -1.1243072729497678        0.0000000000000000     
 -0.83601886971789430       -1.1506812574524550        0.0000000000000000     
 -0.70876492864562102       -1.0914022812019326        0.0000000000000000     
 -0.56904456625783129      -0.98561410052955689        0.0000000000000000     
 -0.44925858456520756      -0.88171961775605012        0.0000000000000000     
 -0.36255023691499266      -0.81430116449875767        0.0000000000000000     
 -0.30750731621113642      -0.80108394677496930        0.0000000000000000     
 -0.27614955399846813      -0.84990093613937368        0.0000000000000000     
 -0.25782151690856853      -0.96220300038725315        0.0000000000000000     
 -0.23952586665583325       -1.1268806042679520        0.0000000000000000     
 -0.20704496510468526       -1.3072304620355464        0.0000000000000000     
 -0.15109242886407584       -1.4375484344865070        0.0000000000000000     
  -7.6058582193102159E-002  -1.4512842031013800        0.0000000000000000     
   0.0000000000000000       -1.3305672635903778        0.0000000000000000     
   5.8898439588175346E-002  -1.1238491764758929        0.0000000000000000     
   9.5356075390275560E-002 -0.90725245418741096        0.0000000000000000     
  0.11658269499631366      -0.73607416711787488        0.0000000000000000     
  0.13424472970345239      -0.63157179740166114        0.0000000000000000     
  0.15956369875422247      -0.59549983079437419        0.0000000000000000     
  0.20358018157053878      -0.62655537331479660        0.0000000000000000     
  0.27893675840433246      -0.72665509906026504        0.0000000000000000     
  0.39840889473900076      -0.89484102863433079        0.0000000000000000     
  0.56511597052333784       -1.1091025405778423        0.0000000000000000     
  0.75506153140434618       -1.3078049352330934        0.0000000000000000     
  0.91084920442697337       -1.4025847772154845        0.0000000000000000     
  0.97214919813647283       -1.3380485803155906        0.0000000000000000     
  0.92510635427895815       -1.1424112063915952        0.0000000000000000     
  0.81221044435862366      -0.90205108417966817        0.0000000000000000     
  0.69320233578837842      -0.69320233578837875        0.0000000000000000     
  0.60901040520928873      -0.54835543186991076        0.0000000000000000     
  0.57773469118261234      -0.46784032834252820        0.0000000000000000     
  0.60763072467689294      -0.44146956280047944        0.0000000000000000     
  0.70748271967465359      -0.45944465021274661        0.0000000000000000     
  0.88612101451173675      -0.51160220626293607        0.0000000000000000     
   1.1375902557338982      -0.57963118639329703        0.0000000000000000     
   1.4161893588518772      -0.63052812638956135        0.0000000000000000     
   1.6288753650069889      -0.62526667018136950        0.0000000000000000     
   1.6811557862819615      -0.54624062739892809        0.0000000000000000     
   1.5523498932191762      -0.41595090025861919        0.0000000000000000     
   1.3128237198480535      -0.27904929596975131        0.0000000000000000     
   1.0617957453797504      -0.16817192487094590        0.0000000000000000     
  0.86475221523446244       -9.0889120276518562E-002   0.0000000000000000     
  0.74299803529945274       -3.8938877041707377E-002   0.0000000000000000     
  0.73186399810501856        0.0000000000000000       -3.8355366877891740E-002
  0.76338382879342137        4.1389468543908910E-002  -4.0066011465103815E-002
  0.84988500731932659        9.2430564695079445E-002  -4.4803224300026541E-002
  0.96908351314843000       0.15887317781015867       -5.1465494394208187E-002
   1.0803135345423480       0.23779499082695515       -5.7972190881864012E-002
   1.1336691364472240       0.31476168633723667       -6.1660611638411182E-002
   1.0996917333453324       0.37052928625436854       -6.0815922315348478E-002
  0.99242563961810815       0.39541851558209684       -5.5987219880164425E-002
  0.85739437289500475       0.39667287711277199       -4.9510083767466614E-002
  0.73926097889535936       0.39193136592913880       -4.3851157953149755E-002
  0.66321806908618908       0.39904507212763962       -4.0564270391773551E-002
  0.63716982228819230       0.43201185892723776       -4.0344447596444157E-002
  0.65998257630454238       0.50170571113144313       -4.3447459448679893E-002
  0.72406997765155734       0.61503058253851595       -4.9788492249045926E-002
  0.81052400267204205       0.76776911733811670       -5.8509678790320777E-002
  0.88397810390463638       0.93320433821994464       -6.7365662084008557E-002
  0.90129089312650124        1.0610816687360247       -7.2962086635349199E-002
  0.83861494494112210        1.1031790940580473       -7.2623627766199475E-002
  0.71239683211131410        1.0507067191215438       -6.6528860416835284E-002
  0.56651705161836707       0.94155866422666690       -5.7588358981281229E-002
  0.43989920221581946       0.82973791616400139       -4.9218029167173397E-002
  0.34936733154604754       0.75514511181404875       -4.3605718586964520E-002
  0.29410914704299773       0.73815829777723896       -4.1642848868682213E-002
  0.26571636029702939       0.78861805442459276       -4.3612707889026582E-002
  0.25304284986325160       0.91137797750030802       -4.9570127402919939E-002
  0.24190739768909472        1.0989963872688264       -5.8974757146051382E-002
  0.21519524184252864        1.3126329053905863       -6.9710505356296665E-002
  0.16009965767164053        1.4720920420745549       -7.7603992755892179E-002
   8.0817164512899109E-002   1.4905848914835593       -7.8232979399478583E-002
   0.0000000000000000        1.3453013330855881       -7.0504255333530316E-002
  -5.9766399022340946E-002   1.1023263676475603       -5.7855326794465110E-002
  -9.3371275841404339E-002  0.85853470346818372       -4.5259208666554744E-002
 -0.11083313494964804       0.67605221517380121       -3.5903367478804848E-002
 -0.12594982090876661       0.57219580499885669       -3.0705386324024853E-002
 -0.15100435297332782       0.54386852614467163       -2.9581175754732954E-002
 -0.19838564656850946       0.58878761717093953       -3.2561545113354462E-002
 -0.28349354485756345       0.71151514533582583       -4.0139788110787909E-002
 -0.42249616143159807       0.91321048723532228       -5.2733175245467279E-002
 -0.61749762603674652        1.1647240797053728       -6.9088591240559397E-002
 -0.83155042967560067        1.3820475651453190       -8.4529891056935952E-002
 -0.98609675989400469        1.4543839116380590       -9.2088974486387101E-002
  -1.0141561831553823        1.3340996438422286       -8.7825409726554615E-002
 -0.92222201847901863        1.0857236945092232       -7.4656521354475328E-002
 -0.77869109592361607       0.82205419527852464       -5.9342014246854799E-002
 -0.65185865234896279       0.61747331416868934       -4.7056028248261009E-002
 -0.57712578580687701       0.49021506097248280       -3.9684317262492476E-002
 -0.56617566659776808       0.43039555229815396       -3.7272035957484011E-002
 -0.62564346211045252       0.42419679281320272       -3.9614619192929100E-002
 -0.76515834249852333       0.46038049957246951       -4.6799222374017964E-002
 -0.98886544324270920       0.52426327772549408       -5.8657085906038874E-002
  -1.2694504161349542       0.58731030298226905       -7.3304185831393989E-002
  -1.5237968340463477       0.60713615016956435       -8.5964272782472984E-002
  -1.6386920236285363       0.55213962922019744       -9.0624093812732912E-002
  -1.5569545602436721       0.43228630574575339       -8.4683235514992392E-002
  -1.3306263026206242       0.29289299754984549       -7.1404568712202812E-002
  -1.0690461545844363       0.17526122104044653       -5.6774249204968284E-002
 -0.85529663587690152        9.3019114768547018E-002  -4.5088508080779667E-002
 -0.72005151646518128        3.9040058836240198E-002  -3.7791725768880950E-002
 -0.66252590481633589        0.0000000000000000       -3.4721511388911559E-002
 -0.67375819511882251       -3.6530107884454210E-002  -3.5362032246616319E-002
 -0.74438088479610731       -8.0956299896317072E-002  -3.9241383785984817E-002
 -0.85900371502250639      -0.14082651092987356       -4.5619443814976464E-002
 -0.98569648950366673      -0.21696820430837441       -5.2894815453087191E-002
  -1.0758095726007151      -0.29869705751251813       -5.8513612235139054E-002
  -1.0869833932938477      -0.36624734793840980       -6.0113116794589493E-002
  -1.0141907967937456      -0.40409054681368928       -5.7215090857971530E-002
 -0.89306643506907879      -0.41317653048684011       -5.1569960578219796E-002
 -0.77141867235179373      -0.40898029598404806       -4.5758673885174447E-002
 -0.68251213964831015      -0.41065392921096022       -4.1744349662409530E-002
 -0.64018515255246855      -0.43405630357477509       -4.0535372887595247E-002
 -0.64632814270510430      -0.49132588056461018       -4.2548571400107350E-002
 -0.69620792557383637      -0.59136434219023060       -4.7872642114762790E-002
 -0.77638574301576979      -0.73543164010444029       -5.6045324125481494E-002
 -0.85899208306930708      -0.90682691672569160       -6.5461542707089718E-002
 -0.90376951041637443       -1.0639997225964981       -7.3162737824458965E-002
 -0.87766508524691955       -1.1545486751336778       -7.6005350058288096E-002
 -0.77989213535743174       -1.1502548437526772       -7.2832068693526902E-002
 -0.64346838296107867       -1.0694527718135922       -6.5410719986642232E-002
 -0.50948261511004356      -0.96098615604170690       -5.7003354596563888E-002
 -0.40318829481539553      -0.87147721746948137       -5.0323295093093010E-002
 -0.33028915703702477      -0.82896327565455064       -4.6765568455599420E-002
 -0.28495284002059634      -0.84570989173795830       -4.6770040655662759E-002
 -0.25669989774321111      -0.92454947356218331       -5.0286529108900378E-002
 -0.23276193698250697       -1.0574481404088154       -5.6745179508855763E-002
 -0.19930760549277809       -1.2157226108924257       -6.4563852719484935E-002
 -0.14620359935687044       -1.3443198959071250       -7.0868253126725803E-002
  -7.4868416231733834E-002  -1.3808666853996376       -7.2474446487094057E-002
   0.0000000000000000       -1.2985179745866848       -6.8052443407200416E-002
   6.1264836736374166E-002  -1.1299634250824375       -5.9305850919134734E-002
  0.10236584816567468      -0.94123843021554832       -4.9619085106307088E-002
  0.12906265935046521      -0.78724739483136830       -4.1808653058101428E-002
  0.15272738476179923      -0.69384750401868334       -3.7233505514596754E-002
  0.18524896157771092      -0.66720645941177836       -3.6289563730523451E-002
  0.23842810893881519      -0.70762941047843775       -3.9133817187837622E-002
  0.32427317473197675      -0.81386429861694509       -4.5913766855939737E-002
  0.45091262156779344      -0.97463165924916439       -5.6279929770148181E-002
  0.61069767283573539       -1.1518980073447052       -6.8327779915380860E-002
  0.76764479868100566       -1.2758355802033967       -7.8033669260736335E-002
  0.86653204320029054       -1.2780391476844770       -8.0923141078453498E-002
  0.87205851031115078       -1.1471733519347291       -7.5519823519994492E-002
  0.79937848314412396      -0.94110110433257022       -6.4711984317597504E-002
  0.69811359235508719      -0.73698955899292251       -5.3201413192378796E-002
  0.61464137615402870      -0.58221923754700622       -4.4369407163089590E-002
  0.57513989966345236      -0.48852823407819929       -3.9547763780217078E-002
  0.59214205223388172      -0.45013468547955487       -3.8981434852937938E-002
  0.67548185041215181      -0.45798805853704661       -4.2770296337066832E-002
  0.83472968943089365      -0.50224019014588328       -5.1054400361513062E-002
   1.0673954729893786      -0.56589726450923894       -6.3315295708526204E-002
   1.3348781300835904      -0.61758038680295657       -7.7082297399088534E-002
   1.5505960381917294      -0.61781392903673105       -8.7476137122937087E-002
   1.6192021108599486      -0.54557271301238341       -8.9546249008660775E-002
   1.5122060980829533      -0.41986195638501544       -8.2249352949083213E-002
   1.2928721812273103      -0.28458268701189049       -6.9378592861666560E-002
   1.0583111915037140      -0.17350131317371584       -5.6204143352627446E-002
  0.87512844006828017       -9.5175953452068349E-002  -4.6133977484061769E-002
  0.76656790901101490       -4.1562104357029853E-002  -4.0233127127883239E-002
  0.77001727684010668        0.0000000000000000       -8.0932077023637986E-002
  0.82861782578716880        4.6534178952081673E-002  -8.7228469424986008E-002
  0.94025565883171480       0.10594136933828512       -9.9450173794633237E-002
   1.0734226892389966       0.18238185047196634      -0.11443816559174326     
   1.1746851369526967       0.26811421697255255      -0.12663949965394303     
   1.1905754126572861       0.34299886756715331      -0.13022402179217912     
   1.1068584989407280       0.38730653991719000      -0.12325200831809657     
  0.96104322145036314       0.39807713635147018      -0.10933212534023576     
  0.81084309647518937       0.39048145509775550       -9.4590442146895590E-002
  0.69775697766730760       0.38563665032073785       -8.3792562793935044E-002
  0.63828927395925539       0.40106373261980283       -7.9231119269905378E-002
  0.63365190784226511       0.44960000509319065       -8.1660979251476237E-002
  0.67772906619884388       0.54047089516569902       -9.1109397379713714E-002
  0.75524117452329054       0.67492477742443824      -0.10645729255648990     
  0.83440942732448631       0.83440942732448609      -0.12402647957957316     
  0.86912072020696762       0.97254653479531761      -0.13708822356627584     
  0.82410349869747779        1.0333931014957047      -0.13892250964193278     
  0.70549797847737572       0.99430635003749690      -0.12813980233487315     
  0.55719776927426834       0.88677516981805693      -0.11007577929302639     
  0.42471141462907835       0.76845743993969196       -9.2282872621182191E-002
  0.32984066073745338       0.68492118948087888       -7.9900782815330251E-002
  0.27312962328452384       0.65939324081935169       -7.5015215595575738E-002
  0.24607813506116866       0.70325090625677289       -7.8309094279548255E-002
  0.23761471131275885       0.82477891248210333       -9.0213543746108488E-002
  0.23346587274745978        1.0228808222064778      -0.11027390358056308     
  0.21460811242913674        1.2630928822141652      -0.13465900605757908     
  0.16419739043876239        1.4572921464934676      -0.15413675618650907     
   8.4113423053031683E-002   1.4977782631878040      -0.15767088441740007     
   0.0000000000000000        1.3487927149328587      -0.14176382683493347     
  -6.1031971667481255E-002   1.0867749427509810      -0.11440462890783107     
  -9.3162665522804597E-002  0.82684152561739299       -8.7454441407394612E-002
 -0.10848840365982602       0.63851701091099677       -6.8072639194520002E-002
 -0.12255094406912748       0.53693076832349651       -5.7884995485418277E-002
 -0.14861192679880139       0.51584341175597848       -5.6422468480120821E-002
 -0.20040815553593933       0.57273360336083634       -6.3775601771173945E-002
 -0.29567531844166628       0.71382336384085454       -8.1207404354256621E-002
 -0.45201193991061556       0.93861246473056259      -0.10949562058233298     
 -0.66570532865386611        1.2045030931375780      -0.14464692478552674     
 -0.88200222380429794        1.4036984979546292      -0.17424169204749890     
  -1.0065838095888486        1.4186471177127871      -0.18282610911596678     
 -0.98418723925610219        1.2341317628609065      -0.16590848291643293     
 -0.85328777851512994       0.95482946486474907      -0.13459086065696033     
 -0.69965367980750881       0.69965367980750892      -0.10399640750663980     
 -0.58543056197051768       0.52317273615917048       -8.2521126640830056E-002
 -0.53407441981615911       0.42591013748619622       -7.1797420196663089E-002
 -0.55166603215885912       0.39142792406790194       -7.1095167312402383E-002
 -0.64482461179814887       0.40517015755052388       -8.0042353537670224E-002
 -0.82125464805917736       0.45389140012138141       -9.8623208179683494E-002
  -1.0699114836439170       0.51524221489361688      -0.12481255712216061     
  -1.3298517741104960       0.55084264078248923      -0.15128926317336619     
  -1.4914362694507810       0.52187612199824351      -0.16607589467323794     
  -1.4702007818177250       0.42355754864306316      -0.16080918236249667     
  -1.2868959944227112       0.29372561294580674      -0.13873663649403803     
  -1.0437280939157498       0.17733653579922606      -0.11127240894168523     
 -0.83418612232530365        9.3990202826265717E-002  -8.8231274189194367E-002
 -0.69916679279242788        3.9264364874419921E-002  -7.3601179349627524E-002
 -0.64267103056182440        0.0000000000000000       -6.7547447194604648E-002
 -0.65774443570063246       -3.6938135197070607E-002  -6.9240654272026081E-002
 -0.73649195587819971       -8.2982713881579531E-002  -7.7898231531457793E-002
 -0.86391075972285891      -0.14678434188176193       -9.2101987007320626E-002
  -1.0047745255151943      -0.22933322868230219      -0.10832191467609946     
  -1.1028106387811047      -0.31771427178952910      -0.12062439315519212     
  -1.1095725299255481      -0.38825622043277935      -0.12355422379535655     
  -1.0227102680429496      -0.42362046340161291      -0.11634761550440113     
 -0.88692418606558177      -0.42712017681571002      -0.10346582621892732     
 -0.75665805813881171      -0.41819012681801382       -9.0865902999774401E-002
 -0.66597744412553961      -0.41846136301929310       -8.2668063618355034E-002
 -0.62645930106153624      -0.44449657842434187       -8.0734042386273366E-002
 -0.63731809746568902      -0.50824422298204908       -8.5676814962290931E-002
 -0.69072739700998209      -0.61727174101992377       -9.7363558901153044E-002
 -0.76856257296952246      -0.76856257296952224      -0.11423901401459079     
 -0.83755507257987816      -0.93722455879756938      -0.13210930814255167     
 -0.85676059580475306       -1.0743438060114270      -0.14442765055558443     
 -0.80245492266023299       -1.1309543748685653      -0.14575012021189734     
 -0.68809976854005350       -1.0951045082137056      -0.13593578874526072     
 -0.55316202740223852       -1.0008713229914461      -0.12019309854955963     
 -0.43341391724021522      -0.89999327272153840      -0.10499042535606860     
 -0.34459643496665820      -0.83192938684192308       -9.4643618482797301E-002
 -0.28568655592103176      -0.81644526973882037       -9.0913625611062254E-002
 -0.24766909450164981      -0.85967844873723398       -9.4030822283451582E-002
 -0.21853575069702880      -0.95746768349430511      -0.10322189713499491     
 -0.18521959511892613       -1.0901244579864335      -0.11621875006862740     
 -0.13698843663675594       -1.2158060023835475      -0.12859493809145231     
  -7.1875128360796750E-002  -1.2798552361228051      -0.13473016130987886     
   0.0000000000000000       -1.2473518684875868      -0.13110196424460027     
   6.3534540317474630E-002  -1.1313373061651184      -0.11909570196178397     
  0.11068863290060067      -0.98238878828164633      -0.10390656499733422     
  0.14482136330434073      -0.85235749530514637       -9.0870287323856033E-002
  0.17615782154071727      -0.77179784443519517       -8.3205354165642051E-002
  0.21655479858220736      -0.75167833793051764       -8.2217871475185514E-002
  0.27738349447914318      -0.79271648342360346       -8.8271354199585234E-002
  0.36767324464594314      -0.88764173374595623      -0.10098167816498095     
  0.48804734403144545       -1.0134407524215974      -0.11822485666827730     
  0.62072368215296880       -1.1231149323212748      -0.13487314567022182     
  0.72736346177946354       -1.1575923180364405      -0.14369242717703279     
  0.76964149043383234       -1.0847081700252146      -0.13979020700492489     
  0.74044833734192150      -0.92849284711506386      -0.12482041569574402     
  0.66957431743657836      -0.74925400703346923      -0.10561335334534853     
  0.59863799543013285      -0.59863799543013319       -8.8981452850842191E-002
  0.55812063377989285      -0.49876709220421861       -7.8671573526990335E-002
  0.56483472108573562      -0.45044065918268922       -7.5932630934499881E-002
  0.62977705115718008      -0.44685064765610566       -8.1161612663217003E-002
  0.76195902370553725      -0.47877058665753341       -9.4582297947008592E-002
  0.96023555733453103      -0.53070343357557392      -0.11531321192073657     
   1.1933902583654763      -0.57470645876097270      -0.13921720821611808     
   1.3882508731467418      -0.57503233963367262      -0.15793297853712673     
   1.4606326509948733      -0.51109746972019332      -0.16264581951748100     
   1.3812417090266571      -0.39792888127535891      -0.15107892243053653     
   1.2016970519658954      -0.27427951030509684      -0.12955157821385424     
   1.0068679735788286      -0.17107374945880277      -0.10734273184697182     
  0.85766906390842701       -9.6636094891938890E-002  -9.0715048256082301E-002
  0.77790548741552823       -4.3686235116667853E-002  -8.1889989465400409E-002
  0.80264785476709333        0.0000000000000000      -0.12712693125497571     
  0.89741445788654439        5.2268440043561952E-002 -0.14237736662158476     
   1.0405137032501137       0.12161860952708521      -0.16592309313742537     
   1.1869483482607173       0.20929101850571186      -0.19089426261967701     
   1.2688076067487695       0.30071292689785062      -0.20652632653483827     
   1.2354695206032649       0.36987529390441348      -0.20426022001619715     
   1.0977262376305168       0.39953967587053607      -0.18502088015893836     
  0.91844166540704186       0.39617706249022200      -0.15842334724498217     
  0.76133558909521837       0.38235710383151511      -0.13493655640684421     
  0.65935018022219383       0.38067600404151181      -0.12058631169019149     
  0.61918400899528292       0.40724372919979901      -0.11737946548468584     
  0.63570238717696503       0.47326289240538694      -0.12552357008924314     
  0.69642675251963460       0.58437143118121615      -0.14399055096040284     
  0.77491256333195835       0.73109229737269288      -0.16873596406154348     
  0.82613277888509451       0.87564958848424868      -0.19067128923252288     
  0.80446140773666408       0.95871977277356490      -0.19822125987959638     
  0.70077336822565961       0.94130199134544135      -0.18586619913525959     
  0.55374574166132973       0.84192949750175694      -0.15960559858918974     
  0.41510400290422161       0.71898122345533044      -0.13149203035291956     
  0.31379252383306327       0.62481228566735858      -0.11073962577900499     
  0.25309005773761428       0.58672870323540194      -0.10120569285155984     
  0.22466145226612502       0.61725226712306080      -0.10403737637694045     
  0.21760881760030923       0.72686407010784460      -0.12017246270033524     
  0.21833207744846830       0.92121547125235337      -0.14994806636785868     
  0.20729055770863686        1.1756031713114075      -0.18906964304697038     
  0.16403185005815918        1.4033821667478574      -0.22378706713171884     
   8.6190363746498661E-002   1.4798313952385747      -0.23477947702582133     
   0.0000000000000000        1.3482536933261495      -0.21354240663295110     
  -6.3156717572227627E-002   1.0843589633579556      -0.17203664629942456     
  -9.5534572173636700E-002  0.81735050143512722      -0.13033689316337904     
 -0.11038854749037286       0.62604456247615792      -0.10068535441838286     
 -0.12480047285736083       0.52657460030327208       -8.5711590369365487E-002
 -0.15314987631501389       0.51155621202495716       -8.4575606825046293E-002
 -0.21048911401855608       0.57831408780699223       -9.7474377368739193E-002
 -0.31583159194115906       0.73217992850798785      -0.12629478760463236     
 -0.48463330200745491       0.96498424321571341      -0.17103055818149562     
 -0.70136559836047518        1.2148008510412907      -0.22217079551841476     
 -0.89285551604335178        1.3575208609437994      -0.25734688029242636     
 -0.96439452101879586        1.2954066524761330      -0.25578646708918906     
 -0.89179935102967789        1.0628050804628035      -0.21974154287681505     
 -0.74322793813722998       0.78777559105953610      -0.17153686765643514     
 -0.60350395237621257       0.56937661343247070      -0.13141201477143782     
 -0.51765574045871210       0.43436474089570731      -0.10702853531515334     
 -0.49773330557427925       0.37054871681172957       -9.8280677764092592E-002
 -0.54767986838347882       0.36021471609070954      -0.10382433860313986     
 -0.67392141966767050       0.38908871305778425      -0.12325119610850248     
 -0.87483268829507965       0.43935748942351166      -0.15505240012616350     
  -1.1122031309480860       0.47975760019136215      -0.19184554605659776     
  -1.2953318333058321       0.47146223082079330      -0.21832714540326451     
  -1.3296446599199332       0.39806947980082741      -0.21983019916670335     
  -1.2038139986209881       0.28530915880424818      -0.19594718824509336     
 -0.99915020149987233       0.17617713830472681      -0.16069110441166801     
 -0.80988857241982060        9.4662397757868250E-002 -0.12914699404035521     
 -0.68574733709091451        3.9940234145748647E-002 -0.10879577341856476     
 -0.63767686520615574        0.0000000000000000      -0.10099809340358172     
 -0.66293301097363433       -3.8611450966120002E-002 -0.10517621542584624     
 -0.75613431364868178       -8.8379426003162023E-002 -0.12057519642081631     
 -0.90186149347226008      -0.15902251416119073      -0.14504437790721128     
  -1.0585769755509409      -0.25088735200783546      -0.17230667041404635     
  -1.1590903482049311      -0.34700887076091519      -0.19163244871260338     
  -1.1496584500124729      -0.41844145537715871      -0.19377401305685543     
  -1.0362776666540467      -0.44700655181760679      -0.17874905158379936     
 -0.87769683573119406      -0.44079591832964021      -0.15556003197420315     
 -0.73535505774446619      -0.42455744053872047      -0.13448658521068560     
 -0.64180073725760511      -0.42211898538542308      -0.12166694616228194     
 -0.60420434931255607      -0.44981347203903704      -0.11930407769264444     
 -0.61773274609761342      -0.51833931941663569      -0.12772007700030200     
 -0.67040180652561376      -0.63249148366904651      -0.14597891489370635     
 -0.73886980677796776      -0.78315624168999687      -0.17053101176237814     
 -0.78612336650610337      -0.93686534625590312      -0.19370272163588781     
 -0.77540347813390764       -1.0415476260344891      -0.20566035156547294     
 -0.69668321009047207       -1.0592553601037360      -0.20080432662096118     
 -0.57581117540206694      -0.99733421136233324      -0.18239906149733931     
 -0.45216826731868526      -0.90034104432627216      -0.15957341526291732     
 -0.35189999024201413      -0.81579587435750156      -0.14071782449796008     
 -0.28134469195783274      -0.77298818823756243      -0.13028654143212307     
 -0.23457900009643076      -0.78354842718320805      -0.12954408948238397     
 -0.20089838529545817      -0.84765694004571290      -0.13797479858903949     
 -0.16818417459045279      -0.95381985170224581      -0.15340072508590377     
 -0.12545555356535187       -1.0733408574656158      -0.17115779879225915     
  -6.7679423095612520E-002  -1.1620108183217881      -0.18435633485121011     
   0.0000000000000000       -1.1808614150336578      -0.18703007432094579     
   6.5466313560646347E-002  -1.1240131950541037      -0.17832790340441484     
  0.11956549401623648       -1.0229481774502318      -0.16312204749602927     
  0.16261061503320617      -0.92221062471467852      -0.14831708342061012     
  0.20258760049632912      -0.85478429941270540      -0.13913493298619251     
  0.25010351343165593      -0.83540391297520245      -0.13811735880249440     
  0.31452591741333419      -0.86415285592638424      -0.14565227332133418     
  0.40019399983402920      -0.92775397289070238      -0.16002964079382953     
  0.50058559277208348      -0.99674786566447671      -0.17666023567672065     
  0.59406305171717644       -1.0289473884735669      -0.18818068792742199     
  0.65124370700712708      -0.99016795207615682      -0.18770734267404307     
  0.65564790656843130      -0.88068797710874069      -0.17389756787335925     
  0.61808485669316238      -0.73660484849215380      -0.15229762152409412     
  0.56792908134267694      -0.60196965799746094      -0.13107792463868831     
  0.53399603406003382      -0.50379927465650887      -0.11627677737567089     
  0.53556640855717108      -0.44939357589126300      -0.11073167704288776     
  0.58480946068160278      -0.43537451243071040      -0.11547443081456407     
  0.68975986978482728      -0.45366220306519700      -0.13075861723158025     
  0.84895972534846276      -0.49014712596108634      -0.15526335644405312     
   1.0368315764500824      -0.52071638894965167      -0.18376453761516723     
   1.1950816974370417      -0.51550792408421742      -0.20614139130467579     
   1.2571710456048097      -0.45757283998146903      -0.21189517513056516     
   1.1999626200915756      -0.35924522570493078      -0.19838986288503183     
   1.0644988019968167      -0.25229085065778761      -0.17327057783053593     
  0.91914478358276541      -0.16207002452308453      -0.14782401101097814     
  0.81477688281366489       -9.5233759298979023E-002 -0.12992649706682088     
  0.77403126487680018       -4.5082187393475900E-002 -0.12280227068713638     
  0.82607529951352021        0.0000000000000000      -0.17558772534512737     
  0.96119994895302618        5.8141885357350348E-002 -0.20468278887658128     
   1.1366065620605235       0.13800902290882411      -0.24336760666381035     
   1.2893330068806845       0.23627904261445920      -0.27862001252172280     
   1.3386649522073091       0.32995127673586183      -0.29305774492612258     
   1.2476562871718229       0.38878542264681809      -0.27777493909509554     
   1.0603434085849173       0.40213521162760968      -0.24104709504400670     
  0.86045398709530396       0.38725890387951339      -0.20056494337189051     
  0.70847955617704095       0.37183875555182649      -0.17007279199822678     
  0.62485846279842250       0.37774010927488227      -0.15520059936070107     
  0.60718753221691846       0.41911129245842227      -0.15682165773297285     
  0.64453809819140184       0.50496335234982126      -0.17403922388069007     
  0.71591020730250376       0.63424109926025474      -0.20329890051746874     
  0.78120945212436654       0.78120945212436643      -0.23483185214125338     
  0.78792846810941852       0.88938738533607775      -0.25256167006504221     
  0.70785916307037322       0.90351546628014845      -0.24396871334190828     
  0.56696902505721014       0.82139643899495096      -0.21214656820906269     
  0.42125180177598304       0.69683559369454939      -0.17307807805453804     
  0.30986785577868770       0.59040387172610731      -0.14172834486974287     
  0.24142275714070496       0.53641936150780445      -0.12503506344085555     
  0.20828210207272527       0.54919476751401675      -0.12484804663358323     
  0.19937078107366349       0.63980333108034304      -0.14244414359225394     
  0.20180867244330350       0.81876996968738414      -0.17924341750650072     
  0.19665752352817445        1.0731253746868423      -0.23189835654327243     
  0.16106842169467905        1.3265177970272999      -0.28403096747412021     
   8.7443830395196723E-002   1.4456188476780110      -0.30783740440017998     
   0.0000000000000000        1.3486592574249843      -0.28666637462269962     
  -6.6436813331402902E-002   1.0983314557183206      -0.23388426696461223     
 -0.10098945825966230       0.83172301736171816      -0.17808663692348600     
 -0.11706551787893349       0.63880585640926146      -0.13804354248426451     
 -0.13319550573688707       0.54039540954477761      -0.11830223823256998     
 -0.16510374483724796       0.52983654551506565      -0.11796142549357000     
 -0.22892285652672870       0.60361996406653839      -0.13722048693921257     
 -0.34310917588347689       0.76235731558486153      -0.17769939371841009     
 -0.51639205503548968       0.98390285709177927      -0.23618903961544391     
 -0.71726498048899379        1.1865012004889992      -0.29469985352105060     
 -0.86154940644720701        1.2481697997567711      -0.32237166730913919     
 -0.87432761084363964        1.1159967408862419      -0.30134325214014496     
 -0.76977307864508571       0.86889418700782761      -0.24674216275012650     
 -0.62900766500784366       0.62900766500784377      -0.18907993827156327     
 -0.52001546675110066       0.46069350304037693      -0.14767015690545443     
 -0.46974343558333254       0.36802047953733558      -0.12684088525003615     
 -0.48409346587462992       0.33414559322820714      -0.12502947736588010     
 -0.56719248262465405       0.34287980898427162      -0.14087768430309011     
 -0.72079683392569405       0.37830336160843514      -0.17302959406579077     
 -0.92317566993399236       0.41548764185954790      -0.21518486605851506     
  -1.1064103528387554       0.41960609910290192      -0.25151945994016911     
  -1.1803650418288749       0.36781662256134584      -0.26279339187816053     
  -1.1102454386050566       0.27365092314837536      -0.24305262046012296     
 -0.95134159974490862       0.17433981848557203      -0.20558134090946398     
 -0.79058652978732014        9.5994584355581516E-002 -0.16927858595694256     
 -0.68350452841723208        4.1344407035967097E-002 -0.14554891855601684     
 -0.64860581993050193        0.0000000000000000      -0.13786542296359283     
 -0.68858366468251564       -4.1651638178427826E-002 -0.14663049557544430     
 -0.80083439943725809       -9.7238901012279666E-002 -0.17147283645078701     
 -0.96777725884130072      -0.17735176479836209      -0.20913302501186537     
  -1.1377711861613260      -0.28043541058440147      -0.24907849982070907     
  -1.2303529048259392      -0.38339347064230128      -0.27392255921556780     
  -1.1904988575280644      -0.45149666243823816      -0.27063523848685955     
  -1.0404117112337101      -0.46825130096253353      -0.24251164975301392     
 -0.85619203035697600      -0.44936424249025714      -0.20553164564857809     
 -0.70352600515315444      -0.42529629649907430      -0.17473982376202979     
 -0.60969584017519618      -0.42084265243289209      -0.15746949220132192     
 -0.57551002572941190      -0.45088331119405062      -0.15540015166606783     
 -0.59130972980339813      -0.52385470860499028      -0.16791577590053436     
 -0.64040127664227986      -0.64040127664227964      -0.19250486217054702     
 -0.69443457152196797      -0.78385459194645324      -0.22259324574897119     
 -0.71543994899125196      -0.91319162459441316      -0.24658148532216331     
 -0.67573756889683079      -0.97897487914962322      -0.25284521713850661     
 -0.58054096903033880      -0.96033206056978582      -0.23852459438291876     
 -0.46313044841490653      -0.88242134432201103      -0.21182807667377612     
 -0.35689322242734345      -0.79298421063662039      -0.18483827803278136     
 -0.27704195156978934      -0.73049959007459087      -0.16606393993933724     
 -0.22251667266530728      -0.71408110870356634      -0.15898115411955191     
 -0.18456226015442351      -0.74879852447632922      -0.16392541436541455     
 -0.15205496752029604      -0.82973710370066678      -0.17930306677102809     
 -0.11404691877041374      -0.93926087965185534      -0.20111239891086005     
  -6.3177890652949431E-002  -1.0444550412725297      -0.22241155020526715     
   0.0000000000000000       -1.1071870189980832      -0.23533986588391378     
   6.6963768925941025E-002  -1.1070430702017144      -0.23573936230665934     
  0.12817616914631760       -1.0556257256290604      -0.22602817452800569     
  0.18064886739011812      -0.98576896539125269      -0.21302096511537863     
  0.22898524178880092      -0.92902964579457292      -0.20338123629601765     
  0.28114147858278493      -0.90221472541484848      -0.20086673147048736     
  0.34336861656003237      -0.90538863237251199      -0.20582133858927301     
  0.41569671111002798      -0.92364020275261349      -0.21529314494368312     
  0.48852865669171552      -0.93081358708579331      -0.22344478991007977     
  0.54426324496996170      -0.90032137509159538      -0.22361930797205634     
  0.56759346413961187      -0.82230109518600580      -0.21238021873057722     
  0.55803652084121658      -0.71228099265146994      -0.19233127024434901     
  0.53157743005157720      -0.60002688029745210      -0.17039120800502122     
  0.51043154623544940      -0.51043154623544962      -0.15343591282445482     
  0.51326178309514414      -0.45471026142387649      -0.14575229563221995     
  0.55277554626674996      -0.43307198398840258      -0.14926135060509768     
  0.63612696115342848      -0.43908673796914544      -0.16429600293749158     
  0.76080246372426785      -0.45992112277194941      -0.18896599053215629     
  0.90467287622148695      -0.47480895326163697      -0.21716962834366765     
   1.0219735575240314      -0.45995296159487492      -0.23821386357254926     
   1.0641160787271611      -0.40356599668627063      -0.24190473340058474     
   1.0178509904990440      -0.31717519608680195      -0.22661168769056794     
  0.91775799498964339      -0.22620702938556050      -0.20091366996357532     
  0.81734625854481724      -0.14978426087198712      -0.17662545174523284     
  0.75697302293599167       -9.1913165690638260E-002 -0.16208133847743189     
  0.75713994770905568       -4.5798529314447681E-002 -0.16122921795383074     
  0.83975025586476371        0.0000000000000000      -0.22501040290279198     
   1.0121528880925623        6.3679262164164155E-002 -0.27174176928942040     
   1.2124626824076326       0.15316965705765728      -0.32746052061677766     
   1.3574921027173918       0.25895546802447700      -0.37029790663059070     
   1.3610427708833528       0.34945638815681557      -0.37651935936761516     
   1.2127121161858891       0.39403405240908407      -0.34166763658722704     
  0.99112897592955740       0.39241572190151430      -0.28563016243812517     
  0.78935716168429637       0.37144328540771399      -0.23375474178914801     
  0.65568109239044525       0.36046373089648481      -0.20048828018700252     
  0.59743078157211904       0.37914110293254960      -0.18959587930313176     
  0.60540608915223038       0.43985327048250039      -0.20051256501299483     
  0.66291107248017889       0.54840773293737854      -0.23053008911931269     
  0.73750183507513822       0.69256032129065825      -0.27108576925165195     
  0.77572978954263161       0.82606832318081647      -0.30364041985207924     
  0.72981039430840255       0.88218922188941762      -0.30678497974303387     
  0.60345490640112087       0.83058442299012725      -0.27509239847059291     
  0.45102504536963339       0.71070175003346370      -0.22554265259866454     
  0.32491514745898087       0.59101845916721829      -0.18071632049845338     
  0.24359644264394864       0.51766879121467502      -0.15329883669451486     
  0.20170368066655681       0.50944534406406905      -0.14681535896162584     
  0.18754793636678546       0.57721319618724753      -0.16262315343934966     
  0.18831598148666434       0.73344232336428972      -0.20289974689552598     
  0.18604155074004228       0.97526396269428428      -0.26603337365648833     
  0.15688223037071775        1.2418507262555980      -0.33539760954990172     
   8.8194508412712050E-002   1.4018115689485091      -0.37635693227564038     
   0.0000000000000000        1.3503349782627097      -0.36182116693699046     
  -7.0891682855009949E-002   1.1267910321960322      -0.30251970064071998     
 -0.10962566722158766       0.86777651065823624      -0.23436807753528921     
 -0.12869715021992240       0.67465408781893255      -0.18403274385098256     
 -0.14793668809041702       0.57617535892213878      -0.15939335755331835     
 -0.18454615477809189       0.56797466240952932      -0.16002030321691449     
 -0.25513640498083667       0.64440100046366078      -0.18570778062976087     
 -0.37512837184409048       0.79718836898903078      -0.23607382107324476     
 -0.54249957706380647       0.98680306733189793      -0.30173578611417357     
 -0.71080785227459475        1.1200539520706052      -0.35545141037253264     
 -0.79911415300195754        1.0998862725845298      -0.36428609108860588     
 -0.76609192308505736       0.92604605633580395      -0.32203637676011820     
 -0.65479299268976232       0.69728371501717890      -0.25630267381344685     
 -0.54018466417390643       0.50726716434332886      -0.19855730285824905     
 -0.46878066733375962       0.38780909489947490      -0.16302043140348013     
 -0.45565736624768127       0.33105445477785506      -0.15091527639130553     
 -0.50529584733785904       0.32067049568952721      -0.16035666965827011     
 -0.62002916212102976       0.34086391637122132      -0.18958695289845279     
 -0.78765907338642460       0.37064422570839078      -0.23325188172671787     
 -0.95920328531988264       0.37977544678893344      -0.27642960386678656     
  -1.0558174303083732       0.34305587873320398      -0.29746437036979823     
  -1.0299882603431387       0.26445603694719100      -0.28493632105981781     
 -0.91351475963009166       0.17426226027668162      -0.24918937096578686     
 -0.78205388138348919        9.8796380746542470E-002 -0.21121620884832348     
 -0.69377592390094167        4.3648681400821017E-002 -0.18626424848377565     
 -0.67398599196567077        0.0000000000000000      -0.18059400225709055     
 -0.73078205467316348       -4.5976909804700546E-002 -0.19619961651849058     
 -0.86345793579538532      -0.10908010434339063      -0.23320172182518720     
  -1.0495098748484011      -0.20020471595646383      -0.28628623979951284     
  -1.2236951296719216      -0.31419150769427634      -0.33852345873473694     
  -1.2932939513546313      -0.42021667781400235      -0.36437063823658583     
  -1.2104363958698938      -0.47924567199305784      -0.34883163823263014     
  -1.0210585214528181      -0.48047366922308971      -0.30236917154781173     
 -0.81692719456658436      -0.44910952571576818      -0.24979266624805604     
 -0.66165151417909529      -0.41989681914735955      -0.20997646002257558     
 -0.57343875939223576      -0.41662764590509316      -0.18992487618454473     
 -0.54604604904049714      -0.45172857758031421      -0.18988979000998391     
 -0.56512707651449856      -0.53068964857701872      -0.20772546043395526     
 -0.60920249374580460      -0.64873476469542246      -0.23845739002104416     
 -0.64577664610494867      -0.78060986988483561      -0.27146033660095009     
 -0.63944491816266369      -0.88012042449625916      -0.29149889140228946     
 -0.57543331225144401      -0.90673781033488621      -0.28775509690922479     
 -0.47260833264357932      -0.85967136568743474      -0.26286259529663553     
 -0.36556661918908318      -0.77686861027216847      -0.23005646900166415     
 -0.27823387952903156      -0.70273856192674855      -0.20251988839940610     
 -0.21614930062340690      -0.66523914410060381      -0.18742344790370929     
 -0.17339847333324235      -0.67534246507039231      -0.18682698129832906     
 -0.13989564432859949      -0.73335864976863296      -0.20004622662272387     
 -0.10483033908309168      -0.82981757982615656      -0.22411617334666192     
  -5.9260725941386587E-002 -0.94192226595538353      -0.25288632388944804     
   0.0000000000000000       -1.0358214383062216      -0.27754751789699589     
   6.8088186329046591E-002  -1.0822307309444816      -0.29055619666358312     
  0.13579677252367181       -1.0749421408861155      -0.29031913162762191     
  0.19692816704660418       -1.0323336039504185      -0.28160088130312760     
  0.25186398685966510      -0.98094546323582810      -0.27136910411155402     
  0.30499663038773572      -0.93868310823826051      -0.26446312757623824     
  0.35967742274335252      -0.90844147105316442      -0.26180072547983574     
  0.41424298873709370      -0.88031116103826501      -0.26068922679250389     
  0.46120765307868500      -0.83893360654447580      -0.25652158941167663     
  0.49129007682088532      -0.77414928717434395      -0.24567785815701959     
  0.50084155904311367      -0.68934926688753639      -0.22831483225913027     
  0.49640195354846134      -0.60004688417776586      -0.20866880555747894     
  0.49198075045886125      -0.52390628676050899      -0.19257381067774496     
  0.50266606242377332      -0.47203485216908009      -0.18476647748946198     
  0.54024446196581988      -0.44692908735131681      -0.18787226391805276     
  0.61082551961094933      -0.44379071718832663      -0.20230749889565353     
  0.71051749335399272      -0.45090811252513946      -0.22548417836493015     
  0.81876723591278533      -0.45012109700606906      -0.25035529757791158     
  0.89878085790067541      -0.42293416836536157      -0.26615871440921762     
  0.91693144459783105      -0.36303884106363721      -0.26424742271253854     
  0.87047040910458662      -0.28283298090599535      -0.24524498718893997     
  0.79165637917067722      -0.20326281057775589      -0.21900410413345889     
  0.72351091543006318      -0.13801708853477923      -0.19735995286589914     
  0.69800271193757557       -8.8178248752771485E-002 -0.18851576610104362     
  0.73355002126962487       -4.6151055502086064E-002 -0.19694275735136801     
  0.84599783046243882        0.0000000000000000      -0.27488135808755332     
   1.0451402871554567        6.8502113547881091E-002 -0.34031530581615393     
   1.2545373307510919       0.16516297291000614      -0.41114125888519482     
   1.3735081113026892       0.27320775003438069      -0.45502297721517948     
   1.3233898106668043       0.35460123103974656      -0.44516401112449239     
   1.1297842119882977       0.38351006235603058      -0.38766233276757128     
  0.89712366958935919       0.37160079106983196      -0.31550991222198510     
  0.71302465093129141       0.35162484525433357      -0.25831507889430633     
  0.60875924827355532       0.35146731586241131      -0.22839730701161925     
  0.58148126148348633       0.38853335727363159      -0.22722984947475652     
  0.61778801204578382       0.47404541449260085      -0.25301650981460516     
  0.69370679403645064       0.60836453058813134      -0.29979657707779633     
  0.76210119191240733       0.76210119191240711      -0.35018994918900104     
  0.76111509985032255       0.86788543589066491      -0.37507068578893155     
  0.66356391012781324       0.86477332418028774      -0.35416991589123825     
  0.50966906268291501       0.76277365626356863      -0.29807485567787756     
  0.36482557892916151       0.63189643860603728      -0.23707803256731463     
  0.26406815426021124       0.53547724529325447      -0.19399307819634115     
  0.20813446098706020       0.50248103851217452      -0.17671783024825960     
  0.18490100029890877       0.54470078212607720      -0.18690292678784831     
  0.18059080561526900       0.67397406193597831      -0.22671248817770054     
  0.17776599171501584       0.89368999050581521      -0.29606631139708317     
  0.15261980945747161        1.1592625453699177      -0.37991748081062693     
   8.8530353043060991E-002   1.3507121723583737      -0.43981466570082511     
   0.0000000000000000        1.3480924867800883      -0.43802180129844948     
  -7.6158534904860922E-002   1.1619547035460407      -0.37835205009466066     
 -0.12093968720794619       0.91862812650145209      -0.30105594717618661     
 -0.14483969353408721       0.72815831133132258      -0.24122810777703432     
 -0.16857423361798954       0.62912760470932272      -0.21162696415233276     
 -0.21065888892778933       0.62058107514443017      -0.21293969654480277     
 -0.28716384027617914       0.69327483781789345      -0.24381820549418368     
 -0.40798488696618357       0.82731150981066881      -0.29971900361058329     
 -0.55896395780864194       0.96815397452435459      -0.36323679875265408     
 -0.68585921603965672        1.0264608551021857      -0.40111790533291908     
 -0.72510995577627202       0.94498169246740304      -0.38701943871497724     
 -0.66904603605248780       0.76290078957114971      -0.32969987800258022     
 -0.57186641558008455       0.57186641558008466      -0.26277595828495076     
 -0.49219719586998911       0.43164535592901637      -0.21271095488414515     
 -0.45986159684490224       0.35286421399419404      -0.18833738104786246     
 -0.48482298350265784       0.32394836074877692      -0.18945795997304030     
 -0.57046353772437619       0.32935727706803508      -0.21402933283408607     
 -0.70952115726209752       0.34989711337624141      -0.25704583070999543     
 -0.86588273365090518       0.35866037170289539      -0.30452277043785847     
 -0.97241049927316303       0.33008888534173703      -0.33366276369935477     
 -0.97680099241043117       0.26173303708229451      -0.32857790225293887     
 -0.89344405258132231       0.17771707162022676      -0.29598483579042889     
 -0.78668401488336126       0.10356891537147492      -0.25781477226378097     
 -0.71513434788208985        4.6872381538309749E-002 -0.23285980579842444     
 -0.70932154750368115        0.0000000000000000      -0.23047254174635107     
 -0.78148691688224481       -5.1221358677266432E-002 -0.25446532142966377     
 -0.93074294017482295      -0.12253463268585134      -0.30502625529116895     
  -1.1265583545044398      -0.22408638928580968      -0.37321216544332181     
  -1.2891488854865130      -0.34542640278959247      -0.43364599317164765     
  -1.3202685827126641      -0.44817079324532627      -0.45302314656476000     
  -1.1902940680061058      -0.49303594618037139      -0.41861516939671928     
 -0.97103845133909328      -0.47886317077839469      -0.35178850245842874     
 -0.76138625869505616      -0.43958656141487240      -0.28566066400597639     
 -0.61516845968906753      -0.41104242348595399      -0.24039405180511458     
 -0.53983415295527104      -0.41422931459534118      -0.22109032644897619     
 -0.52321955678014498      -0.45885123627368901      -0.22611776838761502     
 -0.54701713590956169      -0.54701713590956114      -0.25135756912934898     
 -0.58498373035603013      -0.66704610105466577      -0.28827472870154830     
 -0.60191835145824013      -0.78443526799912844      -0.32126727909041253     
 -0.56901850601955117      -0.85159637517216602      -0.33278478424212327     
 -0.48663692475380710      -0.84287987851266555      -0.31623584353344503     
 -0.38332259914891964      -0.77730133732313444      -0.28160128266676682     
 -0.28957890484011178      -0.69910531944214449      -0.24586873075378524     
 -0.21905399570788078      -0.64531226222159688      -0.22142569729849804     
 -0.16999609797889048      -0.63443407474567426      -0.21341196315055233     
 -0.13359642547815090      -0.67163458581315438      -0.22250263127134629     
  -9.9139153194057611E-002 -0.75303663060584658      -0.24678773656627093     
  -5.6598314611541099E-002 -0.86352341149698997      -0.28117778778084335     
   0.0000000000000000      -0.97459686491874509      -0.31666571729894144     
   6.9005101770967581E-002  -1.0528144044736876      -0.34281412785384485     
  0.14192623946530158       -1.0780368171221819      -0.35329790772415132     
  0.20970543435564082       -1.0542604118495225      -0.34926092347928878     
  0.26837005581164047       -1.0015706835191396      -0.33690997112591237     
  0.31893614174739221      -0.93955557610416773      -0.32238926914752614     
  0.36347356441123230      -0.87750280876568931      -0.30860944098703313     
  0.40189163517794663      -0.81495561747831247      -0.29524270212721460     
  0.43192716594626801      -0.74811979658817129      -0.28068328710800333     
  0.45211580399882439      -0.67663911765678197      -0.26441540774955663     
  0.46519455223717604      -0.60625334378299267      -0.24829245973785405     
  0.47884473057638605      -0.54601776761748910      -0.23597038282254665     
  0.50327454909877800      -0.50327454909877822      -0.23125759498520115     
  0.54760199987609393      -0.48023406497909765      -0.23665503433887758     
  0.61594147619730677      -0.47262851770179420      -0.25226025678521724     
  0.70226435291987266      -0.46923803879327919      -0.27442917558230184     
  0.78577991933136437      -0.45367024794976618      -0.29481279830749035     
  0.83529844086349303      -0.41192360548291240      -0.30261251468672784     
  0.82877282085127923      -0.34328894252280795      -0.29147156498328075     
  0.77342190075802275      -0.26254135811051826      -0.26538389816381125     
  0.70234219433962408      -0.18819202378360556      -0.23625500657033854     
  0.65237738420680669      -0.12976592991752495      -0.21612300443431032     
  0.64973483678785893       -8.5539214032661293E-002 -0.21293331987067649     
  0.71108607464575313       -4.6607043691978073E-002 -0.23154161975069215     
  0.84863467801509873        0.0000000000000000      -0.32576033177385644     
   1.0587086267650938        7.2417654006615789E-002 -0.40734979178168157     
   1.2563386374530292       0.17267977109856933      -0.48679727483075663     
   1.3322417438004961       0.27684301790418231      -0.52232458667411952     
   1.2302725315362539       0.34470619752387011      -0.49044438640155574     
   1.0125830187910720       0.35987209133238401      -0.41251228218978181     
  0.79284599612519924       0.34438161459421396      -0.33181564895107540     
  0.64149904626316145       0.33239801362456151      -0.27734261959337186     
  0.57376904567716380       0.34891668608490878      -0.25777656719882236     
  0.58129472070747923       0.41032261977979179      -0.27312895976290991     
  0.64755677787307264       0.52682651481224751      -0.32044622870341516     
  0.73750687582758545       0.68878333969060235      -0.38736786236453435     
  0.78730842952704583       0.84300148786124363      -0.44277781675797323     
  0.73794810301495217       0.90706007080188678      -0.44886253812463434     
  0.59730708920169306       0.84619136468867762      -0.39759412732406396     
  0.43433906659408250       0.71424016585825167      -0.32088586775043842     
  0.30721039370875836       0.59288914641015933      -0.25632684873301659     
  0.23026840617608027       0.53013104107185294      -0.22186625937704629     
  0.19302225373495438       0.54311256996107082      -0.22125653063793432     
  0.17988740518165680       0.64202655755558147      -0.25594192587609715     
  0.17293681635844083       0.83221765004893966      -0.32628293033716427     
  0.14878912278591153        1.0825212623311862      -0.41944773864273821     
   8.8270952675867154E-002   1.2904756495174001      -0.49652470362544787     
   0.0000000000000000        1.3323134627737596      -0.51142722175234223     
  -8.1438099889100224E-002   1.1905828776512328      -0.45808986065594143     
 -0.13360366603190152       0.97203885940661627      -0.37663879282422269     
 -0.16402257364255632       0.78931995896618734      -0.30946427196052950     
 -0.19345935804402636       0.69046549171406058      -0.27525195900480193     
 -0.24113036601719323       0.67847582467397038      -0.27640164376941995     
 -0.32132685148796769       0.73976860800173516      -0.30960211937422399     
 -0.43698519408603881       0.84334314209813510      -0.36460692748972773     
 -0.56432366132303491       0.92799072536062754      -0.41691733874121145     
 -0.65147105269362715       0.92292421955139825      -0.43364806705843106     
 -0.65907634287126260       0.81011365404450819      -0.40088819101294249     
 -0.60237400202397084       0.64498506672942391      -0.33877173860333282     
 -0.53243979613205761       0.49726405676217411      -0.27965849868727299     
 -0.49154190945045562       0.39989900482625973      -0.24324160678300885     
 -0.49999354221477410       0.35293398134572879      -0.23492853316659543     
 -0.56510749357845669       0.34364947957141395      -0.25388520152923783     
 -0.68285364055522280       0.35382623721585865      -0.29522166646022618     
 -0.82493145738804019       0.35831829713874269      -0.34524380297197682     
 -0.93327398830283892       0.33168565512548476      -0.38020288280441611     
 -0.95493529841976499       0.26756032274292813      -0.38068203953301621     
 -0.89312202570264820       0.18559289115718075      -0.35016136905746642     
 -0.80318403779746050       0.11039510499976607      -0.31121211203057114     
 -0.74314963205454032        5.0832827435919943E-002 -0.28593499686974605     
 -0.74684634736887001        0.0000000000000000      -0.28668745245247601     
 -0.82843240174413091       -5.6666328695824580E-002 -0.31874848076641393     
 -0.98408005686468536      -0.13525869052834405      -0.38130443147732529     
  -1.1734103137216907      -0.24383746718812674      -0.46005243415163033     
  -1.3061367715802159      -0.36596236072612981      -0.52068743394137218     
  -1.2904166015969400      -0.45861417038293811      -0.52569783160680184     
  -1.1229928325402248      -0.48778462240838727      -0.46998609732261182     
 -0.89437282086765379      -0.46342664237453557      -0.38666885395616357     
 -0.69784070298644352      -0.42436633229983206      -0.31351809970012462     
 -0.57241051309228275      -0.40405146125473534      -0.26895459812187689     
 -0.51635176966854468      -0.42008332323399122      -0.25551887174757054     
 -0.51380115256619274      -0.47985677883246891      -0.26986874383599552     
 -0.54288763215609337      -0.58129071718942238      -0.30531693996389897     
 -0.57242211776834306      -0.70360130278835964      -0.34818010048461456     
 -0.56691001348865089      -0.80312851905170124      -0.37736048367606517     
 -0.50874266605167551      -0.83659167255959732      -0.37585459014265776     
 -0.41367420294021395      -0.79835497136740885      -0.34515695762016235     
 -0.31450108695748885      -0.72405412195154173      -0.30302541669531669     
 -0.23383833167858942      -0.65795800647813807      -0.26804296912008324     
 -0.17599536640615684      -0.62813568924057273      -0.25040437365680779     
 -0.13414597416821741      -0.64554586892827870      -0.25309556672894801     
  -9.7637422690395062E-002 -0.71036500573802419      -0.27524724514518767     
  -5.5575241527380338E-002 -0.81248127195912367      -0.31261110809149861     
   0.0000000000000000      -0.92789306144167460      -0.35618477464636594     
   6.9893712629092788E-002  -1.0218099099192146      -0.39315260452525319     
  0.14632858796499157       -1.0646195420274525      -0.41251130574252348     
  0.21795493483351047       -1.0488567298923870      -0.41121940554014758     
  0.27724665166959528      -0.98950625912632106      -0.39446364740966045     
  0.32318858042141596      -0.90936551148018885      -0.37046290084267253     
  0.35869929731578098      -0.82580860777031007      -0.34561090102726499     
  0.38733736021842019      -0.74752717217756315      -0.32318231080253496     
  0.41227598015768624      -0.67795896592096050      -0.30458585427959789     
  0.43721187301901338      -0.61938811404785743      -0.29102764097617456     
  0.46739918531173391      -0.57451077709866472      -0.28429910420429705     
  0.50936607131053302      -0.54539788966665137      -0.28646460335874813     
  0.56880789575412627      -0.53122949076274539      -0.29876046704933440     
  0.64647065159693906      -0.52594288554566726      -0.31990875449115269     
  0.73246892577715883      -0.51703302614959890      -0.34416014567048775     
  0.80322684048721749      -0.48845306220116641      -0.36086480994872500     
  0.82984469403957728      -0.42999086206354381      -0.35877107322491936     
  0.79921461755546686      -0.34714789725391587      -0.33448099412925086     
  0.72845534539820611      -0.25889309194982346      -0.29676260753644118     
  0.65418539947827159      -0.18329415292090009      -0.26078901106516567     
  0.61044911322232243      -0.12685278446484949      -0.23933537755680825     
  0.61962178975312621       -8.5165054733307488E-002 -0.24008670089863007     
  0.69649097541252603       -4.7641287886989334E-002 -0.26798256540046456     
  0.85121165765194939        0.0000000000000000      -0.37898384725567702     
   1.0546903358480946        7.5432941577277451E-002 -0.47077787971881685     
   1.2203271079429416       0.17545654969585581      -0.54891176421005550     
   1.2434133202143716       0.27048801121897781      -0.56655073779923060     
   1.1011782411711000       0.32333510505510904      -0.51097418541801298     
  0.88277209829397607       0.32925696958111328      -0.41948404515576820     
  0.69387047076339248       0.31688002632477752      -0.33962199994075398     
  0.58329061084876765       0.31850077025362572      -0.29589145337642753     
  0.55522621233978953       0.35682222017176041      -0.29385033990518761     
  0.59959821721522866       0.44885360314754480      -0.33347229638766596     
  0.69482926049616089       0.60207298149517230      -0.40933918941196279     
  0.78908497095960661       0.78908497095960650      -0.49684612503296660     
  0.80460442369767993       0.92856300464013031      -0.54703687545615054     
  0.70289556065562087       0.93895854261210054      -0.52221079454156971     
  0.53340611060475662       0.82999610923169898      -0.43927075739078836     
  0.37636854012018262       0.68926751887018745      -0.34965138154185471     
  0.27050963157869073       0.59233346950420085      -0.28992367599032814     
  0.21285496748259847       0.57068625309879506      -0.27118412377024342     
  0.18641401587164785       0.63486783500416910      -0.29459451949790894     
  0.17163065696552371       0.78897339688489232      -0.35948903943866117     
  0.14532403490340259        1.0107508641637055      -0.45464288747970599     
   8.7062958450266209E-002   1.2172992192511833      -0.54336095244640858     
   0.0000000000000000        1.2922935515965905      -0.57536615901004873     
  -8.5599945169763908E-002   1.1968436207301802      -0.53423026927545347     
 -0.14546529194863916        1.0117333284934162      -0.45508480688392533     
 -0.18354401279951463       0.84373820980832170      -0.38444216215561627     
 -0.21942030057462042       0.74727691762022841      -0.34675513916493195     
 -0.27196777548821210       0.72917382475309578      -0.34649575606236521     
 -0.35269906597040129       0.77230322712692678      -0.37801171487954216     
 -0.45811654381723521       0.83897780991328508      -0.42559636467417450     
 -0.56040668519766990       0.87200982338606092      -0.46150627853614673     
 -0.61833163922727474       0.82599436860613240      -0.45938468626816220     
 -0.61473008042152311       0.70943633132864226      -0.41794453589662495     
 -0.57483335748470887       0.57483335748470898      -0.36194292974385867     
 -0.54056259918736782       0.46840015854415307      -0.31845730851889403     
 -0.54243660241904601       0.40606295429911987      -0.30168131635466855     
 -0.59496299144020959       0.38235949745795866      -0.31488080602131158     
 -0.69794971702225350       0.38110937898762798      -0.35405568392892511     
 -0.82796121694827329       0.37811721823788208      -0.40525408735723417     
 -0.93299233190024067       0.34798814828602470      -0.44334817360130496     
 -0.96105647986986820       0.28219164369988137      -0.44595419123061480     
 -0.90910429438978835       0.19776353412213010      -0.41422566442684178     
 -0.82655696511476773       0.11884095033386401      -0.37179116893178960     
 -0.77061819678966570        5.5115701207291791E-002 -0.34397774249600099     
 -0.77643810460934060        0.0000000000000000      -0.34569251653866817     
 -0.85748609703732570       -6.1328616052153007E-002 -0.38275261745618006     
  -1.0047289671218398      -0.14445821682010954      -0.45193419559895792     
  -1.1691893201729939      -0.25434156833508736      -0.53273120144537944     
  -1.2591734517891882      -0.36972668464995645      -0.58428790614651849     
  -1.2013673972194108      -0.44808687239487938      -0.57087719070163767     
  -1.0182608197793444      -0.46502413486795652      -0.49839817465398001     
 -0.80463057239579006      -0.43936153318970633      -0.40817271025647633     
 -0.63760603113233527      -0.40976451501592792      -0.33744939415643543     
 -0.54144650297540287      -0.40532177513948570      -0.30113066305777031     
 -0.50888233756551449      -0.44094905558456216      -0.29979377007869029     
 -0.52198554090756422      -0.52198554090756411      -0.32866738420802633     
 -0.55454805451871836      -0.63998257100649403      -0.37702779912653039     
 -0.57052498982020006      -0.76213216152011054      -0.42386710759978541     
 -0.53856254030573714      -0.83801967046253778      -0.44351718189765066     
 -0.45701522434951630      -0.83696089389592654      -0.42457322423506133     
 -0.35460060245940367      -0.77646701123822159      -0.38004972160671086     
 -0.26217186845572898      -0.70290998160116580      -0.33401545317558407     
 -0.19242148930114883      -0.65532741060098687      -0.30408827317348480     
 -0.14198295465903316      -0.65268510892895359      -0.29739043647249797     
 -0.10051228179685515      -0.69907827533667311      -0.31445035264587284     
  -5.6309953299112189E-002 -0.78731602287827573      -0.35143108391264372     
   0.0000000000000000      -0.89618219341054151      -0.39900601976909550     
   7.0861077263909639E-002 -0.99076732015635949      -0.44224482051676295     
  0.14899245354038579       -1.0362652762147468      -0.46611945047708725     
  0.22156585279095464       -1.0185217874292247      -0.46408081749770269     
  0.27910255982284377      -0.95053602632998380      -0.44107243823479331     
  0.32047671107378761      -0.85923131421904420      -0.40829771139083038     
  0.35102645718389458      -0.76864072476110479      -0.37621906563061280     
  0.37832479570867716      -0.69285013349394697      -0.35146876901251761     
  0.40973759366282120      -0.63756414068922040      -0.33742722387579205     
  0.45200761752451235      -0.60381148716391464      -0.33581554685898135     
  0.51117395890969686      -0.58992619627620246      -0.34753848855494113     
  0.59101831835214935      -0.59101831835214969      -0.37213376518838487     
  0.68872739560558272      -0.59678568546977462      -0.40574444668851001     
  0.78863874555441660      -0.59036757008367813      -0.43860899840854323     
  0.86068019667671092      -0.55312557622568626      -0.45551013752992209     
  0.87383228375231381      -0.47714852643111949      -0.44327732975244633     
  0.82125008960664525      -0.37505234907527851      -0.40196925742764633     
  0.73058879314146419      -0.27249553141129573      -0.34716813420443321     
  0.64491887558308769      -0.18936526766721695      -0.29925845316495492     
  0.59834012214071142      -0.13016092641058319      -0.27262860397478933     
  0.61060353955380076       -8.7791535224337788E-002 -0.27465379073186380     
  0.69385403523646361       -4.9625420015879010E-002 -0.30971283270582139     
  0.85560933825035712        0.0000000000000000      -0.43595473266364387     
   1.0368231335936455        7.7699152394969523E-002 -0.52976911508344438     
   1.1561723782140743       0.17426494681314744      -0.59575332309517581     
   1.1266626828892330       0.25715340520836627      -0.58882641757893683     
  0.96120172092505130       0.29649146478403676      -0.51252686968863337     
  0.76067418497032457       0.29854261799829879      -0.41636457852669945     
  0.61151105310294396       0.29448820229464062      -0.34582820261979924     
  0.54335856145599570       0.31370821172310692      -0.31968463517661894     
  0.55507798211744241       0.37844576027685778      -0.34230584079885285     
  0.63570303579866849       0.50695625428119628      -0.41429244322293513     
  0.75299356911748694       0.69867592882899476      -0.52338640894988153     
  0.83370646732302234       0.89852187906067982      -0.62453938377672091     
  0.79875811584624801        1.0016109966573861      -0.65275740966505036     
  0.64964549598639743       0.95285493683430156      -0.58760718461247385     
  0.46963456814424531       0.81343093301650127      -0.47858152886363708     
  0.32943380404040373       0.68407634284411645      -0.38686609326206384     
  0.24437577281257924       0.62265931429515786      -0.34082040390570245     
  0.19949841358379389       0.64675797193095030      -0.34486084615092555     
  0.17316737124671555       0.75869582562833926      -0.39651632367125234     
  0.14181504763269187       0.94088136418988311      -0.48481801668735103     
   8.4580256328618167E-002   1.1286450843248759      -0.57668592471858160     
   0.0000000000000000        1.2212480291488093      -0.62225695099623213     
  -8.7532018723702032E-002   1.1680336161397065      -0.59681165973343808     
 -0.15405700538522793        1.0221014469866940      -0.52666915855860763     
 -0.19993931157251618       0.87599136013303180      -0.45781835348845440     
 -0.24225035862911101       0.78535637367713240      -0.41876354882446487     
 -0.29831303333271236       0.76008921278260944      -0.41604438664533916     
 -0.37657281080113114       0.78196149899593526      -0.44222314272727309     
 -0.46954727586853068       0.81327973835985445      -0.47849257359159497     
 -0.55151858991594138       0.80892919970047905      -0.49885097008158652     
 -0.59524132175965550       0.74640900882453187      -0.48644035736123248     
 -0.59886336966944687       0.64542121394809349      -0.44861563933975568     
 -0.58873409937918875       0.54626541392530448      -0.40921388805690984     
 -0.59735420396724903       0.47637408140091292      -0.38930022147866788     
 -0.64641447747832814       0.44071792840720991      -0.39863128847894741     
 -0.74082846773264821       0.42771751526878232      -0.43586591844793304     
 -0.86107933696552363       0.41467395346221170      -0.48696669979194190     
 -0.95930468916789757       0.37649934626531456      -0.52508748223085844     
 -0.98514524469676035       0.30387706374897971      -0.52529390809574239     
 -0.93282805602965591       0.21291191651681821      -0.48752285026472952     
 -0.84859705081240311       0.12790542544706582      -0.43726569023485845     
 -0.78886652492003950        5.9117373400615840E-002 -0.40307464917119845     
 -0.78835811699402458        0.0000000000000000      -0.40168852392396182     
 -0.85774112799626900       -6.4278811361606153E-002 -0.43826641557879276     
 -0.98223577250257865      -0.14804822176908936      -0.50612714553453875     
  -1.1088113675575904      -0.25307895897463784      -0.57949680525091696     
  -1.1548296651729630      -0.35621777567529850      -0.61577213235225037     
  -1.0714795963995758      -0.42052475312195475      -0.58648782799467769     
 -0.89763358361191192      -0.43227755085674224      -0.50763924422379725     
 -0.71822574237971348      -0.41466782570184652      -0.42256762056322139     
 -0.59044201931111462      -0.40255655258601247      -0.36411415760407723     
 -0.52764122924698831      -0.42077983920167350      -0.34386775223631161     
 -0.52012058001619177      -0.48260137171130213      -0.36152240040330286     
 -0.54746567360140130      -0.59002767166367653      -0.41011301678849871     
 -0.57736625394717123      -0.72399438275464501      -0.47183257719426330     
 -0.57116366431984977      -0.83774323173162457      -0.51662002556384745     
 -0.50898805949952197      -0.88159317949906379      -0.51868473960758232     
 -0.40806746056843229      -0.84736081311528744      -0.47920845499546499     
 -0.30388819864839656      -0.77429450233563157      -0.42381983047458449     
 -0.21937109492268675      -0.71118362248467792      -0.37921354890532522     
 -0.15697403160587162      -0.68774816903438196      -0.35943703179241793     
 -0.10752578149344846      -0.71338694776009925      -0.36759453243235263     
  -5.8671198768548365E-002 -0.78291273821978935      -0.40003253696383007     
   0.0000000000000000      -0.87639680637833961      -0.44654647670540526     
   7.1893456118775234E-002 -0.95935150076066567      -0.49018466037732222     
  0.15005756887476371      -0.99556691949633191      -0.51299642841298532     
  0.22123061065355279      -0.96927463641475475      -0.50657088450522314     
  0.27590829032622438      -0.89447270825225489      -0.47694598043503605     
  0.31455918233986141      -0.80148372535766088      -0.43870219352530032     
  0.34552341082050597      -0.71748675558543462      -0.40576070347145704     
  0.37978902484264787      -0.65781388718450440      -0.38702434719200168     
  0.42781800167098444      -0.62749376002341761      -0.38696324848173086     
  0.49843583663244428      -0.62501877000681239      -0.40732942695640090     
  0.59693964209492711      -0.64334792870585678      -0.44717455224131630     
  0.71965611961514353      -0.66774329613315608      -0.50021440762850344     
  0.84566982224464238      -0.67439917902101543      -0.55112937501937287     
  0.93519905705382123      -0.63760792097505969      -0.57671914551165071     
  0.94892179846480318      -0.54786025578355746      -0.55829748617649988     
  0.88129628672056959      -0.42440992333394906      -0.49840000318157884     
  0.77021309406233296      -0.30228636394031067      -0.42158582034372449     
  0.66828790662973880      -0.20613951891744325      -0.35634092342872220     
  0.61271678648815475      -0.13984860816522429      -0.32022346693253229     
  0.62175519902068210       -9.3714517601176578E-002 -0.32037845994941172     
  0.70396887225385452       -5.2755173871346234E-002 -0.35969583858299481     
  0.86133888406418113        0.0000000000000000      -0.49729423657794652     
   1.0092111461210485        7.9426639746155922E-002 -0.58447005299853316     
   1.0766944057824432       0.17053164086041145      -0.62937849872652174     
   1.0032651137339210       0.24086264353361125      -0.59569446908224577     
  0.83139736272091624       0.27013737854411957      -0.50470974431712823     
  0.65931574630654122       0.27309752400630827      -0.41201921919012752     
  0.55104330923800338       0.28077058983039116      -0.35706248415353253     
  0.52285308033595057       0.32040477971126169      -0.35404075399997559     
  0.57178091712262080       0.41542315299149268      -0.40804812348013475     
  0.68264853123296421       0.58303692548607888      -0.51831170598227916     
  0.80477180842807483       0.80477180842807461      -0.65709343000854548     
  0.84688956292834916       0.99158027729989562      -0.75287302562187430     
  0.75276519861594204        1.0360924097348747      -0.73940131767926864     
  0.57322732213535399       0.93542197273489547      -0.63340451264514763     
  0.40231301763293914       0.78958375490788513      -0.51163081421775081     
  0.28535764681935977       0.68891430107816987      -0.43051593111378395     
  0.21742738279868776       0.66917267657062307      -0.40622930218427877     
  0.17637164904788807       0.73464078922963572      -0.43619722136812256     
  0.13781606095107279       0.87013636357638369      -0.50863561216061193     
   8.0750763613753954E-002   1.0260357350788036      -0.59421377059183689     
   0.0000000000000000        1.1206744407689762      -0.64702169005190124     
  -8.6640156360614590E-002   1.1008675650921591      -0.63755154368519595     
 -0.15758724342629102       0.99496669687621009      -0.58160481061268510     
 -0.21024796026938525       0.87574578057204988      -0.51997912682055003     
 -0.25818777540703608       0.79462026587013690      -0.48238376641465325     
 -0.31622057639428264       0.76342400423251455      -0.47707849220491239     
 -0.39027395701233691       0.76595576805747811      -0.49632046104057531     
 -0.47216194572548903       0.77049826773015140      -0.52172933070908289     
 -0.54251356781132754       0.74670586634582337      -0.53288229535068421     
 -0.58705204503549779       0.68734963221529166      -0.52188109133749860     
 -0.61227982055170027       0.61227982055170027      -0.49992438005150458     
 -0.64137752009584503       0.54778815200431774      -0.48697603731621147     
 -0.69752887052655832       0.50678438894908995      -0.49778741851669894     
 -0.78998871030673401       0.48410570429761507      -0.53492694060204327     
 -0.90309974233876800       0.46015230215346370      -0.58518637651876360     
 -0.99271485324494957       0.41119595578327495      -0.62036679846299037     
  -1.0109088850558843       0.32846420785150404      -0.61368436776691804     
 -0.95156383976937930       0.22845026583734307      -0.56499653837222652     
 -0.85953016006741545       0.13613620334433679      -0.50243578758103558     
 -0.79034009392390125        6.2201114363740380E-002 -0.45771404562664497     
 -0.77708753704005606        0.0000000000000000      -0.44865169869397936     
 -0.82677516261277872       -6.5068616457827050E-002 -0.47881488920079945     
 -0.92034007864061318      -0.14576754826373309      -0.53798204383883441     
  -1.0064669339516858      -0.24163133255828967      -0.59759556837156469     
  -1.0184239517205302      -0.33090600102935053      -0.61824647915301445     
 -0.92970043816239123      -0.38509453043107128      -0.58098786622076370     
 -0.78358258572098838      -0.39925526920549331      -0.50774220448095508     
 -0.64771815231900220      -0.39692219423362490      -0.43859093816401662     
 -0.56170330768620125      -0.40810134115530555      -0.40085629616209423     
 -0.53222295490834193      -0.45456134614750821      -0.40409870541028342     
 -0.54765222865616736      -0.54765222865616714      -0.44715617223520943     
 -0.58246156460876908      -0.68197487019940717      -0.51780021817621014     
 -0.59772430361718865      -0.82269692492492064      -0.58711287200320983     
 -0.55933726476475942      -0.91275545918037582      -0.61805628223166964     
 -0.46735734614487495      -0.91724043736893823      -0.59434919840677847     
 -0.35495536055643129      -0.85693804549236696      -0.53551723339839807     
 -0.25480816644456561      -0.78421889900425101      -0.47606949186096781     
 -0.17786242637483721      -0.74085032368683412      -0.43988416839846622     
 -0.11783561852587525      -0.74398481495041457      -0.43489410123621958     
  -6.2253336228950427E-002 -0.79100363563495990      -0.45809832622096841     
   0.0000000000000000      -0.86275111807393901      -0.49810959026363899     
   7.2860976745361711E-002 -0.92578648780422690      -0.53615586755257805     
  0.14976416245360027      -0.94557370753545922      -0.55273228623441850     
  0.21814156377459282      -0.90862500543747815      -0.53950135691898582     
  0.27013130361101784      -0.83137866599932020      -0.50469839424795615     
  0.30878748906462555      -0.74547894399095216      -0.46586427541960496     
  0.34529791349071298      -0.67768531254588238      -0.43912338125764805     
  0.39337106283829437      -0.64192323256031669      -0.43466701031909283     
  0.46595039013501438      -0.64132569281832397      -0.45767834787321782     
  0.57273005451504821      -0.67058073582855482      -0.50914904124731331     
  0.71383237380669351      -0.71383237380669384      -0.58284169256868756     
  0.86829857462779225      -0.74159704180505692      -0.65926944090021977     
  0.98839719840916207      -0.71811259920560921      -0.70536390772444890     
   1.0213443995697675      -0.62588065301865892      -0.69158537056909808     
  0.95415219546005081      -0.48616482627787871      -0.61826710797492523     
  0.83022499993523757      -0.34389045479437802      -0.51882373224315415     
  0.71305970860707946      -0.23168714391653711      -0.43287145154769080     
  0.64625128131038057      -0.15515120567093099      -0.38371543936292668     
  0.64838316413466668      -0.10269380456732131      -0.37901044182176691     
  0.72411090236204234       -5.6988763946207867E-002 -0.41935836629136469     
  0.86562150534360016        0.0000000000000000      -0.56214117840519295     
  0.97528036823687247        8.0814035363961020E-002 -0.63552511711141968     
  0.99384029676134145       0.16584261353887222      -0.65433166621193761     
  0.88961438665071013       0.22528095849323865      -0.59595850961410124     
  0.72406137430392992       0.24857058376877539      -0.49714779312812041     
  0.58363081961384333       0.25600421316229288      -0.41387347157805870     
  0.51264948145773992       0.27743202557995639      -0.37854281091472558     
  0.51941101179461457       0.33934815067987223      -0.40291801428777063     
  0.59878697627690713       0.46605461086213462      -0.49275991343979264     
  0.72425531598872084       0.66672398647795139      -0.63928451256452257     
  0.82259567829808278       0.89357710986814198      -0.78874120011259441     
  0.80355153927312706        1.0324030387639331      -0.84959568623121740     
  0.65911734325220417        1.0088541972723690      -0.78258935725374701     
  0.47579450398639012       0.87919123698561052      -0.64919898335557547     
  0.32994750274921664       0.75220454023148675      -0.53341512123771107     
  0.23727968651404990       0.69117211420151226      -0.47456569766245299     
  0.17987737530431908       0.71031969134885431      -0.47584781783887720     
  0.13313542498344777       0.79783686141670251      -0.52528552585089794     
   7.5890196616567637E-002  0.91585847147018340      -0.59680383333339859     
   0.0000000000000000        1.0010790892324555      -0.65010836193880428     
  -8.3193516621304586E-002   1.0039964365092127      -0.65423746203921795     
 -0.15585420913157894       0.93398307075356513      -0.61492243863671658     
 -0.21342511009044643       0.84279670008005236      -0.56459503446024872     
 -0.26562629052512471       0.77374295080621913      -0.53125966125667956     
 -0.32436372946545672       0.73947481934961767      -0.52438802123451933     
 -0.39411231924634377       0.72825577968292876      -0.53774752511633273     
 -0.46873670840747211       0.71745494263465026      -0.55654484457023001     
 -0.53675911325619574       0.68962812280989794      -0.56751584046527892     
 -0.59372459035303549       0.64495683298868700      -0.56928945566586908     
 -0.64933008507873846       0.59775045250825054      -0.57314963075743020     
 -0.72059862296545241       0.56086442110365264      -0.59300240176413521     
 -0.81712249545481530       0.53385277057075464      -0.63385905539620613     
 -0.92629548394974937       0.50128604766555185      -0.68398098294157617     
  -1.0081375198219271       0.44221011613499200      -0.71490634341904846     
  -1.0182369515794127       0.34956118700897715      -0.69913169148934984     
 -0.95127719296846192       0.24089610177227896      -0.63726682780587862     
 -0.85100997561739034       0.14200844840358853      -0.56029402019953156     
 -0.77157380131906628        6.3934427982416650E-002 -0.50278314463549967     
 -0.74398028344513945        0.0000000000000000      -0.48314644525850931     
 -0.77209985072868181       -6.3978017679262700E-002 -0.50312593592253918     
 -0.83513877532886538      -0.13936001349465449      -0.54984462610330098     
 -0.88775793627241961      -0.22481084141004801      -0.59471486133545337     
 -0.88027380732328919      -0.30219837976174835      -0.60440481455038186     
 -0.80159075113120315      -0.35161030333746174      -0.56843664831655094     
 -0.69105257953969523      -0.37397895415555193      -0.51027650550816472     
 -0.59876697604753848      -0.39119398972283814      -0.46447609991288336     
 -0.55135032243414095      -0.42913318116646199      -0.45372285624330261     
 -0.55071760214137222      -0.50697126692404160      -0.48610652358833717     
 -0.58089870761859941      -0.63102421028264755      -0.55699143075842839     
 -0.60872017221745289      -0.78208369325342630      -0.64360032575593995     
 -0.59375857389484521      -0.90881515343628860      -0.70498697305627989     
 -0.51848457937536652      -0.95807558700180184      -0.70744756191143188     
 -0.40560952119090549      -0.92469656796528865      -0.65573538250314978     
 -0.29304230327996433      -0.85360306768822614      -0.58609241753374375     
 -0.20146435934278206      -0.79556476351766958      -0.53295405052126332     
 -0.12972039992164922      -0.77737173819871730      -0.51181155199604977     
  -6.6351883744393950E-002 -0.80074815370871222      -0.52179412273259640     
   0.0000000000000000      -0.84806850084935070      -0.55074212400319733     
   7.3577421310711350E-002 -0.88794742431375673      -0.57861606693258638     
  0.14844936553316068      -0.88960827586649660      -0.58570664453892396     
  0.21366858471846345      -0.84375815964289036      -0.56523912252438213     
  0.26399771988995002      -0.76899908661128125      -0.52800247657716237     
  0.30528414410547816      -0.69597774598513573      -0.49354269204379098     
  0.35105553446863702      -0.64869381006753857      -0.47899858903142500     
  0.41705952695468190      -0.63835712804125644      -0.49518701104960655     
  0.51751090042608705      -0.66489801846020735      -0.54716468961948095     
  0.65912781596477665      -0.71600367514947993      -0.63200096755585311     
  0.82817634467368462      -0.76239003268313832      -0.73101335832021697     
  0.97823151596344027      -0.76138815065774523      -0.80501630166937244     
   1.0456440930641480      -0.68315338179807539      -0.81112805093115214     
   1.0013520801172178      -0.54190464626174384      -0.73940312988325230     
  0.88298788416954277      -0.38731439622778313      -0.62615826426782706     
  0.76071494528269523      -0.26115377057964606      -0.52231450215175235     
  0.68641195140163680      -0.17382311330998043      -0.45983186611756194     
  0.68163026687691963      -0.11374397405141018      -0.44877659893596261     
  0.74810431478675654       -6.1989690882843097E-002 -0.48748964682424417     
  0.86423061972947968        0.0000000000000000      -0.62790029923789581     
  0.93741871822391520        8.2013510821595068E-002 -0.68367615953244509     
  0.91627550395384949       0.16156409310930944      -0.67598281893680756     
  0.79483630874562827       0.21297574704332559      -0.59785375376605532     
  0.64313895901807483       0.23408343757953018      -0.49725601202756115     
  0.53268248230126858       0.24839392086209605      -0.42702543534438825     
  0.49299414238892825       0.28463030081715635      -0.41359203660524624     
  0.52701277260285651       0.36901831610931968      -0.46743116222134440     
  0.62307542679319528       0.52282236081779643      -0.59094586454697073     
  0.73628698143037441       0.73628698143037430      -0.75652478389219746     
  0.78008272051848304       0.92966638469856711      -0.88172712615786841     
  0.69630462148816608       0.99442605726364686      -0.88200087712146702     
  0.52973237525330030       0.91752338835285807      -0.76974619816563428     
  0.36879364917458402       0.79088053289486970      -0.63401015630513280     
  0.25525802217031879       0.70131565204759805      -0.54223650957505831     
  0.18251482513164835       0.68115460052586063      -0.51234553623006407     
  0.12800573145423047       0.72595657760324372      -0.53557491348003450     
   7.0657585711300736E-002  0.80761990026700825      -0.58901157086201461     
   0.0000000000000000       0.87815332869488094      -0.63801573940630130     
  -7.8247772849158279E-002  0.89437613624046985      -0.65228443822933668     
 -0.15039164401268534       0.85291339651156117      -0.62923738503860716     
 -0.21085872700950828       0.78693548241878120      -0.59191097205693388     
 -0.26581222385853215       0.73031308286633434      -0.56465646502292077     
 -0.32442736221995822       0.69573672348336191      -0.55773802800320338     
 -0.39080540581406653       0.67689481874253710      -0.56787349499662587     
 -0.46231477216514388       0.66025392035508557      -0.58560868615863171     
 -0.53471417723903558       0.63724754173567777      -0.60438717896414818     
 -0.60959230402254516       0.60959230402254527      -0.62634773898499618     
 -0.69529059988954478       0.58341808592834699      -0.65943718367741644     
 -0.79757934803572950       0.55847107181500388      -0.70740874035139589     
 -0.90513165775013993       0.52257800625409534      -0.75935029148770350     
 -0.98253255545362739       0.45816245499462732      -0.78764818850439655     
 -0.98966106727036018       0.36020717049853307      -0.76517665221392517     
 -0.92158916378316746       0.24693907218897368      -0.69319372421147862     
 -0.81943045628201483       0.14448769825676777      -0.60453532520508202     
 -0.73477121953941094        6.4284151994816380E-002 -0.53588173112378956     
 -0.69670878760407440        0.0000000000000000      -0.50618856382941413     
 -0.70745389257192537       -6.1894195567330203E-002 -0.51595871825158279     
 -0.74689008085575903      -0.13169687287839701      -0.55101861843318012     
 -0.77721856410737800      -0.20825508659504871      -0.58460217649287805     
 -0.76291910408787922      -0.27767984504102655      -0.58986647578865914     
 -0.70149114994483164      -0.32711069534723125      -0.56235106963027270     
 -0.62526294695875140      -0.36099573074093350      -0.52455750162332093     
 -0.57019486174514333      -0.39925474044239234      -0.50573128541425127     
 -0.55333544247205857      -0.46430356569562137      -0.52480209838970715     
 -0.57078360296723918      -0.57078360296723907      -0.58647233045615643     
 -0.59913319192456038      -0.71401913391853089      -0.67719996047382824     
 -0.60035444710020203      -0.85739500696491711      -0.76046191937439356     
 -0.54536142924026709      -0.94459370393252073      -0.79245654295367995     
 -0.44169016708376835      -0.94720762003216308      -0.75932991931391147     
 -0.32467129650294668      -0.89202705588690068      -0.68968892369423507     
 -0.22248134822976257      -0.83031169532989846      -0.62453735239176367     
 -0.14057507313119286      -0.79724085654036403      -0.58816493429130723     
  -7.0039309730882987E-002 -0.80055297347329346      -0.58385753534288409     
   0.0000000000000000      -0.82574306476267945      -0.59993745375557139     
   7.3899470691980843E-002 -0.84467481515572274      -0.61603637995790761     
  0.14657390314956195      -0.83126191216251955      -0.61326398908807156     
  0.20913030482570041      -0.78048492301188221      -0.58705904076885307     
  0.25911234831977747      -0.71190532611045088      -0.55042413220206488     
  0.30474137126278622      -0.65351997963861896      -0.52389493381838637     
  0.36107914686679715      -0.62540742792691717      -0.52467871234924346     
  0.44455304274733853      -0.63488754189075369      -0.56311011234159025     
  0.56731869173489902      -0.67610408902091323      -0.64124004611534291     
  0.72615153050905168      -0.72615153050905201      -0.74611074695919688     
  0.88691185835877340      -0.74420741323560335      -0.84117728348279952     
  0.98775450958453892      -0.69163315351172983      -0.87608358356127780     
  0.98415699109842925      -0.56820330373553096      -0.82564772943402021     
  0.89540443357037769      -0.41753394451980652      -0.71780184398561619     
  0.78684405723759410      -0.28638781584373690      -0.60836454160220788     
  0.71587030492430914      -0.19181687008989015      -0.53845772305504647     
  0.70897744826121289      -0.12501185284229163      -0.52304855032158348     
  0.76717775866799032       -6.7119356792676443E-002 -0.55951639702542866     
  0.85295791900624429        0.0000000000000000      -0.69071170379849645     
  0.89712063259183894        8.3130468934916130E-002 -0.72958625044463887     
  0.84876878293301561       0.15866238318408893      -0.69922504340610980     
  0.72163942087431854       0.20532411780881196      -0.60756550305772594     
  0.58695096690967086       0.22738601598039132      -0.50972404998638554     
  0.50215323340891660       0.25004259979063642      -0.45425865264899024     
  0.48613569995338740       0.30100248186452194      -0.46301692972878983     
  0.53568284932414134       0.40452891000521335      -0.54358152106253121     
  0.62662392167604608       0.57124318313445155      -0.68663589134985792     
  0.69702047377920417       0.76459503704085263      -0.83782054374176729     
  0.67239795009990122       0.89039878456297461      -0.90352776139021040     
  0.54716427735934769       0.88370065029330191      -0.84167519879196750     
  0.39224451983277947       0.78773318660852487      -0.71260044183423576     
  0.26779168683195487       0.69125002625465826      -0.60030016611241799     
  0.18369265123573425       0.64561270186514030      -0.54355678839427846     
  0.12306415291765718       0.65833507097526844      -0.54234366041095916     
   6.5862772139759218E-002  0.71077250691960769      -0.57803803569251466     
   0.0000000000000000       0.76691183352375647      -0.62103295765584510     
  -7.3205414310377387E-002  0.79001223542586463      -0.64248000069348432     
 -0.14375015430622470       0.76899540438242353      -0.63350685819324515     
 -0.20562426364539277       0.72269432406834888      -0.60845365130908080     
 -0.26204383827361227       0.67641311882909161      -0.58741539554623068     
 -0.31997465407875852       0.64259573084380162      -0.58130596692462766     
 -0.38388102673951113       0.61998914585970788      -0.59050481338577232     
 -0.45473673823026567       0.60216875877774878      -0.61104776874176026     
 -0.53342063723821553       0.58513456523904617      -0.64117308622353331     
 -0.62325387382122277       0.56817097858350596      -0.68294309295413291     
 -0.72589007135796890       0.54816673656908921      -0.73659335857175012     
 -0.83050945514910390       0.51422968367844968      -0.79101357516170767     
 -0.90664736242114274       0.45145674369978178      -0.82017277173600689     
 -0.91874972631450447       0.35592554016846945      -0.79786704140992259     
 -0.86058818907975998       0.24485845092193087      -0.72454979716919354     
 -0.76756994663346012       0.14348369007223483      -0.63233255044720815     
 -0.68682087860362939        6.3643326926566685E-002 -0.55855929664644832     
 -0.64584382120466921        0.0000000000000000      -0.52299401434919190     
 -0.64685125168593605       -5.9939595557439787E-002 -0.52605386852993952     
 -0.67197000194627954      -0.12561296324846993      -0.55357626626516965     
 -0.69040405378698000      -0.19643688963622694      -0.58126769979384807     
 -0.67673042981553544      -0.26216676520465432      -0.58769095696487339     
 -0.63256784835975877      -0.31498136191237464      -0.57223452800308583     
 -0.58350865204079327      -0.36129326126540673      -0.55575919350094694     
 -0.55480829266859677      -0.41897177439644828      -0.56298897007324900     
 -0.55496126050773897      -0.50591403552040137      -0.60811007462682165     
 -0.57227304675782920      -0.62775362825553027      -0.68787379028306994     
 -0.57736248138792345      -0.76455148562497888      -0.77582483742197828     
 -0.53888766106571839      -0.87033345600896950      -0.82894369757283637     
 -0.45112724893684963      -0.90598564773438128      -0.81957417034892466     
 -0.33987216762053885      -0.87731119501985511      -0.76188070321849610     
 -0.23495638712347131      -0.82578604473724926      -0.69524903875257749     
 -0.14756033749838082      -0.78937808416989552      -0.65029833361706813     
  -7.2414744681447485E-002 -0.78147955123961155      -0.63554076773471124     
   0.0000000000000000      -0.79194903639051839      -0.64130768477321320     
   7.3828045217601473E-002 -0.79673149300394552      -0.64794445860925065     
  0.14474056765925666      -0.77429364785629162      -0.63787160934513087     
  0.20568081525384679      -0.72289308235553817      -0.60862099066894670     
  0.25639979879106634      -0.66184417351698299      -0.57476333050642459     
  0.30659214495336296      -0.61572002952703131      -0.55699362746944980     
  0.37151102135804698      -0.60001090120439704      -0.57147665827895833     
  0.46558462883134571      -0.61653368747040593      -0.62562450906219635     
  0.59380919841590718      -0.65137766125623275      -0.71376030433974524     
  0.73833286435333434      -0.67307934002561509      -0.80904323453236771     
  0.85267156812089850      -0.64390767873112575      -0.86524425516089343     
  0.88916656874704536      -0.55054863078248428      -0.84688117889349679     
  0.84579478588949253      -0.42115576099647600      -0.76512421765654548     
  0.77036552579063333      -0.29844119463752328      -0.66900619968877872     
  0.71743877774220821      -0.20412893179155556      -0.60402888104969532     
  0.71730046139590431      -0.13408669469539422      -0.59091999651730398     
  0.77221426677884830       -7.1556189639843587E-002 -0.62800574523779062     
  0.82925358933536886        0.0000000000000000      -0.74666328558606565     
  0.85531822814144387        8.4241492606613982E-002 -0.77385833116175939     
  0.79269431178781413       0.15767670216610283      -0.72772825865840685     
  0.66834868399517811       0.20274135678326893      -0.62886246466968942     
  0.55074901838737778       0.22812771287972100      -0.53675465912868014     
  0.48581754474248423       0.25967488770512981      -0.49599901914168559     
  0.48389195452839878       0.32332626707689283      -0.52400985726225158     
  0.53276743230385493       0.43723093213601777      -0.62056851706177785     
  0.59396609003006695       0.59396609003006684      -0.75633480524881902     
  0.60392291800482278       0.73588220477225508      -0.85715698981993782     
  0.52586111650980594       0.78700677733028357      -0.85225494078567798     
  0.39541578458723253       0.73977090090717079      -0.75527457830699163     
  0.27298646260760573       0.65904762037153741      -0.64230142771362875     
  0.18359238885660434       0.60522299658383538      -0.56946625978428889     
  0.11917349408627569       0.59912561323455982      -0.55002367590287893     
   6.2252204220724361E-002  0.63205723645723677      -0.57186055682029113     
   0.0000000000000000       0.67747596085307060      -0.61000209506666947     
  -6.9343766371178103E-002  0.70405907528511236      -0.63700499195876847     
 -0.13850782308475201       0.69632584896235428      -0.63925776934280865     
 -0.20114121969428891       0.66307373893907484      -0.62389916478085128     
 -0.25809638215975450       0.62309978620950868      -0.60726701670632210     
 -0.31471805452840745       0.58879606683700803      -0.60113570369394587     
 -0.37613066419220942       0.56291931954525898      -0.60958912320118608     
 -0.44599616339954201       0.54344789750105338      -0.63300914320946466     
 -0.52730763197510466       0.52730763197510466      -0.67145435039215484     
 -0.62054069822688418       0.50926458988081191      -0.72280698392147447     
 -0.71673855657248042       0.47890939247484426      -0.77616101117022318     
 -0.79144715251732456       0.42303731653705484      -0.80803382998272422     
 -0.81420374592345823       0.33725423409647415      -0.79351508493665646     
 -0.77600572322841688       0.23539876260165751      -0.73015909717977068     
 -0.70331592961886980       0.13989823657631456      -0.64567497096568272     
 -0.63638089191861169        6.2678047114748087E-002 -0.57577243042449155     
 -0.60095530184639168        0.0000000000000000      -0.54110258422471980     
 -0.60035686308763136       -5.9129989960605728E-002 -0.54317930436257922     
 -0.61951013343786165      -0.12322822725781295      -0.56873756241693640     
 -0.63306525639761979      -0.19203824603524969      -0.59566359142831538     
 -0.62216363745537817      -0.25770861664939487      -0.60635465519746568     
 -0.59024338572322288      -0.31549166259036115      -0.60261335462631049     
 -0.55739974122600622      -0.37244259986896228      -0.60361193465702390     
 -0.54021710805242051      -0.44334472302141598      -0.62924591352328252     
 -0.53876972453297944      -0.53876972453297933      -0.68604976196197232     
 -0.53519622956093194      -0.65213849260138679      -0.75961215482430999     
 -0.50362989782736733      -0.75373540733906952      -0.81622515009199459     
 -0.43182846516786544      -0.80789423479405365      -0.82482560040205810     
 -0.33399427138570387      -0.80633349973428503      -0.78584481922670102     
 -0.23518498653915332      -0.77530099799469399      -0.72949600730167785     
 -0.14881432717487894      -0.74814014400040396      -0.68682557214009443     
  -7.2958618066660097E-002 -0.74076128047527923      -0.67021170534793073     
   0.0000000000000000      -0.74706190624136204      -0.67265756172057556     
   7.3564005203993324E-002 -0.74690787923109303      -0.67577290642958066     
  0.14367360809665691      -0.72229600396053517      -0.66309951437979586     
  0.20427559732223896      -0.67340639723840645      -0.63362136685936143     
  0.25622003355850381      -0.61856987996862900      -0.60285221395764432     
  0.30939411549283252      -0.57883567746905862      -0.59096657042521861     
  0.37733909314345609      -0.56472786127746666      -0.61154760522610563     
  0.46927605608378997      -0.57181452881211881      -0.66605064923888424     
  0.58022397809579906      -0.58022397809579940      -0.73883609997258748     
  0.68334159658684623      -0.56080395520981974      -0.79595758961233076     
  0.74136291435405066      -0.49536286231697141      -0.80282689409210595     
  0.74030786231876733      -0.39570279644130690      -0.75582279303565070     
  0.70642039001503287      -0.29260890628111852      -0.68847047018678498     
  0.68256577532889218      -0.20705406428989390      -0.64223960643812905     
  0.69825521216090558      -0.13889159728611145      -0.64102900965565346     
  0.75707993146115116       -7.4565864903154436E-002 -0.68497617967250890     
  0.79330017511816053        0.0000000000000000      -0.79330017511816042     
  0.81262907083811642        8.5410757045097443E-002 -0.81710525894173325     
  0.74689420317252875       0.15875726375762361      -0.76358026397264489     
  0.63068738860837537       0.20492275472455826      -0.66314396442518664     
  0.52820466822875456       0.23517187000931986      -0.57819199231944485     
  0.47619142249260132       0.27492924596189411      -0.54985849192378822     
  0.47679750252124298       0.34641366282842628      -0.58935412461838355     
  0.50749870912152928       0.45695389016895788      -0.68290687322691546     
  0.52310692859105168       0.58096910148708281      -0.78177103785102697     
  0.47978821467440269       0.66037182433299002      -0.81626446530112529     
  0.38107392111869226       0.66003939281706936      -0.76214784223738419     
  0.27145458147701806       0.60969697244216048      -0.66739642493049023     
  0.18305978279070168       0.56340007981382023      -0.59239390105705658     
  0.11719335162516616       0.55135137068645212      -0.56366888828723660     
   6.0383268827669055E-002  0.57450842656373990      -0.57767297958884889     
   0.0000000000000000       0.61410384689601594      -0.61410384689601583     
  -6.7572845522044137E-002  0.64291267950561137      -0.64645402227925752     
 -0.13662737686079104       0.64278127095833815      -0.65714138691964685     
 -0.20012260238276028       0.61591403877009065      -0.64761034514477367     
 -0.25690737400946517       0.57702340951242326      -0.63163075759954956     
 -0.31122149194588816       0.53905143645766662      -0.62244298389177644     
 -0.36883186035710941       0.50765350428927403      -0.62749424031752365     
 -0.43467139222498474       0.48275148804329715      -0.64960620257724144     
 -0.51085832463948178       0.45997890156860849      -0.68742768182676617     
 -0.59226844312729943       0.43030821192750757      -0.73208405663331022     
 -0.66180537159512276       0.38209350944158477      -0.76418701888316887     
 -0.69535113878969124       0.30959027335112793      -0.76115658281968923     
 -0.68150734213963071       0.22143515858850424      -0.71657922580084565     
 -0.63627960004449802       0.13524540404623564      -0.65049446480997497     
 -0.59086682086842601        6.2102605351237516E-002 -0.59412148050257541     
 -0.56828860592447261        0.0000000000000000      -0.56828860592447250     
 -0.57295994772624759       -6.0220517143628978E-002 -0.57611597129702141     
 -0.59210935071476578      -0.12585672772059969      -0.60533742583487971     
 -0.60388231608934251      -0.19621325870417297      -0.63495944325345621     
 -0.59340368146082734      -0.26420034095404921      -0.64956119752606734     
 -0.56500040552337416      -0.32620313622116753      -0.65240627244233529     
 -0.53453788667020496      -0.38836450749601370      -0.66072516447345198     
 -0.51161280840864609      -0.46065824180572046      -0.68844293988050997     
 -0.49058820673962722      -0.54485340203264099      -0.73317257061250307     
 -0.45515598077852698      -0.62646846293788927      -0.77435760595103875     
 -0.39341112723639182      -0.68140806063637405      -0.78682225447278287     
 -0.31074872362097072      -0.69795306069649654      -0.76400474093271808     
 -0.22395754021228609      -0.68927043453761738      -0.72474182420060007     
 -0.14443237721613100      -0.67950091063455831      -0.69468136518946333     
  -7.1773904582186146E-002 -0.68288308649751039      -0.68664459744713557     
   0.0000000000000000      -0.69533954377961871      -0.69533954377961860     
   7.3489222780798821E-002 -0.69920324899408015      -0.70305465596125838     
  0.14415358690726798      -0.67818930535325461      -0.69334045786594711     
  0.20566471394167626      -0.63297090427615532      -0.66554499488831342     
  0.25853270574339293      -0.58067396435661900      -0.63562678736868206     
  0.31140425408601563      -0.53936798977006817      -0.62280850817203193     
  0.37439854675448847      -0.51531539080355959      -0.63696485288506943     
  0.45035548326549613      -0.50017043583660969      -0.67304570884322745     
  0.52817325272469728      -0.47556933284326325      -0.71072721576901310     
  0.58594770901111393      -0.42571592978388445      -0.72427119959800279     
  0.60974041159116765      -0.35203379076795432      -0.70406758153590787     
  0.61057282589528483      -0.27184453655847601      -0.66835516589493515     
  0.61682895786370529      -0.20041987761673544      -0.64857234800994390     
  0.65266241652494883      -0.13872767918779133      -0.66724328315616366     
  0.72132516991698536       -7.5814330362009491E-002 -0.72529843060908905     
  0.74791808135981808        0.0000000000000000      -0.83064718122525194     
  0.76939188517462376        8.6689645637913523E-002 -0.85990314698333337     
  0.70846760243986218       0.16170310707373359      -0.80706786193028768     
  0.60290710491470967       0.21096632037381213      -0.70940565904364006     
  0.51214073178624420       0.24663397768576928      -0.63130916765171408     
  0.46527601144939024       0.29235229458400447      -0.61028297246785712     
  0.45670483456342081       0.36420995213826884      -0.64876142266357517     
  0.45730709510421730       0.45730709510421724      -0.71826631628489002     
  0.42924043667699291       0.53825048291396838      -0.76459919540468746     
  0.35774061352899672       0.56934092490388233      -0.74678054197456667     
  0.26591198638083063       0.55217192932484649      -0.68065510018485298     
  0.18325655522788031       0.52371714581413786      -0.61622744855742062     
  0.11779659311830810       0.51610059579163026      -0.58792837238009810     
   6.0599231264794780E-002  0.53783305306951545      -0.60110373373792925     
   0.0000000000000000       0.57639955493394834      -0.64015655925161941     
  -6.8422524412995137E-002  0.60726670018244322      -0.67870555513663777     
 -0.13927308100285465       0.61019523723507230      -0.69511854004242546     
 -0.20411265795326330       0.58332046302460105      -0.68635919884232943     
 -0.25993584609359194       0.53976234614947760      -0.66535796965195748     
 -0.31039560524596638       0.49399177586671961      -0.64794823273069069     
 -0.36186846658944810       0.45376870455398932      -0.64459057151884180     
 -0.41936574711628727       0.41936574711628738      -0.65867399299508189     
 -0.48263885494232373       0.38489164325717790      -0.68560139168314271     
 -0.54247251926157125       0.34085807531931334      -0.71153838450811557     
 -0.58233457575897074       0.28043755133957032      -0.71783619911460506     
 -0.59072161477128060       0.20670243295806473      -0.69506770283860919     
 -0.57443326377139836       0.13111064392845745      -0.65437943021956668     
 -0.55471239724653865        6.2501076596805843E-002 -0.61996876397351952     
 -0.55025153284382722        0.0000000000000000      -0.61111623868030074     
 -0.56524090517351511       -6.3687354537699761E-002 -0.63173584557900220     
 -0.58759740603030286      -0.13411527349499588      -0.66937567861603720     
 -0.59680390175240228      -0.20883071722176766      -0.70222437551531536     
 -0.58041828725647859      -0.27951471543445722      -0.71547401539360034     
 -0.54402430674748170      -0.34183312802147037      -0.71357379887772743     
 -0.50137290369572873      -0.39983154860404385      -0.71221360859371285     
 -0.45865031885595586      -0.45865031885595575      -0.72037604164545488     
 -0.41090294811269928      -0.51525599956200063      -0.73193491728926752     
 -0.35094834090043964      -0.55853108494080361      -0.73260172960893688     
 -0.27976297760686980      -0.58093380896945224      -0.71610949225244880     
 -0.20604883631912063      -0.58885374289168591      -0.69286988683851347     
 -0.13639295156236358      -0.59757656566872541      -0.68074367766850818     
  -6.9532739076174813E-002 -0.61712012784807224      -0.68971814003844500     
   0.0000000000000000      -0.64295928101163147      -0.71407862401709732     
   7.4083364908570162E-002 -0.65750804917532168      -0.73485729645355935     
  0.14692041683393711      -0.64370040469502121      -0.73328675517659958     
  0.21036738514124032      -0.60119544635963140      -0.70739165015997496     
  0.26304477756811462      -0.54621810887680122      -0.67331590375286121     
  0.31130279870731792      -0.49543556598956184      -0.64984199150205546     
  0.36171495205284593      -0.45357620341383559      -0.64431711850477447     
  0.41361585471686002      -0.41361585471686024      -0.64964296313137548     
  0.45836731233563732      -0.36553573392122019      -0.65112301676774265     
  0.48835544283319515      -0.30685406247384434      -0.64055529178193493     
  0.50859014778922440      -0.24492410655086055      -0.62693240929465466     
  0.53664602353167301      -0.18778056520619577      -0.63144010560381614     
  0.59007935786662047      -0.13468176280538627      -0.67220305358004762     
  0.67032573613436619       -7.5527571380965303E-002 -0.74918285611374213     
  0.69733889457988363        0.0000000000000000      -0.86114181805799361     
  0.72551788471763234        8.8093820425634295E-002 -0.90252036244478362     
  0.67340220663547457       0.16597873685252990      -0.85646992976683733     
  0.57853631722665944       0.21940988407961506      -0.76408603453088020     
  0.49524751663642852       0.25992594799757995      -0.69069466168486693     
  0.44615342132734848       0.30795747133432638      -0.66945855709730240     
  0.42035183477639626       0.37239922974305967      -0.69349877310112407     
  0.39028450761703576       0.44054014014694887      -0.72680555053654694     
  0.33504542979944690       0.48539710420869792      -0.72834417370598059     
  0.25990173787652227       0.49520138810473052      -0.69063032874118757     
  0.18524885573827443       0.48846108833631702      -0.64512163695907021     
  0.12134294021257627       0.49230766089867256      -0.62614393537591628     
   6.3035303630022882E-002  0.51914243168502616      -0.64579609334811661     
   0.0000000000000000       0.56075996320041344      -0.69248088405489017     
  -7.2090474229875218E-002  0.59371847104420250      -0.73856623105235186     
 -0.14680229196762606       0.59560031136987046      -0.75751720416353430     
 -0.21334315431516457       0.56253966552494794      -0.74295889384743075     
 -0.26700934391085163       0.50874379995260244      -0.70951719087669163     
 -0.31164488235670540       0.45149555846188993      -0.67747449790812497     
 -0.35456327873006555       0.40021920792196686      -0.66028385438838288     
 -0.40060634310639659       0.35490625057546016      -0.66092255214872286     
 -0.44808685631627992       0.30929202514859339      -0.67235969947581575     
 -0.48845063437958863       0.25635866900134030      -0.68121542123802148     
 -0.51286730564807281       0.19450491305350825      -0.67735548166052961     
 -0.52231754353184112       0.12873971195384026      -0.66431215314811354     
 -0.52899238601027665        6.4231304618843618E-002 -0.65804911223978646     
 -0.54571780368389811        0.0000000000000000      -0.67390536403979862     
 -0.57400636473995792       -6.9696991188925791E-002 -0.71404501978933677     
 -0.59974253112171161      -0.14782325744026853      -0.76278550685838808     
 -0.60166770267990632      -0.22818246144386251      -0.79463617988545809     
 -0.56987029429507874      -0.29909100299244745      -0.79476697388742201     
 -0.51372042079014291      -0.35459560365729470      -0.77084364977054276     
 -0.44887998659822942      -0.39767296684972647      -0.74056467516339997     
 -0.38326967021214609      -0.43262202555837131      -0.71374220146047229     
 -0.31727063703110214      -0.45964587118090006      -0.68970413984727530     
 -0.25111543409554599      -0.47846048493032928      -0.66728270544996249     
 -0.18750463763424829      -0.49440909635809649      -0.65297730604568138     
 -0.12751514021691893      -0.51734926069354714      -0.65799321802784461     
  -6.7173733893984858E-002 -0.55322547129727229      -0.68819427251366005     
   0.0000000000000000      -0.59556099060120204      -0.73545657383662233     
   7.5812240956241866E-002 -0.62436997769563296      -0.77669569619061551     
  0.15255059740149096      -0.61892210328722153      -0.78717914065359840     
  0.21859228008234799      -0.57638047266426473      -0.76123876172587879     
  0.26931984717086699      -0.51314609610855921      -0.71565683287777870     
  0.30885824029683506      -0.44745841046337265      -0.67141670893984839     
  0.34257672983870269      -0.38668919116388273      -0.63796195819216350     
  0.37181788884974354      -0.32940190563457566      -0.61342720169524656     
  0.39651665885260157      -0.27369568799650451      -0.59497799996862699     
  0.42179721369535267      -0.22137625520490728      -0.58825753593188623     
  0.45992422432988217      -0.17442625076567334      -0.60743235349083602     
  0.52366559144450298      -0.12907197592261821      -0.66602667455850284     
  0.61264167578493456       -7.4388167278416267E-002 -0.76210607474327519     
  0.64552808997420852        0.0000000000000000      -0.88849319219678935     
  0.68030012661765471        8.9563210778235883E-002 -0.94443254612598293     
  0.63717478311052034       0.17073046857193966      -0.90793291553528310     
  0.55120297234110383       0.22831574676404720      -0.82117395065357079     
  0.47130330567066103       0.27210709039891656      -0.74904655931416797     
  0.41514699254278237       0.31855349135637701      -0.72023496449149471     
  0.37108628556309986       0.37108628556309980      -0.72231870485924077     
  0.32013599505318158       0.41720935151307298      -0.72381293341917019     
  0.25650878208158367       0.44428624315291604      -0.70610810019834336     
  0.18966603914857733       0.45789432403408165      -0.68216412087165657     
  0.12775569032387782       0.47679072724474725      -0.67939599394413619     
   6.7573418072260666E-002  0.51327106823326951      -0.71255300838241808     
   0.0000000000000000       0.56089552011171862      -0.77200645315504479     
  -7.8389712582855708E-002  0.59542898174656977      -0.82660944378180956     
 -0.15862828660466760       0.59200882512621733      -0.84357434234215756     
 -0.22658940902539687       0.54703522435921814      -0.81496490199572791     
 -0.27642515242163951       0.47878240848425091      -0.76093316431326619     
 -0.31348101703610604       0.40853641530552004      -0.70876633061657313     
 -0.34687129617787021       0.34687129617787027      -0.67518427696094763     
 -0.38207999263056713       0.29318028991223660      -0.66286730933460425     
 -0.41835882095924587       0.24153957789867528      -0.66490141619595000     
 -0.45159511185273671       0.18705682003079843      -0.67277964870346396     
 -0.48088411360808425       0.12885250989424257      -0.68522880515040174     
 -0.51174816554324221        6.7372924129536160E-002 -0.71043882552580806     
 -0.55024783489344775        0.0000000000000000      -0.75735117172574862     
 -0.59212736920187004       -7.7955047045280085E-002 -0.82202595155549574     
 -0.61785422331279261      -0.16555354017682103      -0.88040236559529572     
 -0.60440021813607780      -0.25035076745322010      -0.90042641242424937     
 -0.54733260385092997      -0.31600262616959296      -0.86988060296247749     
 -0.46475990876529316      -0.35662282092624853      -0.80630798825345085     
 -0.37841941439456023      -0.37841941439455984      -0.73659262530895142     
 -0.29979843443811505      -0.39070492649782196      -0.67783063328782711     
 -0.23168612091502988      -0.40129213283337761      -0.63777717610309004     
 -0.17314902361932930      -0.41801872113344340      -0.62275804359755516     
 -0.12031471388567370      -0.44902062511944552      -0.63982539188067633     
  -6.5564796686487542E-002 -0.49801407408137255      -0.69137235403689334     
   0.0000000000000000      -0.55647504547512072      -0.76592219178533005     
   7.9013053058596877E-002 -0.60016372272880936      -0.83318248898075109     
  0.16129047448216793      -0.60194424554434334      -0.85773167478281265     
  0.23008177488951681      -0.55546654139314589      -0.82752575210971935     
  0.27684390579776796      -0.47950771060754710      -0.76208589346534583     
  0.30521238073365242      -0.39776051867736706      -0.69007131977763025     
  0.32336557005704819      -0.32336557005704830      -0.62943042857335729     
  0.33891566812879859      -0.26005913880414810      -0.58798189216124774     
  0.36030645951336004      -0.20802303139079967      -0.57263827889580743     
  0.39863903056014494      -0.16512169294927503      -0.59388647020431318     
  0.46441088057213065      -0.12443852040552940      -0.66175551195820859     
  0.55639794944455701       -7.3251179696882107E-002 -0.77242427495318056     
  0.59486307188274112        0.0000000000000000      -0.91600880265934848     
  0.63236782619348830        9.0920767227409549E-002 -0.98377446537077284     
  0.59548673398170249       0.17485068129036940      -0.95568095159727107     
  0.51576625487991645       0.23554255629868268      -0.87311175229485083     
  0.43669479596940525       0.28064670430202293      -0.79934406210498365     
  0.37303498786106282       0.32323665699275256      -0.76007122938184701     
  0.31650103752088932       0.36526166861163256      -0.74423283215222158     
  0.25757138687450543       0.40078890118613836      -0.73362043989909531     
  0.19645577571633802       0.43017814395398551      -0.72822444181436163     
  0.13636168379147812       0.46440524636208796      -0.74531172978863147     
   7.3713567319174889E-002  0.51268912205726980      -0.79759033597477347     
   0.0000000000000000       0.56754552551888904      -0.87394347011627216     
  -8.6551567901671858E-002  0.60197937739265361      -0.93649916334846339     
 -0.17290904456822967       0.58887412657455240      -0.94506855239712617     
 -0.24105455154589317       0.52783584090395830      -0.89354367722832317     
 -0.28536237452556140       0.44403252206616683      -0.81277533685095094     
 -0.31447381857644885       0.36292213323415839      -0.73946595079148059     
 -0.34035399982203246       0.29491841965655202      -0.69348262626269186     
 -0.37022648212730230       0.23793011277752588      -0.67767773477934778     
 -0.40601625467322999       0.18542141060937695      -0.68732213521893237     
 -0.44818143484352491       0.13159794291318930      -0.71927456263475908     
 -0.49850240438613180        7.1673825255030355E-002 -0.77552006292451303     
 -0.55620091363026847        0.0000000000000000      -0.85647429974091116     
 -0.60830834302261183       -8.7461535782700023E-002 -0.94634513355925198     
 -0.62709904572824660      -0.18413289352218129       -1.0064147168486313     
 -0.58946698880504322      -0.26920055370654966      -0.99787558927322428     
 -0.50247551006066715      -0.32292140229874389      -0.91975177865024715     
 -0.39739489214532892      -0.34434463421134587      -0.80970534682249373     
 -0.30140857329569565      -0.34784403639931544      -0.70874382559965809     
 -0.22479266205861373      -0.34978420978520725      -0.64025936120722160     
 -0.16573952129610059      -0.36291892865458397      -0.61436509027204378     
 -0.11642470646798271      -0.39650613710943539      -0.63634224039413567     
  -6.5294162782723583E-002 -0.45413087725888795      -0.70649128952842200     
   0.0000000000000000      -0.52600337526846364      -0.80997416842412095     
   8.3771979835815497E-002 -0.58264691775202482      -0.90642366083318793     
  0.17281763392288896      -0.58856281050621773      -0.94456892945096183     
  0.24389112768485763      -0.53404707625295544      -0.90405832902682293     
  0.28503831862958612      -0.44352828124948823      -0.81185235378267695     
  0.30258912391339943      -0.34920646444024878      -0.71151981817331500     
  0.31105443892785528      -0.26953020562040142      -0.63378379372991078     
  0.32490825526148570      -0.20880585681640387      -0.59472539395764723     
  0.35721340045279432      -0.16313389387288610      -0.60470652172689521     
  0.41820933699802809      -0.12279734093681056      -0.67117313340756990     
  0.50673583418839208       -7.2857613745726774E-002 -0.78832880756075274     
  0.54560689153518038        0.0000000000000000      -0.94501885709865330     
  0.57994339954956575        9.1854010757566912E-002  -1.0170125456060379     
  0.54517438181252798       0.17713789453248907      -0.99286394878262363     
  0.46951527540085214       0.23922998174311969      -0.91270298235442004     
  0.39129327852985285       0.28429120777458511      -0.83773251215511424     
  0.32389633923314615       0.32389633923314609      -0.79338076067661145     
  0.26328853954272874       0.36238558569387153      -0.77584309194559375     
  0.20472199195761778       0.40178953212396157      -0.78104914464229436     
  0.14575443961784809       0.44858603928205559      -0.81695861212256238     
   8.0430328622905292E-002  0.50781710916867961      -0.89052892282085272     
   0.0000000000000000       0.56865549532409809      -0.98494020990458331     
  -9.5024351258537434E-002  0.59996014168960432       -1.0521147260850150     
 -0.18639619842254401       0.57366851127711582       -1.0447570582924215     
 -0.25270722646584892       0.49596585747894445      -0.96412095832351763     
 -0.29079676585143471       0.40024741104940398      -0.85690270582150274     
 -0.31422212909904973       0.31422212909904979      -0.76968388218361339     
 -0.33824549054580544       0.24574973378756296      -0.72416077675726886     
 -0.37217642901980547       0.18963336228754782      -0.72348346161556665     
 -0.42021118634534205       0.13653489102099778      -0.76528272735481595     
 -0.48301366254386774        7.6501848611114989E-002 -0.84703258091697786     
 -0.55360503942285433        0.0000000000000000      -0.95887205560655420     
 -0.60862587918353361       -9.6396869241512723E-002  -1.0673113189854595     
 -0.61200897226477480      -0.19885376936008370       -1.1145821688704227     
 -0.54591763878958954      -0.27815893029120281       -1.0612235280689168     
 -0.43481314294278667      -0.31591024008360846      -0.93090560595390159     
 -0.32148579297353397      -0.32148579297353386      -0.78747615233918689     
 -0.23123864148981038      -0.31827268546089027      -0.68140034846308872     
 -0.16630351846693042      -0.32638903244566736      -0.63447614790935847     
 -0.11655379386972477      -0.35871569258816971      -0.65328799539200855     
  -6.6591440608804980E-002 -0.42044180900823513      -0.73730401068583573     
   0.0000000000000000      -0.50145529495276431      -0.86854604858262419     
   8.9780354039765378E-002 -0.56685084630663096      -0.99405290693712411     
  0.18594922560866670      -0.57229287040628096       -1.0422517604048300     
  0.25818052071308129      -0.50670780226828371      -0.98500250480173601     
  0.29319441998282642      -0.40354749884739460      -0.86396797116858481     
  0.30348409965705597      -0.30348409965705608      -0.74338118920774598     
  0.31097455974263910      -0.22593624278077123      -0.66577555364180996     
  0.33438557164952620      -0.17037795869917646      -0.65002082890753221     
  0.38587160559136269      -0.12537728487364949      -0.70274396382454429     
  0.46502192393275382       -7.3652237160728426E-002 -0.81548152972994981     
  0.49620169279893062        0.0000000000000000      -0.97385065513662039     
  0.52145373093387803        9.1946361954735004E-002  -1.0391983281360280     
  0.48509047124555393       0.17655849245954675       -1.0131436960638573     
  0.41278742392936102       0.23832293032370871      -0.93547017351216522     
  0.33777854656071032       0.28342985383868974      -0.86539068322873802     
  0.27191264247809849       0.32405286854505883      -0.83022541297494046     
  0.21269585314062123       0.36840002419876422      -0.83487823170232733     
  0.15386770522672072       0.42274804569371499      -0.88293739602461530     
   8.6199367474435282E-002  0.48886090562031076      -0.97424451235944920     
   0.0000000000000000       0.55171544449088172       -1.0828025274072479     
 -0.10159148029944681       0.57615391525030346       -1.1482096108601128     
 -0.19502326058952130       0.53582200473812436       -1.1190998761918161     
 -0.25749167821933910       0.44598866920207203       -1.0107117455068535     
 -0.29075695987860578       0.34651065150709898      -0.88776238901799875     
 -0.31370091218056778       0.26322631971069088      -0.80370363803619138     
 -0.34405417116400500       0.19863976833735184      -0.77970499229999202     
 -0.39181850925185413       0.14261027460223161      -0.81833900309434837     
 -0.45868130062306078        8.0877888846296223E-002 -0.91409997182508540     
 -0.53278238420825252        0.0000000000000000       -1.0456443043951975     
 -0.58118192018475745      -0.10247805322852617       -1.1582298562084132     
 -0.56339605674531168      -0.20505939475824569       -1.1766901168211299     
 -0.47379848860587009      -0.27354768493823672       -1.0737351204327932     
 -0.35424333632394783      -0.29724545285643378      -0.90757357437888597     
 -0.24953762259556381      -0.29738735821568113      -0.76190821391790819     
 -0.17452194051227471      -0.30228086800277260      -0.68503718778106959     
 -0.12059114412349256      -0.33132144546549308      -0.69198686377455021     
  -6.9294141357368333E-002 -0.39298660408606267      -0.78317786932830791     
   0.0000000000000000      -0.47766022709122363      -0.93746097975121101     
   9.6198732996200548E-002 -0.54557012551161166       -1.0872595758347761     
  0.19844061039640490      -0.54521109616691565       -1.1387096177899596     
  0.27018358796667441      -0.46797170172953506       -1.0605302963169398     
  0.30027843821174283      -0.35785790751742308      -0.91683412768089445     
  0.30942456147183484      -0.25963803540820840      -0.79274760160570445     
  0.32483925546863224      -0.18754603158817265      -0.73615962372149601     
  0.36421463181668756      -0.13256328486549873      -0.76068647007602508     
  0.42928589485198604       -7.5694685699982278E-002 -0.85551825168383167     
  0.44420901599608648        0.0000000000000000      -0.99770978522701548     
  0.45635588706850944        9.0774829864441062E-002  -1.0450728868220225     
  0.41654320253184368       0.17253784380301260       -1.0126551329298144     
  0.34844730875642521       0.23282504815151359      -0.94125564861907973     
  0.27950807231303548       0.27950807231303548      -0.88782263969341690     
  0.21797098191446729       0.32621662762704678      -0.88120423292482319     
  0.15845667664478030       0.38254825780439661      -0.93001027145405213     
   8.9384637643335152E-002  0.44936691881369734       -1.0290678753015565     
   0.0000000000000000       0.50860120871256165       -1.1423370180205459     
 -0.10407690696584926       0.52322994460772188       -1.1982171024361732     
 -0.19545857537017777       0.47187874354080706       -1.1471809619328484     
 -0.25310256432728273       0.37879475631762421       -1.0232327674554813     
 -0.28513748304145170       0.28513748304145176      -0.90570376295208099     
 -0.31424303296303896       0.20997048174087266      -0.84886013575846819     
 -0.35782676819363607       0.14821670036593776      -0.86991003888311269     
 -0.42071403550450903        8.3685224792051538E-002 -0.96345164830805530     
 -0.48841814368752912        0.0000000000000000       -1.0970051117642228     
 -0.52222366250983510      -0.10387674501150691       -1.1959126769498467     
 -0.48417913457311806      -0.20055356415825334       -1.1770843526020585     
 -0.38460682115333045      -0.25698606189270357       -1.0389328136870708     
 -0.27431482646420713      -0.27431482646420707      -0.87132693994518229     
 -0.18844972507474933      -0.28203494451959699      -0.76185689476112006     
 -0.12756889241732974      -0.30797855021083126      -0.74872440075273772     
  -7.2813223515407269E-002 -0.36605679412799264      -0.83828442104161061     
   0.0000000000000000      -0.44811234446043507       -1.0064768044985695     
  0.10164529323344411      -0.51100539686120572       -1.1702224084581652     
  0.20715782680633218      -0.50012323502758349       -1.2158459385960798     
  0.27653921740644377      -0.41387018637348860       -1.1179815166584897     
  0.30452648536144833      -0.30452648536144844      -0.96729051813345679     
  0.31904615409552883      -0.21317982467694119      -0.86183473703489277     
  0.34688581330937285      -0.14368480846756398      -0.84331156349002168     
  0.39522158808822649       -7.8614461726177365E-002 -0.90507294351117051     
  0.38763426940633910        0.0000000000000000       -1.0098217963310239     
  0.38580974750481717        8.8058557224085954E-002  -1.0309159700103345     
  0.34291734417597264       0.16514028930403413      -0.99152174423791484     
  0.28030745233766624       0.22353773394471160      -0.93399395549013664     
  0.21808250796513548       0.27346681532629052      -0.91120072053671664     
  0.15792830743645653       0.32794150951625600      -0.94822015580731911     
   8.8927207090051849E-002  0.38961555123386948       -1.0410853964397586     
   0.0000000000000000       0.44017510010056327       -1.1466953398224757     
 -0.10140494678159329       0.44428410079429437       -1.1871643412140600     
 -0.18682579165487864       0.38794775380292107       -1.1217240540812679     
 -0.24009307682289655       0.30106719568331691       -1.0031661256934716     
 -0.27512080297533342       0.21940151910078731      -0.91671186358260481     
 -0.31449240946746476       0.15145156220715561      -0.90933301473589934     
 -0.36825556637686840        8.4051929933368963E-002 -0.98400972727723590     
 -0.42265217349137629        0.0000000000000000       -1.1010465553314508     
 -0.43895865255581207      -0.10018944797295716       -1.1729342973335688     
 -0.38820181977639323      -0.18694814337920546       -1.1224586682425139     
 -0.29398667404596673      -0.23444654923770369      -0.97957358701549258     
 -0.20363498145436526      -0.25535019010445420      -0.85083550972993427     
 -0.13550251085884471      -0.28137386308766632      -0.81357303224790101     
  -7.6153820919629286E-002 -0.33365168981547766      -0.89154526985458205     
   0.0000000000000000      -0.40705434090865311       -1.0604128122372738     
  0.10447279205738462      -0.45772520917204074       -1.2230801089489991     
  0.20886508943503193      -0.43371282720883875       -1.2540505933458603     
  0.27401347139890558      -0.34360202511950139       -1.1448936226254607     
  0.30275488955516194      -0.24143896777427301       -1.0087895790190087     
  0.32509308857657943      -0.15655658020822846      -0.93998414399164809     
  0.35757640155273235       -8.1614480250323126E-002 -0.95547410412417655     
  0.32618712073756101        0.0000000000000000       -1.0039007315325879     
  0.31273479412448973        8.3797035530770420E-002 -0.99645200613032470     
  0.26846812209386484       0.15500014255972613      -0.95408277403177266     
  0.21124630532186534       0.21124630532186528      -0.91944992393826375     
  0.15205257141945749       0.26336277911999567      -0.93593939168565699     
   8.4903076394176172E-002  0.31686259482196699       -1.0096042212441636     
   0.0000000000000000       0.35638370282662041       -1.0968362551070470     
  -9.4226545352500052E-002  0.35165825467722345       -1.1204719779466583     
 -0.17116967950862605       0.29647458162422180       -1.0536122093745255     
 -0.22118586428072790       0.22118586428072795      -0.96271187218763832     
 -0.26082051081557028       0.15058479212954534      -0.92690467137211763     
 -0.30499849798887768        8.1724101228825272E-002 -0.97180221356109686     
 -0.34440541851237494        0.0000000000000000       -1.0599708866694890     
 -0.34582878708630704       -9.2664544219210498E-002  -1.1018978225128113     
 -0.29208229670081465      -0.16863379262573935       -1.0380028947513273     
 -0.21265937869860502      -0.21265937869860480      -0.92560032835259343     
 -0.14142636649368331      -0.24495765229691588      -0.87053119976024473     
  -7.8112943180466535E-002 -0.29152147267824102      -0.92886100855367681     
   0.0000000000000000      -0.35212765595048351       -1.0837374897029142     
  0.10336810294484598      -0.38577501207217602       -1.2291765800170293     
  0.20145181408358370      -0.34892477726968713       -1.2400098634782719     
  0.26028311958957079      -0.26028311958957090       -1.1328827462539961     
  0.28950725463665195      -0.16714709139682071       -1.0288517029574435     
  0.31200047726160585       -8.3600275920372433E-002 -0.99411228722183442     
  0.26183712797298914        0.0000000000000000      -0.97718946490310854     
  0.24101632357194297        7.8310950642167573E-002 -0.94577467228540801     
  0.19673739158783640       0.14293808183740728      -0.90756306265439224     
  0.14196234798771931       0.19539440915793413      -0.90136779271950052     
   7.8482117990842509E-002  0.24154312250306173      -0.94784188947242332     
   0.0000000000000000       0.27090927827832678       -1.0110471907765302     
  -8.4526285361846254E-002  0.26014515691673190       -1.0208383269779484     
 -0.15211672748718805       0.20937071351460609      -0.96584144200476107     
 -0.19887912088677207       0.14449413925655918      -0.91744300660521405     
 -0.23750134066592921        7.7168863464081749E-002 -0.93198149115661344     
 -0.26496452275546251        0.0000000000000000      -0.98886106112662486     
 -0.25690171841330611       -8.3472428308563024E-002  -1.0081107160751137     
 -0.20679372015714953      -0.15024443221860853      -0.95395359513916334     
 -0.14197730599012473      -0.19541499708201129      -0.90146276622341037     
  -7.7690755885152840E-002 -0.23910756037843622      -0.93828447470436982     
   0.0000000000000000      -0.28605963195730399       -1.0675890804591111     
   9.7988349597071728E-002 -0.30157713038988121       -1.1834219667620345     
  0.18482501306403390      -0.25438980643218484       -1.1735176011550104     
  0.23414670275494576      -0.17011753734369817       -1.0801347773680889     
  0.25696900899499031       -8.3494292343923276E-002  -1.0083747717494227     
  0.19820587651298752        0.0000000000000000      -0.93248533451856863     
  0.17411255778995299        7.2119782816067804E-002 -0.88662553178372572     
  0.12920097265271085       0.12920097265271083      -0.85961951191567687     
   7.1288623084296135E-002  0.17210596069301137      -0.87640742781274261     
   0.0000000000000000       0.19450505899563883      -0.91507435699676476     
  -7.4525568814966886E-002  0.17992063897666247      -0.91620176187404323     
 -0.13260681080586090       0.13260681080586093      -0.88227975100493128     
 -0.17212401564465199        7.1296101690133673E-002 -0.87649936822934948     
 -0.19304323050265482        0.0000000000000000      -0.90819699465377857     
 -0.18016533201864643       -7.4626923991574945E-002 -0.91744780122483205     
 -0.13434619866178818      -0.13434619866178812      -0.89385251016490530     
  -7.4504789843236649E-002 -0.17987047410129883      -0.91594630953987100     
   0.0000000000000000      -0.21573941488546042       -1.0149741470714004     
   8.9132746902404011E-002 -0.21518548642335208       -1.0957793553432800     
  0.16052883408027366      -0.16052883408027374       -1.0680547922143078     
  0.19463547981318993       -8.0620655457618179E-002 -0.99113348275277646     
  0.13902988870096122        0.0000000000000000      -0.87780017037079305     
  0.11362140528272814        6.5599348925686640E-002 -0.82835597728249821     
   6.4560355184475976E-002  0.11182181533420514      -0.81523608066788444     
   0.0000000000000000       0.13166528579450404      -0.83130189761516904     
  -6.5641914350462710E-002  0.11369513076108607      -0.82889347231280386     
 -0.11237735340626102        6.4881095239922568E-002 -0.81928622668966977     
 -0.13240668487114660        0.0000000000000000      -0.83598290715829959     
 -0.11635932135509468       -6.7180085507086026E-002 -0.84831673325272372     
  -6.8778396001407796E-002 -0.11912767633753028      -0.86849940386161273     
   0.0000000000000000      -0.14888006795034817      -0.93999175452643036     
   7.8133539821696921E-002 -0.13533126074638543      -0.98663151079232092     
  0.12953004844409052       -7.4784208337341021E-002 -0.94433781732731703     
   8.6588585927212566E-002   0.0000000000000000      -0.82383536408726588     
   5.7948201082577283E-002   5.7948201082577276E-002 -0.77971293620045246     
   0.0000000000000000        8.1320553503666945E-002 -0.77371338365299158     
  -5.7400805902097757E-002   5.7400805902097771E-002 -0.77234754615451373     
  -8.2387720142895082E-002   0.0000000000000000      -0.78386679599199582     
  -6.0198556136963753E-002  -6.0198556136963732E-002 -0.80999223588826852     
   0.0000000000000000       -9.0558525712371149E-002 -0.86160681806458261     
   6.5188845809745183E-002  -6.5188845809745211E-002 -0.87713829634509788     
   4.0926269751039412E-002   0.0000000000000000      -0.78091974723840019     
   0.0000000000000000        3.9230642308555143E-002 -0.74856524823689563     
  -3.9685963689322659E-002   0.0000000000000000      -0.75725329774016559     
   0.0000000000000000       -4.1757602589681753E-002 -0.79678252276553141     
   0.0000000000000000        0.0000000000000000      -0.75703083686330030     
           3           0           1           2
           3           0           2           3
           3           0           3           4
           3           0           4           1
           3           1           5           6
           3           6           2           1
           3           2           6           7
           3           2           7           8
           3           8           3           2
           3           3           8           9
           3           3           9          10
           3          10           4           3
           3           4          10          11
           3           4          11          12
           3          12           1           4
           3           1          12           5
           3           5          13          14
           3          14           6           5
           3           6          14          15
           3          15           7           6
           3           7          15          16
           3           7          16          17
           3          17           8           7
           3           8          17          18
           3          18           9           8
           3           9          18          19
           3           9          19          20
           3          20          10           9
           3          10          20          21
           3          21          11          10
           3          11          21          22
           3          11          22          23
           3          23          12          11
           3          12          23          24
           3          24           5          12
           3           5          24          13
           3          13          25          26
           3          26          14          13
           3          14          26          27
           3          27          15          14
           3          15          27          28
           3          28          16          15
           3          16          28          29
           3          16          29          30
           3          30          17          16
           3          17          30          31
           3          31          18          17
           3          18          31          32
           3          32          19          18
           3          19          32          33
           3          19          33          34
           3          34          20          19
           3          20          34          35
           3          35          21          20
           3          21          35          36
           3          36          22          21
           3          22          36          37
           3          22          37          38
           3          38          23          22
           3          23          38          39
           3          39          24          23
           3          24          39          40
           3          40          13          24
           3          13          40          25
           3          25          41          42
           3          42          26          25
           3          26          42          43
           3          43          27          26
           3          27          43          44
           3          44          28          27
           3          28          44          45
           3          45          29          28
           3          29          45          46
           3          29          46          47
           3          47          30          29
           3          30          47          48
           3          48          31          30
           3          31          48          49
           3          49          32          31
           3          32          49          50
           3          50          33          32
           3          33          50          51
           3          33          51          52
           3          52          34          33
           3          34          52          53
           3          53          35          34
           3          35          53          54
           3          54          36          35
           3          36          54          55
           3          55          37          36
           3          37          55          56
           3          37          56          57
           3          57          38          37
           3          38          57          58
           3          58          39          38
           3          39          58          59
           3          59          40          39
           3          40          59          60
           3          60          25          40
           3          25          60          41
           3          41          61          62
           3          62          42          41
           3          42          62          63
           3          63          43          42
           3          43          63          64
           3          64          44          43
           3          44          64          65
           3          65          45          44
           3          45          65          66
           3          66          46          45
           3          46          66          67
           3          46          67          68
           3          68          47          46
           3          47          68          69
           3          69          48          47
           3          48          69          70
           3          70          49          48
           3          49          70          71
           3          71          50          49
           3          50          71          72
           3          72          51          50
           3          51          72          73
           3          51          73          74
           3          74          52          51
           3          52          74          75
           3          75          53          52
           3          53          75          76
           3          76          54          53
           3          54          76          77
           3          77          55          54
           3          55          77          78
           3          78          56          55
           3          56          78          79
           3          56          79          80
           3          80          57          56
           3          57          80          81
           3          81          58          57
           3          58          81          82
           3          82          59          58
           3          59          82          83
           3          83          60          59
           3          60          83          84
           3          84          41          60
           3          41          84          61
           3          61          85          86
           3          86          62          61
           3          62          86          87
           3          87          63          62
           3          63          87          88
           3          88          64          63
           3          64          88          89
           3          89          65          64
           3          65          89          90
           3          90          66          65
           3          66          90          91
           3          91          67          66
           3          67          91          92
           3          67          92          93
           3          93          68          67
           3          68          93          94
           3          94          69          68
           3          69          94          95
           3          95          70          69
           3          70          95          96
           3          96          71          70
           3          71          96          97
           3          97          72          71
           3          72          97          98
           3          98          73          72
           3          73          98          99
           3          73          99         100
           3         100          74          73
           3          74         100         101
           3         101          75          74
           3          75         101         102
           3         102          76          75
           3          76         102         103
           3         103          77          76
           3          77         103         104
           3         104          78          77
           3          78         104         105
           3         105          79          78
           3          79         105         106
           3          79         106         107
           3         107          80          79
           3          80         107         108
           3         108          81          80
           3          81         108         109
           3         109          82          81
           3          82         109         110
           3         110          83          82
           3          83         110         111
           3         111          84          83
           3          84         111         112
           3         112          61          84
           3          61         112          85
           3          85         113         114
           3         114          86          85
           3          86         114         115
           3         115          87          86
           3          87         115         116
           3         116          88          87
           3          88         116         117
           3         117          89          88
           3          89         117         118
           3         118          90          89
           3          90         118         119
           3         119          91          90
           3          91         119         120
           3         120          92          91
           3          92         120         121
           3          92         121         122
           3         122          93          92
           3          93         122         123
           3         123          94          93
           3          94         123         124
           3         124          95          94
           3          95         124         125
           3         125          96          95
           3          96         125         126
           3         126          97          96
           3          97         126         127
           3         127          98          97
           3          98         127         128
           3         128          99          98
           3          99         128         129
           3          99         129         130
           3         130         100          99
           3         100         130         131
           3         131         101         100
           3         101         131         132
           3         132         102         101
           3         102         132         133
           3         133         103         102
           3         103         133         134
           3         134         104         103
           3         104         134         135
           3         135         105         104
           3         105         135         136
           3         136         106         105
           3         106         136         137
           3         106         137         138
           3         138         107         106
           3         107         138         139
           3         139         108         107
           3         108         139         140
           3         140         109         108
           3         109         140         141
           3         141         110         109
           3         110         141         142
           3         142         111         110
           3         111         142         143
           3         143         112         111
           3         112         143         144
           3         144          85         112
           3          85         144         113
           3         113         145         146
           3         146         114         113
           3         114         146         147
           3         147         115         114
           3         115         147         148
           3         148         116         115
           3         116         148         149
           3         149         117         116
           3         117         149         150
           3         150         118         117
           3         118         150         151
           3         151         119         118
           3         119         151         152
           3         152         120         119
           3         120         152         153
           3         153         121         120
           3         121         153         154
           3         121         154         155
           3         155         122         121
           3         122         155         156
           3         156         123         122
           3         123         156         157
           3         157         124         123
           3         124         157         158
           3         158         125         124
           3         125         158         159
           3         159         126         125
           3         126         159         160
           3         160         127         126
           3         127         160         161
           3         161         128         127
           3         128         161         162
           3         162         129         128
           3         129         162         163
           3         129         163         164
           3         164         130         129
           3         130         164         165
           3         165         131         130
           3         131         165         166
           3         166         132         131
           3         132         166         167
           3         167         133         132
           3         133         167         168
           3         168         134         133
           3         134         168         169
           3         169         135         134
           3         135         169         170
           3         170         136         135
           3         136         170         171
           3         171         137         136
           3         137         171         172
           3         137         172         173
           3         173         138         137
           3         138         173         174
           3         174         139         138
           3         139         174         175
           3         175         140         139
           3         140         175         176
           3         176         141         140
           3         141         176         177
           3         177         142         141
           3         142         177         178
           3         178         143         142
           3         143         178         179
           3         179         144         143
           3         144         179         180
           3         180         113         144
           3         113         180         145
           3         145         181         182
           3         182         146         145
           3         146         182         183
           3         183         147         146
           3         147         183         184
           3         184         148         147
           3         148         184         185
           3         185         149         148
           3         149         185         186
           3         186         150         149
           3         150         186         187
           3         187         151         150
           3         151         187         188
           3         188         152         151
           3         152         188         189
           3         189         153         152
           3         153         189         190
           3         190         154         153
           3         154         190         191
           3         154         191         192
           3         192         155         154
           3         155         192         193
           3         193         156         155
           3         156         193         194
           3         194         157         156
           3         157         194         195
           3         195         158         157
           3         158         195         196
           3         196         159         158
           3         159         196         197
           3         197         160         159
           3         160         197         198
           3         198         161         160
           3         161         198         199
           3         199         162         161
           3         162         199         200
           3         200         163         162
           3         163         200         201
           3         163         201         202
           3         202         164         163
           3         164         202         203
           3         203         165         164
           3         165         203         204
           3         204         166         165
           3         166         204         205
           3         205         167         166
           3         167         205         206
           3         206         168         167
           3         168         206         207
           3         207         169         168
           3         169         207         208
           3         208         170         169
           3         170         208         209
           3         209         171         170
           3         171         209         210
           3         210         172         171
           3         172         210         211
           3         172         211         212
           3         212         173         172
           3         173         212         213
           3         213         174         173
           3         174         213         214
           3         214         175         174
           3         175         214         215
           3         215         176         175
           3         176         215         216
           3         216         177         176
           3         177         216         217
           3         217         178         177
           3         178         217         218
           3         218         179         178
           3         179         218         219
           3         219         180         179
           3         180         219         220
           3         220         145         180
           3         145         220         181
           3         181         221         222
           3         222         182         181
           3         182         222         223
           3         223         183         182
           3         183         223         224
           3         224         184         183
           3         184         224         225
           3         225         185         184
           3         185         225         226
           3         226         186         185
           3         186         226         227
           3         227         187         186
           3         187         227         228
           3         228         188         187
           3         188         228         229
           3         229         189         188
           3         189         229         230
           3         230         190         189
           3         190         230         231
           3         231         191         190
           3         191         231         232
           3         191         232         233
           3         233         192         191
           3         192         233         234
           3         234         193         192
           3         193         234         235
           3         235         194         193
           3         194         235         236
           3         236         195         194
           3         195         236         237
           3         237         196         195
           3         196         237         238
           3         238         197         196
           3         197         238         239
           3         239         198         197
           3         198         239         240
           3         240         199         198
           3         199         240         241
           3         241         200         199
           3         200         241         242
           3         242         201         200
           3         201         242         243
           3         201         243         244
           3         244         202         201
           3         202         244         245
           3         245         203         202
           3         203         245         246
           3         246         204         203
           3         204         246         247
           3         247         205         204
           3         205         247         248
           3         248         206         205
           3         206         248         249
           3         249         207         206
           3         207         249         250
           3         250         208         207
           3         208         250         251
           3         251         209         208
           3         209         251         252
           3         252         210         209
           3         210         252         253
           3         253         211         210
           3         211         253         254
           3         211         254         255
           3         255         212         211
           3         212         255         256
           3         256         213         212
           3         213         256         257
           3         257         214         213
           3         214         257         258
           3         258         215         214
           3         215         258         259
           3         259         216         215
           3         216         259         260
           3         260         217         216
           3         217         260         261
           3         261         218         217
           3         218         261         262
           3         262         219         218
           3         219         262         263
           3         263         220         219
           3         220         263         264
           3         264         181         220
           3         181         264         221
           3         221         265         266
           3         266         222         221
           3         222         266         267
           3         267         223         222
           3         223         267         268
           3         268         224         223
           3         224         268         269
           3         269         225         224
           3         225         269         270
           3         270         226         225
           3         226         270         271
           3         271         227         226
           3         227         271         272
           3         272         228         227
           3         228         272         273
           3         273         229         228
           3         229         273         274
           3         274         230         229
           3         230         274         275
           3         275         231         230
           3         231         275         276
           3         276         232         231
           3         232         276         277
           3         232         277         278
           3         278         233         232
           3         233         278         279
           3         279         234         233
           3         234         279         280
           3         280         235         234
           3         235         280         281
           3         281         236         235
           3         236         281         282
           3         282         237         236
           3         237         282         283
           3         283         238         237
           3         238         283         284
           3         284         239         238
           3         239         284         285
           3         285         240         239
           3         240         285         286
           3         286         241         240
           3         241         286         287
           3         287         242         241
           3         242         287         288
           3         288         243         242
           3         243         288         289
           3         243         289         290
           3         290         244         243
           3         244         290         291
           3         291         245         244
           3         245         291         292
           3         292         246         245
           3         246         292         293
           3         293         247         246
           3         247         293         294
           3         294         248         247
           3         248         294         295
           3         295         249         248
           3         249         295         296
           3         296         250         249
           3         250         296         297
           3         297         251         250
           3         251         297         298
           3         298         252         251
           3         252         298         299
           3         299         253         252
           3         253         299         300
           3         300         254         253
           3         254         300         301
           3         254         301         302
           3         302         255         254
           3         255         302         303
           3         303         256         255
           3         256         303         304
           3         304         257         256
           3         257         304         305
           3         305         258         257
           3         258         305         306
           3         306         259         258
           3         259         306         307
           3         307         260         259
           3         260         307         308
           3         308         261         260
           3         261         308         309
           3         309         262         261
           3         262         309         310
           3         310         263         262
           3         263         310         311
           3         311         264         263
           3         264         311         312
           3         312         221         264
           3         221         312         265
           3         265         313         314
           3         314         266         265
           3         266         314         315
           3         315         267         266
           3         267         315         316
           3         316         268         267
           3         268         316         317
           3         317         269         268
           3         269         317         318
           3         318         270         269
           3         270         318         319
           3         319         271         270
           3         271         319         320
           3         320         272         271
           3         272         320         321
           3         321         273         272
           3         273         321         322
           3         322         274         273
           3         274         322         323
           3         323         275         274
           3         275         323         324
           3         324         276         275
           3         276         324         325
           3         325         277         276
           3         277         325         326
           3         277         326         327
           3         327         278         277
           3         278         327         328
           3         328         279         278
           3         279         328         329
           3         329         280         279
           3         280         329         330
           3         330         281         280
           3         281         330         331
           3         331         282         281
           3         282         331         332
           3         332         283         282
           3         283         332         333
           3         333         284         283
           3         284         333         334
           3         334         285         284
           3         285         334         335
           3         335         286         285
           3         286         335         336
           3         336         287         286
           3         287         336         337
           3         337         288         287
           3         288         337         338
           3         338         289         288
           3         289         338         339
           3         289         339         340
           3         340         290         289
           3         290         340         341
           3         341         291         290
           3         291         341         342
           3         342         292         291
           3         292         342         343
           3         343         293         292
           3         293         343         344
           3         344         294         293
           3         294         344         345
           3         345         295         294
           3         295         345         346
           3         346         296         295
           3         296         346         347
           3         347         297         296
           3         297         347         348
           3         348         298         297
           3         298         348         349
           3         349         299         298
           3         299         349         350
           3         350         300         299
           3         300         350         351
           3         351         301         300
           3         301         351         352
           3         301         352         353
           3         353         302         301
           3         302         353         354
           3         354         303         302
           3         303         354         355
           3         355         304         303
           3         304         355         356
           3         356         305         304
           3         305         356         357
           3         357         306         305
           3         306         357         358
           3         358         307         306
           3         307         358         359
           3         359         308         307
           3         308         359         360
           3         360         309         308
           3         309         360         361
           3         361         310         309
           3         310         361         362
           3         362         311         310
           3         311         362         363
           3         363         312         311
           3         312         363         364
           3         364         265         312
           3         265         364         313
           3         313         365         366
           3         366         314         313
           3         314         366         367
           3         367         315         314
           3         315         367         368
           3         368         316         315
           3         316         368         369
           3         369         317         316
           3         317         369         370
           3         370         318         317
           3         318         370         371
           3         371         319         318
           3         319         371         372
           3         372         320         319
           3         320         372         373
           3         373         321         320
           3         321         373         374
           3         374         322         321
           3         322         374         375
           3         375         323         322
           3         323         375         376
           3         376         324         323
           3         324         376         377
           3         377         325         324
           3         325         377         378
           3         378         326         325
           3         326         378         379
           3         326         379         380
           3         380         327         326
           3         327         380         381
           3         381         328         327
           3         328         381         382
           3         382         329         328
           3         329         382         383
           3         383         330         329
           3         330         383         384
           3         384         331         330
           3         331         384         385
           3         385         332         331
           3         332         385         386
           3         386         333         332
           3         333         386         387
           3         387         334         333
           3         334         387         388
           3         388         335         334
           3         335         388         389
           3         389         336         335
           3         336         389         390
           3         390         337         336
           3         337         390         391
           3         391         338         337
           3         338         391         392
           3         392         339         338
           3         339         392         393
           3         339         393         394
           3         394         340         339
           3         340         394         395
           3         395         341         340
           3         341         395         396
           3         396         342         341
           3         342         396         397
           3         397         343         342
           3         343         397         398
           3         398         344         343
           3         344         398         399
           3         399         345         344
           3         345         399         400
           3         400         346         345
           3         346         400         401
           3         401         347         346
           3         347         401         402
           3         402         348         347
           3         348         402         403
           3         403         349         348
           3         349         403         404
           3         404         350         349
           3         350         404         405
           3         405         351         350
           3         351         405         406
           3         406         352         351
           3         352         406         407
           3         352         407         408
           3         408         353         352
           3         353         408         409
           3         409         354         353
           3         354         409         410
           3         410         355         354
           3         355         410         411
           3         411         356         355
           3         356         411         412
           3         412         357         356
           3         357         412         413
           3         413         358         357
           3         358         413         414
           3         414         359         358
           3         359         414         415
           3         415         360         359
           3         360         415         416
           3         416         361         360
           3         361         416         417
           3         417         362         361
           3         362         417         418
           3         418         363         362
           3         363         418         419
           3         419         364         363
           3         364         419         420
           3         420         313         364
           3         313         420         365
           3         365         421         422
           3         422         366         365
           3         366         422         423
           3         423         367         366
           3         367         423         424
           3         424         368         367
           3         368         424         425
           3         425         369         368
           3         369         425         426
           3         426         370         369
           3         370         426         427
           3         427         371         370
           3         371         427         428
           3         428         372         371
           3         372         428         429
           3         429         373         372
           3         373         429         430
           3         430         374         373
           3         374         430         431
           3         431         375         374
           3         375         431         432
           3         432         376         375
           3         376         432         433
           3         433         377         376
           3         377         433         434
           3         434         378         377
           3         378         434         435
           3         435         379         378
           3         379         435         436
           3         379         436         437
           3         437         380         379
           3         380         437         438
           3         438         381         380
           3         381         438         439
           3         439         382         381
           3         382         439         440
           3         440         383         382
           3         383         440         441
           3         441         384         383
           3         384         441         442
           3         442         385         384
           3         385         442         443
           3         443         386         385
           3         386         443         444
           3         444         387         386
           3         387         444         445
           3         445         388         387
           3         388         445         446
           3         446         389         388
           3         389         446         447
           3         447         390         389
           3         390         447         448
           3         448         391         390
           3         391         448         449
           3         449         392         391
           3         392         449         450
           3         450         393         392
           3         393         450         451
           3         393         451         452
           3         452         394         393
           3         394         452         453
           3         453         395         394
           3         395         453         454
           3         454         396         395
           3         396         454         455
           3         455         397         396
           3         397         455         456
           3         456         398         397
           3         398         456         457
           3         457         399         398
           3         399         457         458
           3         458         400         399
           3         400         458         459
           3         459         401         400
           3         401         459         460
           3         460         402         401
           3         402         460         461
           3         461         403         402
           3         403         461         462
           3         462         404         403
           3         404         462         463
           3         463         405         404
           3         405         463         464
           3         464         406         405
           3         406         464         465
           3         465         407         406
           3         407         465         466
           3         407         466         467
           3         467         408         407
           3         408         467         468
           3         468         409         408
           3         409         468         469
           3         469         410         409
           3         410         469         470
           3         470         411         410
           3         411         470         471
           3         471         412         411
           3         412         471         472
           3         472         413         412
           3         413         472         473
           3         473         414         413
           3         414         473         474
           3         474         415         414
           3         415         474         475
           3         475         416         415
           3         416         475         476
           3         476         417         416
           3         417         476         477
           3         477         418         417
           3         418         477         478
           3         478         419         418
           3         419         478         479
           3         479         420         419
           3         420         479         480
           3         480         365         420
           3         365         480         421
           3         421         481         482
           3         482         422         421
           3         422         482         483
           3         483         423         422
           3         423         483         484
           3         484         424         423
           3         424         484         485
           3         485         425         424
           3         425         485         486
           3         486         426         425
           3         426         486         487
           3         487         427         426
           3         427         487         488
           3         488         428         427
           3         428         488         489
           3         489         429         428
           3         429         489         490
           3         490         430         429
           3         430         490         491
           3         491         431         430
           3         431         491         492
           3         492         432         431
           3         432         492         493
           3         493         433         432
           3         433         493         494
           3         494         434         433
           3         434         494         495
           3         495         435         434
           3         435         495         496
           3         496         436         435
           3         436         496         497
           3         436         497         498
           3         498         437         436
           3         437         498         499
           3         499         438         437
           3         438         499         500
           3         500         439         438
           3         439         500         501
           3         501         440         439
           3         440         501         502
           3         502         441         440
           3         441         502         503
           3         503         442         441
           3         442         503         504
           3         504         443         442
           3         443         504         505
           3         505         444         443
           3         444         505         506
           3         506         445         444
           3         445         506         507
           3         507         446         445
           3         446         507         508
           3         508         447         446
           3         447         508         509
           3         509         448         447
           3         448         509         510
           3         510         449         448
           3         449         510         511
           3         511         450         449
           3         450         511         512
           3         512         451         450
           3         451         512         513
           3         451         513         514
           3         514         452         451
           3         452         514         515
           3         515         453         452
           3         453         515         516
           3         516         454         453
           3         454         516         517
           3         517         455         454
           3         455         517         518
           3         518         456         455
           3         456         518         519
           3         519         457         456
           3         457         519         520
           3         520         458         457
           3         458         520         521
           3         521         459         458
           3         459         521         522
           3         522         460         459
           3         460         522         523
           3         523         461         460
           3         461         523         524
           3         524         462         461
           3         462         524         525
           3         525         463         462
           3         463         525         526
           3         526         464         463
           3         464         526         527
           3         527         465         464
           3         465         527         528
           3         528         466         465
           3         466         528         529
           3         466         529         530
           3         530         467         466
           3         467         530         531
           3         531         468         467
           3         468         531         532
           3         532         469         468
           3         469         532         533
           3         533         470         469
           3         470         533         534
           3         534         471         470
           3         471         534         535
           3         535         472         471
           3         472         535         536
           3         536         473         472
           3         473         536         537
           3         537         474         473
           3         474         537         538
           3         538         475         474
           3         475         538         539
           3         539         476         475
           3         476         539         540
           3         540         477         476
           3         477         540         541
           3         541         478         477
           3         478         541         542
           3         542         479         478
           3         479         542         543
           3         543         480         479
           3         480         543         544
           3         544         421         480
           3         421         544         481
           3         481         545         546
           3         546         482         481
           3         482         546         547
           3         547         483         482
           3         483         547         548
           3         548         484         483
           3         484         548         549
           3         549         485         484
           3         485         549         550
           3         550         486         485
           3         486         550         551
           3         551         487         486
           3         487         551         552
           3         552         488         487
           3         488         552         553
           3         553         489         488
           3         489         553         554
           3         554         490         489
           3         490         554         555
           3         555         491         490
           3         491         555         556
           3         556         492         491
           3         492         556         557
           3         557         493         492
           3         493         557         558
           3         558         494         493
           3         494         558         559
           3         559         495         494
           3         495         559         560
           3         560         496         495
           3         496         560         561
           3         561         497         496
           3         497         561         562
           3         497         562         563
           3         563         498         497
           3         498         563         564
           3         564         499         498
           3         499         564         565
           3         565         500         499
           3         500         565         566
           3         566         501         500
           3         501         566         567
           3         567         502         501
           3         502         567         568
           3         568         503         502
           3         503         568         569
           3         569         504         503
           3         504         569         570
           3         570         505         504
           3         505         570         571
           3         571         506         505
           3         506         571         572
           3         572         507         506
           3         507         572         573
           3         573         508         507
           3         508         573         574
           3         574         509         508
           3         509         574         575
           3         575         510         509
           3         510         575         576
           3         576         511         510
           3         511         576         577
           3         577         512         511
           3         512         577         578
           3         578         513         512
           3         513         578         579
           3         513         579         580
           3         580         514         513
           3         514         580         581
           3         581         515         514
           3         515         581         582
           3         582         516         515
           3         516         582         583
           3         583         517         516
           3         517         583         584
           3         584         518         517
           3         518         584         585
           3         585         519         518
           3         519         585         586
           3         586         520         519
           3         520         586         587
           3         587         521         520
           3         521         587         588
           3         588         522         521
           3         522         588         589
           3         589         523         522
           3         523         589         590
           3         590         524         523
           3         524         590         591
           3         591         525         524
           3         525         591         592
           3         592         526         525
           3         526         592         593
           3         593         527         526
           3         527         593         594
           3         594         528         527
           3         528         594         595
           3         595         529         528
           3         529         595         596
           3         529         596         597
           3         597         530         529
           3         530         597         598
           3         598         531         530
           3         531         598         599
           3         599         532         531
           3         532         599         600
           3         600         533         532
           3         533         600         601
           3         601         534         533
           3         534         601         602
           3         602         535         534
           3         535         602         603
           3         603         536         535
           3         536         603         604
           3         604         537         536
           3         537         604         605
           3         605         538         537
           3         538         605         606
           3         606         539         538
           3         539         606         607
           3         607         540         539
           3         540         607         608
           3         608         541         540
           3         541         608         609
           3         609         542         541
           3         542         609         610
           3         610         543         542
           3         543         610         611
           3         611         544         543
           3         544         611         612
           3         612         481         544
           3         481         612         545
           3         545         613         614
           3         614         546         545
           3         546         614         615
           3         615         547         546
           3         547         615         616
           3         616         548         547
           3         548         616         617
           3         617         549         548
           3         549         617         618
           3         618         550         549
           3         550         618         619
           3         619         551         550
           3         551         619         620
           3         620         552         551
           3         552         620         621
           3         621         553         552
           3         553         621         622
           3         622         554         553
           3         554         622         623
           3         623         555         554
           3         555         623         624
           3         624         556         555
           3         556         624         625
           3         625         557         556
           3         557         625         626
           3         626         558         557
           3         558         626         627
           3         627         559         558
           3         559         627         628
           3         628         560         559
           3         560         628         629
           3         629         561         560
           3         561         629         630
           3         630         562         561
           3         562         630         631
           3         562         631         632
           3         632         563         562
           3         563         632         633
           3         633         564         563
           3         564         633         634
           3         634         565         564
           3         565         634         635
           3         635         566         565
           3         566         635         636
           3         636         567         566
           3         567         636         637
           3         637         568         567
           3         568         637         638
           3         638         569         568
           3         569         638         639
           3         639         570         569
           3         570         639         640
           3         640         571         570
           3         571         640         641
           3         641         572         571
           3         572         641         642
           3         642         573         572
           3         573         642         643
           3         643         574         573
           3         574         643         644
           3         644         575         574
           3         575         644         645
           3         645         576         575
           3         576         645         646
           3         646         577         576
           3         577         646         647
           3         647         578         577
           3         578         647         648
           3         648         579         578
           3         579         648         649
           3         579         649         650
           3         650         580         579
           3         580         650         651
           3         651         581         580
           3         581         651         652
           3         652         582         581
           3         582         652         653
           3         653         583         582
           3         583         653         654
           3         654         584         583
           3         584         654         655
           3         655         585         584
           3         585         655         656
           3         656         586         585
           3         586         656         657
           3         657         587         586
           3         587         657         658
           3         658         588         587
           3         588         658         659
           3         659         589         588
           3         589         659         660
           3         660         590         589
           3         590         660         661
           3         661         591         590
           3         591         661         662
           3         662         592         591
           3         592         662         663
           3         663         593         592
           3         593         663         664
           3         664         594         593
           3         594         664         665
           3         665         595         594
           3         595         665         666
           3         666         596         595
           3         596         666         667
           3         596         667         668
           3         668         597         596
           3         597         668         669
           3         669         598         597
           3         598         669         670
           3         670         599         598
           3         599         670         671
           3         671         600         599
           3         600         671         672
           3         672         601         600
           3         601         672         673
           3         673         602         601
           3         602         673         674
           3         674         603         602
           3         603         674         675
           3         675         604         603
           3         604         675         676
           3         676         605         604
           3         605         676         677
           3         677         606         605
           3         606         677         678
           3         678         607         606
           3         607         678         679
           3         679         608         607
           3         608         679         680
           3         680         609         608
           3         609         680         681
           3         681         610         609
           3         610         681         682
           3         682         611         610
           3         611         682         683
           3         683         612         611
           3         612         683         684
           3         684         545         612
           3         545         684         613
           3         613         685         686
           3         686         614         613
           3         614         686         687
           3         687         615         614
           3         615         687         688
           3         688         616         615
           3         616         688         689
           3         689         617         616
           3         617         689         690
           3         690         618         617
           3         618         690         691
           3         691         619         618
           3         619         691         692
           3         692         620         619
           3         620         692         693
           3         693         621         620
           3         621         693         694
           3         694         622         621
           3         622         694         695
           3         695         623         622
           3         623         695         696
           3         696         624         623
           3         624         696         697
           3         697         625         624
           3         625         697         698
           3         698         626         625
           3         626         698         699
           3         699         627         626
           3         627         699         700
           3         700         628         627
           3         628         700         701
           3         701         629         628
           3         629         701         702
           3         702         630         629
           3         630         702         703
           3         703         631         630
           3         631         703         704
           3         631         704         705
           3         705         632         631
           3         632         705         706
           3         706         633         632
           3         633         706         707
           3         707         634         633
           3         634         707         708
           3         708         635         634
           3         635         708         709
           3         709         636         635
           3         636         709         710
           3         710         637         636
           3         637         710         711
           3         711         638         637
           3         638         711         712
           3         712         639         638
           3         639         712         713
           3         713         640         639
           3         640         713         714
           3         714         641         640
           3         641         714         715
           3         715         642         641
           3         642         715         716
           3         716         643         642
           3         643         716         717
           3         717         644         643
           3         644         717         718
           3         718         645         644
           3         645         718         719
           3         719         646         645
           3         646         719         720
           3         720         647         646
           3         647         720         721
           3         721         648         647
           3         648         721         722
           3         722         649         648
           3         649         722         723
           3         649         723         724
           3         724         650         649
           3         650         724         725
           3         725         651         650
           3         651         725         726
           3         726         652         651
           3         652         726         727
           3         727         653         652
           3         653         727         728
           3         728         654         653
           3         654         728         729
           3         729         655         654
           3         655         729         730
           3         730         656         655
           3         656         730         731
           3         731         657         656
           3         657         731         732
           3         732         658         657
           3         658         732         733
           3         733         659         658
           3         659         733         734
           3         734         660         659
           3         660         734         735
           3         735         661         660
           3         661         735         736
           3         736         662         661
           3         662         736         737
           3         737         663         662
           3         663         737         738
           3         738         664         663
           3         664         738         739
           3         739         665         664
           3         665         739         740
           3         740         666         665
           3         666         740         741
           3         741         667         666
           3         667         741         742
           3         667         742         743
           3         743         668         667
           3         668         743         744
           3         744         669         668
           3         669         744         745
           3         745         670         669
           3         670         745         746
           3         746         671         670
           3         671         746         747
           3         747         672         671
           3         672         747         748
           3         748         673         672
           3         673         748         749
           3         749         674         673
           3         674         749         750
           3         750         675         674
           3         675         750         751
           3         751         676         675
           3         676         751         752
           3         752         677         676
           3         677         752         753
           3         753         678         677
           3         678         753         754
           3         754         679         678
           3         679         754         755
           3         755         680         679
           3         680         755         756
           3         756         681         680
           3         681         756         757
           3         757         682         681
           3         682         757         758
           3         758         683         682
           3         683         758         759
           3         759         684         683
           3         684         759         760
           3         760         613         684
           3         613         760         685
           3         685         761         762
           3         762         686         685
           3         686         762         763
           3         763         687         686
           3         687         763         764
           3         764         688         687
           3         688         764         765
           3         765         689         688
           3         689         765         766
           3         766         690         689
           3         690         766         767
           3         767         691         690
           3         691         767         768
           3         768         692         691
           3         692         768         769
           3         769         693         692
           3         693         769         770
           3         770         694         693
           3         694         770         771
           3         771         695         694
           3         695         771         772
           3         772         696         695
           3         696         772         773
           3         773         697         696
           3         697         773         774
           3         774         698         697
           3         698         774         775
           3         775         699         698
           3         699         775         776
           3         776         700         699
           3         700         776         777
           3         777         701         700
           3         701         777         778
           3         778         702         701
           3         702         778         779
           3         779         703         702
           3         703         779         780
           3         780         704         703
           3         704         780         781
           3         704         781         782
           3         782         705         704
           3         705         782         783
           3         783         706         705
           3         706         783         784
           3         784         707         706
           3         707         784         785
           3         785         708         707
           3         708         785         786
           3         786         709         708
           3         709         786         787
           3         787         710         709
           3         710         787         788
           3         788         711         710
           3         711         788         789
           3         789         712         711
           3         712         789         790
           3         790         713         712
           3         713         790         791
           3         791         714         713
           3         714         791         792
           3         792         715         714
           3         715         792         793
           3         793         716         715
           3         716         793         794
           3         794         717         716
           3         717         794         795
           3         795         718         717
           3         718         795         796
           3         796         719         718
           3         719         796         797
           3         797         720         719
           3         720         797         798
           3         798         721         720
           3         721         798         799
           3         799         722         721
           3         722         799         800
           3         800         723         722
           3         723         800         801
           3         723         801         802
           3         802         724         723
           3         724         802         803
           3         803         725         724
           3         725         803         804
           3         804         726         725
           3         726         804         805
           3         805         727         726
           3         727         805         806
           3         806         728         727
           3         728         806         807
           3         807         729         728
           3         729         807         808
           3         808         730         729
           3         730         808         809
           3         809         731         730
           3         731         809         810
           3         810         732         731
           3         732         810         811
           3         811         733         732
           3         733         811         812
           3         812         734         733
           3         734         812         813
           3         813         735         734
           3         735         813         814
           3         814         736         735
           3         736         814         815
           3         815         737         736
           3         737         815         816
           3         816         738         737
           3         738         816         817
           3         817         739         738
           3         739         817         818
           3         818         740         739
           3         740         818         819
           3         819         741         740
           3         741         819         820
           3         820         742         741
           3         742         820         821
           3         742         821         822
           3         822         743         742
           3         743         822         823
           3         823         744         743
           3         744         823         824
           3         824         745         744
           3         745         824         825
           3         825         746         745
           3         746         825         826
           3         826         747         746
           3         747         826         827
           3         827         748         747
           3         748         827         828
           3         828         749         748
           3         749         828         829
           3         829         750         749
           3         750         829         830
           3         830         751         750
           3         751         830         831
           3         831         752         751
           3         752         831         832
           3         832         753         752
           3         753         832         833
           3         833         754         753
           3         754         833         834
           3         834         755         754
           3         755         834         835
           3         835         756         755
           3         756         835         836
           3         836         757         756
           3         757         836         837
           3         837         758         757
           3         758         837         838
           3         838         759         758
           3         759         838         839
           3         839         760         759
           3         760         839         840
           3         840         685         760
           3         685         840         761
           3         761         841         842
           3         842         762         761
           3         762         842         843
           3         843         763         762
           3         763         843         844
           3         844         764         763
           3         764         844         845
           3         845         765         764
           3         765         845         846
           3         846         766         765
           3         766         846         847
           3         847         767         766
           3         767         847         848
           3         848         768         767
           3         768         848         849
           3         849         769         768
           3         769         849         850
           3         850         770         769
           3         770         850         851
           3         851         771         770
           3         771         851         852
           3         852         772         771
           3         772         852         853
           3         853         773         772
           3         773         853         854
           3         854         774         773
           3         774         854         855
           3         855         775         774
           3         775         855         856
           3         856         776         775
           3         776         856         857
           3         857         777         776
           3         777         857         858
           3         858         778         777
           3         778         858         859
           3         859         779         778
           3         779         859         860
           3         860         780         779
           3         780         860         861
           3         861         781         780
           3         781         861         862
           3         781         862         863
           3         863         782         781
           3         782         863         864
           3         864         783         782
           3         783         864         865
           3         865         784         783
           3         784         865         866
           3         866         785         784
           3         785         866         867
           3         867         786         785
           3         786         867         868
           3         868         787         786
           3         787         868         869
           3         869         788         787
           3         788         869         870
           3         870         789         788
           3         789         870         871
           3         871         790         789
           3         790         871         872
           3         872         791         790
           3         791         872         873
           3         873         792         791
           3         792         873         874
           3         874         793         792
           3         793         874         875
           3         875         794         793
           3         794         875         876
           3         876         795         794
           3         795         876         877
           3         877         796         795
           3         796         877         878
           3         878         797         796
           3         797         878         879
           3         879         798         797
           3         798         879         880
           3         880         799         798
           3         799         880         881
           3         881         800         799
           3         800         881         882
           3         882         801         800
           3         801         882         883
           3         801         883         884
           3         884         802         801
           3         802         884         885
           3         885         803         802
           3         803         885         886
           3         886         804         803
           3         804         886         887
           3         887         805         804
           3         805         887         888
           3         888         806         805
           3         806         888         889
           3         889         807         806
           3         807         889         890
           3         890         808         807
           3         808         890         891
           3         891         809         808
           3         809         891         892
           3         892         810         809
           3         810         892         893
           3         893         811         810
           3         811         893         894
           3         894         812         811
           3         812         894         895
           3         895         813         812
           3         813         895         896
           3         896         814         813
           3         814         896         897
           3         897         815         814
           3         815         897         898
           3         898         816         815
           3         816         898         899
           3         899         817         816
           3         817         899         900
           3         900         818         817
           3         818         900         901
           3         901         819         818
           3         819         901         902
           3         902         820         819
           3         820         902         903
           3         903         821         820
           3         821         903         904
           3         821         904         905
           3         905         822         821
           3         822         905         906
           3         906         823         822
           3         823         906         907
           3         907         824         823
           3         824         907         908
           3         908         825         824
           3         825         908         909
           3         909         826         825
           3         826         909         910
           3         910         827         826
           3         827         910         911
           3         911         828         827
           3         828         911         912
           3         912         829         828
           3         829         912         913
           3         913         830         829
           3         830         913         914
           3         914         831         830
           3         831         914         915
           3         915         832         831
           3         832         915         916
           3         916         833         832
           3         833         916         917
           3         917         834         833
           3         834         917         918
           3         918         835         834
           3         835         918         919
           3         919         836         835
           3         836         919         920
           3         920         837         836
           3         837         920         921
           3         921         838         837
           3         838         921         922
           3         922         839         838
           3         839         922         923
           3         923         840         839
           3         840         923         924
           3         924         761         840
           3         761         924         841
           3         841         925         926
           3         926         842         841
           3         842         926         927
           3         927         843         842
           3         843         927         928
           3         928         844         843
           3         844         928         929
           3         929         845         844
           3         845         929         930
           3         930         846         845
           3         846         930         931
           3         931         847         846
           3         847         931         932
           3         932         848         847
           3         848         932         933
           3         933         849         848
           3         849         933         934
           3         934         850         849
           3         850         934         935
           3         935         851         850
           3         851         935         936
           3         936         852         851
           3         852         936         937
           3         937         853         852
           3         853         937         938
           3         938         854         853
           3         854         938         939
           3         939         855         854
           3         855         939         940
           3         940         856         855
           3         856         940         941
           3         941         857         856
           3         857         941         942
           3         942         858         857
           3         858         942         943
           3         943         859         858
           3         859         943         944
           3         944         860         859
           3         860         944         945
           3         945         861         860
           3         861         945         946
           3         946         862         861
           3         862         946         947
           3         862         947         948
           3         948         863         862
           3         863         948         949
           3         949         864         863
           3         864         949         950
           3         950         865         864
           3         865         950         951
           3         951         866         865
           3         866         951         952
           3         952         867         866
           3         867         952         953
           3         953         868         867
           3         868         953         954
           3         954         869         868
           3         869         954         955
           3         955         870         869
           3         870         955         956
           3         956         871         870
           3         871         956         957
           3         957         872         871
           3         872         957         958
           3         958         873         872
           3         873         958         959
           3         959         874         873
           3         874         959         960
           3         960         875         874
           3         875         960         961
           3         961         876         875
           3         876         961         962
           3         962         877         876
           3         877         962         963
           3         963         878         877
           3         878         963         964
           3         964         879         878
           3         879         964         965
           3         965         880         879
           3         880         965         966
           3         966         881         880
           3         881         966         967
           3         967         882         881
           3         882         967         968
           3         968         883         882
           3         883         968         969
           3         883         969         970
           3         970         884         883
           3         884         970         971
           3         971         885         884
           3         885         971         972
           3         972         886         885
           3         886         972         973
           3         973         887         886
           3         887         973         974
           3         974         888         887
           3         888         974         975
           3         975         889         888
           3         889         975         976
           3         976         890         889
           3         890         976         977
           3         977         891         890
           3         891         977         978
           3         978         892         891
           3         892         978         979
           3         979         893         892
           3         893         979         980
           3         980         894         893
           3         894         980         981
           3         981         895         894
           3         895         981         982
           3         982         896         895
           3         896         982         983
           3         983         897         896
           3         897         983         984
           3         984         898         897
           3         898         984         985
           3         985         899         898
           3         899         985         986
           3         986         900         899
           3         900         986         987
           3         987         901         900
           3         901         987         988
           3         988         902         901
           3         902         988         989
           3         989         903         902
           3         903         989         990
           3         990         904         903
           3         904         990         991
           3         904         991         992
           3         992         905         904
           3         905         992         993
           3         993         906         905
           3         906         993         994
           3         994         907         906
           3         907         994         995
           3         995         908         907
           3         908         995         996
           3         996         909         908
           3         909         996         997
           3         997         910         909
           3         910         997         998
           3         998         911         910
           3         911         998         999
           3         999         912         911
           3         912         999        1000
           3        1000         913         912
           3         913        1000        1001
           3        1001         914         913
           3         914        1001        1002
           3        1002         915         914
           3         915        1002        1003
           3        1003         916         915
           3         916        1003        1004
           3        1004         917         916
           3         917        1004        1005
           3        1005         918         917
           3         918        1005        1006
           3        1006         919         918
           3         919        1006        1007
           3        1007         920         919
           3         920        1007        1008
           3        1008         921         920
           3         921        1008        1009
           3        1009         922         921
           3         922        1009        1010
           3        1010         923         922
           3         923        1010        1011
           3        1011         924         923
           3         924        1011        1012
           3        1012         841         924
           3         841        1012         925
           3         925        1013        1014
           3        1014         926         925
           3         926        1014        1015
           3        1015         927         926
           3         927        1015        1016
           3        1016         928         927
           3         928        1016        1017
           3        1017         929         928
           3         929        1017        1018
           3        1018         930         929
           3         930        1018        1019
           3        1019         931         930
           3         931        1019        1020
           3        1020         932         931
           3         932        1020        1021
           3        1021         933         932
           3         933        1021        1022
           3        1022         934         933
           3         934        1022        1023
           3        1023         935         934
           3         935        1023        1024
           3        1024         936         935
           3         936        1024        1025
           3        1025         937         936
           3         937        1025        1026
           3        1026         938         937
           3         938        1026        1027
           3        1027         939         938
           3         939        1027        1028
           3        1028         940         939
           3         940        1028        1029
           3        1029         941         940
           3         941        1029        1030
           3        1030         942         941
           3         942        1030        1031
           3        1031         943         942
           3         943        1031        1032
           3        1032         944         943
           3         944        1032        1033
           3        1033         945         944
           3         945        1033        1034
           3        1034         946         945
           3         946        1034        1035
           3        1035         947         946
           3         947        1035        1036
           3         947        1036        1037
           3        1037         948         947
           3         948        1037        1038
           3        1038         949         948
           3         949        1038        1039
           3        1039         950         949
           3         950        1039        1040
           3        1040         951         950
           3         951        1040        1041
           3        1041         952         951
           3         952        1041        1042
           3        1042         953         952
           3         953        1042        1043
           3        1043         954         953
           3         954        1043        1044
           3        1044         955         954
           3         955        1044        1045
           3        1045         956         955
           3         956        1045        1046
           3        1046         957         956
           3         957        1046        1047
           3        1047         958         957
           3         958        1047        1048
           3        1048         959         958
           3         959        1048        1049
           3        1049         960         959
           3         960        1049        1050
           3        1050         961         960
           3         961        1050        1051
           3        1051         962         961
           3         962        1051        1052
           3        1052         963         962
           3         963        1052        1053
           3        1053         964         963
           3         964        1053        1054
           3        1054         965         964
           3         965        1054        1055
           3        1055         966         965
           3         966        1055        1056
           3        1056         967         966
           3         967        1056        1057
           3        1057         968         967
           3         968        1057        1058
           3        1058         969         968
           3         969        1058        1059
           3         969        1059        1060
           3        1060         970         969
           3         970        1060        1061
           3        1061         971         970
           3         971        1061        1062
           3        1062         972         971
           3         972        1062        1063
           3        1063         973         972
           3         973        1063        1064
           3        1064         974         973
           3         974        1064        1065
           3        1065         975         974
           3         975        1065        1066
           3        1066         976         975
           3         976        1066        1067
           3        1067         977         976
           3         977        1067        1068
           3        1068         978         977
           3         978        1068        1069
           3        1069         979         978
           3         979        1069        1070
           3        1070         980         979
           3         980        1070        1071
           3        1071         981         980
           3         981        1071        1072
           3        1072         982         981
           3         982        1072        1073
           3        1073         983         982
           3         983        1073        1074
           3        1074         984         983
           3         984        1074        1075
           3        1075         985         984
           3         985        1075        1076
           3        1076         986         985
           3         986        1076        1077
           3        1077         987         986
           3         987        1077        1078
           3        1078         988         987
           3         988        1078        1079
           3        1079         989         988
           3         989        1079        1080
           3        1080         990         989
           3         990        1080        1081
           3        1081         991         990
           3         991        1081        1082
           3         991        1082        1083
           3        1083         992         991
           3         992        1083        1084
           3        1084         993         992
           3         993        1084        1085
           3        1085         994         993
           3         994        1085        1086
           3        1086         995         994
           3         995        1086        1087
           3        1087         996         995
           3         996        1087        1088
           3        1088         997         996
           3         997        1088        1089
           3        1089         998         997
           3         998        1089        1090
           3        1090         999         998
           3         999        1090        1091
           3        1091        1000         999
           3        1000        1091        1092
           3        1092        1001        1000
           3        1001        1092        1093
           3        1093        1002        1001
           3        1002        1093        1094
           3        1094        1003        1002
           3        1003        1094        1095
           3        1095        1004        1003
           3        1004        1095        1096
           3        1096        1005        1004
           3        1005        1096        1097
           3        1097        1006        1005
           3        1006        1097        1098
           3        1098        1007        1006
           3        1007        1098        1099
           3        1099        1008        1007
           3        1008        1099        1100
           3        1100        1009        1008
           3        1009        1100        1101
           3        1101        1010        1009
           3        1010        1101        1102
           3        1102        1011        1010
           3        1011        1102        1103
           3        1103        1012        1011
           3        1012        1103        1104
           3        1104         925        1012
           3         925        1104        1013
           3        1013        1105        1106
           3        1106        1014        1013
           3        1014        1106        1107
           3        1107        1015        1014
           3        1015        1107        1108
           3        1108        1016        1015
           3        1016        1108        1109
           3        1109        1017        1016
           3        1017        1109        1110
           3        1110        1018        1017
           3        1018        1110        1111
           3        1111        1019        1018
           3        1019        1111        1112
           3        1112        1020        1019
           3        1020        1112        1113
           3        1113        1021        1020
           3        1021        1113        1114
           3        1114        1022        1021
           3        1022        1114        1115
           3        1115        1023        1022
           3        1023        1115        1116
           3        1116        1024        1023
           3        1024        1116        1117
           3        1117        1025        1024
           3        1025        1117        1118
           3        1118        1026        1025
           3        1026        1118        1119
           3        1119        1027        1026
           3        1027        1119        1120
           3        1120        1028        1027
           3        1028        1120        1121
           3        1121        1029        1028
           3        1029        1121        1122
           3        1122        1030        1029
           3        1030        1122        1123
           3        1123        1031        1030
           3        1031        1123        1124
           3        1124        1032        1031
           3        1032        1124        1125
           3        1125        1033        1032
           3        1033        1125        1126
           3        1126        1034        1033
           3        1034        1126        1127
           3        1127        1035        1034
           3        1035        1127        1128
           3        1128        1036        1035
           3        1036        1128        1129
           3        1036        1129        1130
           3        1130        1037        1036
           3        1037        1130        1131
           3        1131        1038        1037
           3        1038        1131        1132
           3        1132        1039        1038
           3        1039        1132        1133
           3        1133        1040        1039
           3        1040        1133        1134
           3        1134        1041        1040
           3        1041        1134        1135
           3        1135        1042        1041
           3        1042        1135        1136
           3        1136        1043        1042
           3        1043        1136        1137
           3        1137        1044        1043
           3        1044        1137        1138
           3        1138        1045        1044
           3        1045        1138        1139
           3        1139        1046        1045
           3        1046        1139        1140
           3        1140        1047        1046
           3        1047        1140        1141
           3        1141        1048        1047
           3        1048        1141        1142
           3        1142        1049        1048
           3        1049        1142        1143
           3        1143        1050        1049
           3        1050        1143        1144
           3        1144        1051        1050
           3        1051        1144        1145
           3        1145        1052        1051
           3        1052        1145        1146
           3        1146        1053        1052
           3        1053        1146        1147
           3        1147        1054        1053
           3        1054        1147        1148
           3        1148        1055        1054
           3        1055        1148        1149
           3        1149        1056        1055
           3        1056        1149        1150
           3        1150        1057        1056
           3        1057        1150        1151
           3        1151        1058        1057
           3        1058        1151        1152
           3        1152        1059        1058
           3        1059        1152        1153
           3        1059        1153        1154
           3        1154        1060        1059
           3        1060        1154        1155
           3        1155        1061        1060
           3        1061        1155        1156
           3        1156        1062        1061
           3        1062        1156        1157
           3        1157        1063        1062
           3        1063        1157        1158
           3        1158        1064        1063
           3        1064        1158        1159
           3        1159        1065        1064
           3        1065        1159        1160
           3        1160        1066        1065
           3        1066        1160        1161
           3        1161        1067        1066
           3        1067        1161        1162
           3        1162        1068        1067
           3        1068        1162        1163
           3        1163        1069        1068
           3        1069        1163        1164
           3        1164        1070        1069
           3        1070        1164        1165
           3        1165        1071        1070
           3        1071        1165        1166
           3        1166        1072        1071
           3        1072        1166        1167
           3        1167        1073        1072
           3        1073        1167        1168
           3        1168        1074        1073
           3        1074        1168        1169
           3        1169        1075        1074
           3        1075        1169        1170
           3        1170        1076        1075
           3        1076        1170        1171
           3        1171        1077        1076
           3        1077        1171        1172
           3        1172        1078        1077
           3        1078        1172        1173
           3        1173        1079        1078
           3        1079        1173        1174
           3        1174        1080        1079
           3        1080        1174        1175
           3        1175        1081        1080
           3        1081        1175        1176
           3        1176        1082        1081
           3        1082        1176        1177
           3        1082        1177        1178
           3        1178        1083        1082
           3        1083        1178        1179
           3        1179        1084        1083
           3        1084        1179        1180
           3        1180        1085        1084
           3        1085        1180        1181
           3        1181        1086        1085
           3        1086        1181        1182
           3        1182        1087        1086
           3        1087        1182        1183
           3        1183        1088        1087
           3        1088        1183        1184
           3        1184        1089        1088
           3        1089        1184        1185
           3        1185        1090        1089
           3        1090        1185        1186
           3        1186        1091        1090
           3        1091        1186        1187
           3        1187        1092        1091
           3        1092        1187        1188
           3        1188        1093        1092
           3        1093        1188        1189
           3        1189        1094        1093
           3        1094        1189        1190
           3        1190        1095        1094
           3        1095        1190        1191
           3        1191        1096        1095
           3        1096        1191        1192
           3        1192        1097        1096
           3        1097        1192        1193
           3        1193        1098        1097
           3        1098        1193        1194
           3        1194        1099        1098
           3        1099        1194        1195
           3        1195        1100        1099
           3        1100        1195        1196
           3        1196        1101        1100
           3        1101        1196        1197
           3        1197        1102        1101
           3        1102        1197        1198
           3        1198        1103        1102
           3        1103        1198        1199
           3        1199        1104        1103
           3        1104        1199        1200
           3        1200        1013        1104
           3        1013        1200        1105
           3        1105        1201        1202
           3        1202        1106        1105
           3        1106        1202        1203
           3        1203        1107        1106
           3        1107        1203        1204
           3        1204        1108        1107
           3        1108        1204        1205
           3        1205        1109        1108
           3        1109        1205        1206
           3        1206        1110        1109
           3        1110        1206        1207
           3        1207        1111        1110
           3        1111        1207        1208
           3        1208        1112        1111
           3        1112        1208        1209
           3        1209        1113        1112
           3        1113        1209        1210
           3        1210        1114        1113
           3        1114        1210        1211
           3        1211        1115        1114
           3        1115        1211        1212
           3        1212        1116        1115
           3        1116        1212        1213
           3        1213        1117        1116
           3        1117        1213        1214
           3        1214        1118        1117
           3        1118        1214        1215
           3        1215        1119        1118
           3        1119        1215        1216
           3        1216        1120        1119
           3        1120        1216        1217
           3        1217        1121        1120
           3        1121        1217        1218
           3        1218        1122        1121
           3        1122        1218        1219
           3        1219        1123        1122
           3        1123        1219        1220
           3        1220        1124        1123
           3        1124        1220        1221
           3        1221        1125        1124
           3        1125        1221        1222
           3        1222        1126        1125
           3        1126        1222        1223
           3        1223        1127        1126
           3        1127        1223        1224
           3        1224        1128        1127
           3        1128        1224        1225
           3        1225        1129        1128
           3        1129        1225        1226
           3        1129        1226        1227
           3        1227        1130        1129
           3        1130        1227        1228
           3        1228        1131        1130
           3        1131        1228        1229
           3        1229        1132        1131
           3        1132        1229        1230
           3        1230        1133        1132
           3        1133        1230        1231
           3        1231        1134        1133
           3        1134        1231        1232
           3        1232        1135        1134
           3        1135        1232        1233
           3        1233        1136        1135
           3        1136        1233        1234
           3        1234        1137        1136
           3        1137        1234        1235
           3        1235        1138        1137
           3        1138        1235        1236
           3        1236        1139        1138
           3        1139        1236        1237
           3        1237        1140        1139
           3        1140        1237        1238
           3        1238        1141        1140
           3        1141        1238        1239
           3        1239        1142        1141
           3        1142        1239        1240
           3        1240        1143        1142
           3        1143        1240        1241
           3        1241        1144        1143
           3        1144        1241        1242
           3        1242        1145        1144
           3        1145        1242        1243
           3        1243        1146        1145
           3        1146        1243        1244
           3        1244        1147        1146
           3        1147        1244        1245
           3        1245        1148        1147
           3        1148        1245        1246
           3        1246        1149        1148
           3        1149        1246        1247
           3        1247        1150        1149
           3        1150        1247        1248
           3        1248        1151        1150
           3        1151        1248        1249
           3        1249        1152        1151
           3        1152        1249        1250
           3        1250        1153        1152
           3        1153        1250        1251
           3        1153        1251        1252
           3        1252        1154        1153
           3        1154        1252        1253
           3        1253        1155        1154
           3        1155        1253        1254
           3        1254        1156        1155
           3        1156        1254        1255
           3        1255        1157        1156
           3        1157        1255        1256
           3        1256        1158        1157
           3        1158        1256        1257
           3        1257        1159        1158
           3        1159        1257        1258
           3        1258        1160        1159
           3        1160        1258        1259
           3        1259        1161        1160
           3        1161        1259        1260
           3        1260        1162        1161
           3        1162        1260        1261
           3        1261        1163        1162
           3        1163        1261        1262
           3        1262        1164        1163
           3        1164        1262        1263
           3        1263        1165        1164
           3        1165        1263        1264
           3        1264        1166        1165
           3        1166        1264        1265
           3        1265        1167        1166
           3        1167        1265        1266
           3        1266        1168        1167
           3        1168        1266        1267
           3        1267        1169        1168
           3        1169        1267        1268
           3        1268        1170        1169
           3        1170        1268        1269
           3        1269        1171        1170
           3        1171        1269        1270
           3        1270        1172        1171
           3        1172        1270        1271
           3        1271        1173        1172
           3        1173        1271        1272
           3        1272        1174        1173
           3        1174        1272        1273
           3        1273        1175        1174
           3        1175        1273        1274
           3        1274        1176        1175
           3        1176        1274        1275
           3        1275        1177        1176
           3        1177        1275        1276
           3        1177        1276        1277
           3        1277        1178        1177
           3        1178        1277        1278
           3        1278        1179        1178
           3        1179        1278        1279
           3        1279        1180        1179
           3        1180        1279        1280
           3        1280        1181        1180
           3        1181        1280        1281
           3        1281        1182        1181
           3        1182        1281        1282
           3        1282        1183        1182
           3        1183        1282        1283
           3        1283        1184        1183
           3        1184        1283        1284
           3        1284        1185        1184
           3        1185        1284        1285
           3        1285        1186        1185
           3        1186        1285        1286
           3        1286        1187        1186
           3        1187        1286        1287
           3        1287        1188        1187
           3        1188        1287        1288
           3        1288        1189        1188
           3        1189        1288        1289
           3        1289        1190        1189
           3        1190        1289        1290
           3        1290        1191        1190
           3        1191        1290        1291
           3        1291        1192        1191
           3        1192        1291        1292
           3        1292        1193        1192
           3        1193        1292        1293
           3        1293        1194        1193
           3        1194        1293        1294
           3        1294        1195        1194
           3        1195        1294        1295
           3        1295        1196        1195
           3        1196        1295        1296
           3        1296        1197        1196
           3        1197        1296        1297
           3        1297        1198        1197
           3        1198        1297        1298
           3        1298        1199        1198
           3        1199        1298        1299
           3        1299        1200        1199
           3        1200        1299        1300
           3        1300        1105        1200
           3        1105        1300        1201
           3        1201        1301        1302
           3        1302        1202        1201
           3        1202        1302        1303
           3        1303        1203        1202
           3        1203        1303        1304
           3        1304        1204        1203
           3        1204        1304        1305
           3        1305        1205        1204
           3        1205        1305        1306
           3        1306        1206        1205
           3        1206        1306        1307
           3        1307        1207        1206
           3        1207        1307        1308
           3        1308        1208        1207
           3        1208        1308        1309
           3        1309        1209        1208
           3        1209        1309        1310
           3        1310        1210        1209
           3        1210        1310        1311
           3        1311        1211        1210
           3        1211        1311        1312
           3        1312        1212        1211
           3        1212        1312        1313
           3        1313        1213        1212
           3        1213        1313        1314
           3        1314        1214        1213
           3        1214        1314        1315
           3        1315        1215        1214
           3        1215        1315        1316
           3        1316        1216        1215
           3        1216        1316        1317
           3        1317        1217        1216
           3        1217        1317        1318
           3        1318        1218        1217
           3        1218        1318        1319
           3        1319        1219        1218
           3        1219        1319        1320
           3        1320        1220        1219
           3        1220        1320        1321
           3        1321        1221        1220
           3        1221        1321        1322
           3        1322        1222        1221
           3        1222        1322        1323
           3        1323        1223        1222
           3        1223        1323        1324
           3        1324        1224        1223
           3        1224        1324        1325
           3        1325        1225        1224
           3        1225        1325        1326
           3        1326        1226        1225
           3        1226        1326        1327
           3        1226        1327        1328
           3        1328        1227        1226
           3        1227        1328        1329
           3        1329        1228        1227
           3        1228        1329        1330
           3        1330        1229        1228
           3        1229        1330        1331
           3        1331        1230        1229
           3        1230        1331        1332
           3        1332        1231        1230
           3        1231        1332        1333
           3        1333        1232        1231
           3        1232        1333        1334
           3        1334        1233        1232
           3        1233        1334        1335
           3        1335        1234        1233
           3        1234        1335        1336
           3        1336        1235        1234
           3        1235        1336        1337
           3        1337        1236        1235
           3        1236        1337        1338
           3        1338        1237        1236
           3        1237        1338        1339
           3        1339        1238        1237
           3        1238        1339        1340
           3        1340        1239        1238
           3        1239        1340        1341
           3        1341        1240        1239
           3        1240        1341        1342
           3        1342        1241        1240
           3        1241        1342        1343
           3        1343        1242        1241
           3        1242        1343        1344
           3        1344        1243        1242
           3        1243        1344        1345
           3        1345        1244        1243
           3        1244        1345        1346
           3        1346        1245        1244
           3        1245        1346        1347
           3        1347        1246        1245
           3        1246        1347        1348
           3        1348        1247        1246
           3        1247        1348        1349
           3        1349        1248        1247
           3        1248        1349        1350
           3        1350        1249        1248
           3        1249        1350        1351
           3        1351        1250        1249
           3        1250        1351        1352
           3        1352        1251        1250
           3        1251        1352        1353
           3        1251        1353        1354
           3        1354        1252        1251
           3        1252        1354        1355
           3        1355        1253        1252
           3        1253        1355        1356
           3        1356        1254        1253
           3        1254        1356        1357
           3        1357        1255        1254
           3        1255        1357        1358
           3        1358        1256        1255
           3        1256        1358        1359
           3        1359        1257        1256
           3        1257        1359        1360
           3        1360        1258        1257
           3        1258        1360        1361
           3        1361        1259        1258
           3        1259        1361        1362
           3        1362        1260        1259
           3        1260        1362        1363
           3        1363        1261        1260
           3        1261        1363        1364
           3        1364        1262        1261
           3        1262        1364        1365
           3        1365        1263        1262
           3        1263        1365        1366
           3        1366        1264        1263
           3        1264        1366        1367
           3        1367        1265        1264
           3        1265        1367        1368
           3        1368        1266        1265
           3        1266        1368        1369
           3        1369        1267        1266
           3        1267        1369        1370
           3        1370        1268        1267
           3        1268        1370        1371
           3        1371        1269        1268
           3        1269        1371        1372
           3        1372        1270        1269
           3        1270        1372        1373
           3        1373        1271        1270
           3        1271        1373        1374
           3        1374        1272        1271
           3        1272        1374        1375
           3        1375        1273        1272
           3        1273        1375        1376
           3        1376        1274        1273
           3        1274        1376        1377
           3        1377        1275        1274
           3        1275        1377        1378
           3        1378        1276        1275
           3        1276        1378        1379
           3        1276        1379        1380
           3        1380        1277        1276
           3        1277        1380        1381
           3        1381        1278        1277
           3        1278        1381        1382
           3        1382        1279        1278
           3        1279        1382        1383
           3        1383        1280        1279
           3        1280        1383        1384
           3        1384        1281        1280
           3        1281        1384        1385
           3        1385        1282        1281
           3        1282        1385        1386
           3        1386        1283        1282
           3        1283        1386        1387
           3        1387        1284        1283
           3        1284        1387        1388
           3        1388        1285        1284
           3        1285        1388        1389
           3        1389        1286        1285
           3        1286        1389        1390
           3        1390        1287        1286
           3        1287        1390        1391
           3        1391        1288        1287
           3        1288        1391        1392
           3        1392        1289        1288
           3        1289        1392        1393
           3        1393        1290        1289
           3        1290        1393        1394
           3        1394        1291        1290
           3        1291        1394        1395
           3        1395        1292        1291
           3        1292        1395        1396
           3        1396        1293        1292
           3        1293        1396        1397
           3        1397        1294        1293
           3        1294        1397        1398
           3        1398        1295        1294
           3        1295        1398        1399
           3        1399        1296        1295
           3        1296        1399        1400
           3        1400        1297        1296
           3        1297        1400        1401
           3        1401        1298        1297
           3        1298        1401        1402
           3        1402        1299        1298
           3        1299        1402        1403
           3        1403        1300        1299
           3        1300        1403        1404
           3        1404        1201        1300
           3        1201        1404        1301
           3        1301        1405        1406
           3        1406        1302        1301
           3        1302        1406        1407
           3        1407        1303        1302
           3        1303        1407        1408
           3        1408        1304        1303
           3        1304        1408        1409
           3        1409        1305        1304
           3        1305        1409        1410
           3        1410        1306        1305
           3        1306        1410        1411
           3        1411        1307        1306
           3        1307        1411        1412
           3        1412        1308        1307
           3        1308        1412        1413
           3        1413        1309        1308
           3        1309        1413        1414
           3        1414        1310        1309
           3        1310        1414        1415
           3        1415        1311        1310
           3        1311        1415        1416
           3        1416        1312        1311
           3        1312        1416        1417
           3        1417        1313        1312
           3        1313        1417        1418
           3        1418        1314        1313
           3        1314        1418        1419
           3        1419        1315        1314
           3        1315        1419        1420
           3        1420        1316        1315
           3        1316        1420        1421
           3        1421        1317        1316
           3        1317        1421        1422
           3        1422        1318        1317
           3        1318        1422        1423
           3        1423        1319        1318
           3        1319        1423        1424
           3        1424        1320        1319
           3        1320        1424        1425
           3        1425        1321        1320
           3        1321        1425        1426
           3        1426        1322        1321
           3        1322        1426        1427
           3        1427        1323        1322
           3        1323        1427        1428
           3        1428        1324        1323
           3        1324        1428        1429
           3        1429        1325        1324
           3        1325        1429        1430
           3        1430        1326        1325
           3        1326        1430        1431
           3        1431        1327        1326
           3        1327        1431        1432
           3        1327        1432        1433
           3        1433        1328        1327
           3        1328        1433        1434
           3        1434        1329        1328
           3        1329        1434        1435
           3        1435        1330        1329
           3        1330        1435        1436
           3        1436        1331        1330
           3        1331        1436        1437
           3        1437        1332        1331
           3        1332        1437        1438
           3        1438        1333        1332
           3        1333        1438        1439
           3        1439        1334        1333
           3        1334        1439        1440
           3        1440        1335        1334
           3        1335        1440        1441
           3        1441        1336        1335
           3        1336        1441        1442
           3        1442        1337        1336
           3        1337        1442        1443
           3        1443        1338        1337
           3        1338        1443        1444
           3        1444        1339        1338
           3        1339        1444        1445
           3        1445        1340        1339
           3        1340        1445        1446
           3        1446        1341        1340
           3        1341        1446        1447
           3        1447        1342        1341
           3        1342        1447        1448
           3        1448        1343        1342
           3        1343        1448        1449
           3        1449        1344        1343
           3        1344        1449        1450
           3        1450        1345        1344
           3        1345        1450        1451
           3        1451        1346        1345
           3        1346        1451        1452
           3        1452        1347        1346
           3        1347        1452        1453
           3        1453        1348        1347
           3        1348        1453        1454
           3        1454        1349        1348
           3        1349        1454        1455
           3        1455        1350        1349
           3        1350        1455        1456
           3        1456        1351        1350
           3        1351        1456        1457
           3        1457        1352        1351
           3        1352        1457        1458
           3        1458        1353        1352
           3        1353        1458        1459
           3        1353        1459        1460
           3        1460        1354        1353
           3        1354        1460        1461
           3        1461        1355        1354
           3        1355        1461        1462
           3        1462        1356        1355
           3        1356        1462        1463
           3        1463        1357        1356
           3        1357        1463        1464
           3        1464        1358        1357
           3        1358        1464        1465
           3        1465        1359        1358
           3        1359        1465        1466
           3        1466        1360        1359
           3        1360        1466        1467
           3        1467        1361        1360
           3        1361        1467        1468
           3        1468        1362        1361
           3        1362        1468        1469
           3        1469        1363        1362
           3        1363        1469        1470
           3        1470        1364        1363
           3        1364        1470        1471
           3        1471        1365        1364
           3        1365        1471        1472
           3        1472        1366        1365
           3        1366        1472        1473
           3        1473        1367        1366
           3        1367        1473        1474
           3        1474        1368        1367
           3        1368        1474        1475
           3        1475        1369        1368
           3        1369        1475        1476
           3        1476        1370        1369
           3        1370        1476        1477
           3        1477        1371        1370
           3        1371        1477        1478
           3        1478        1372        1371
           3        1372        1478        1479
           3        1479        1373        1372
           3        1373        1479        1480
           3        1480        1374        1373
           3        1374        1480        1481
           3        1481        1375        1374
           3        1375        1481        1482
           3        1482        1376        1375
           3        1376        1482        1483
           3        1483        1377        1376
           3        1377        1483        1484
           3        1484        1378        1377
           3        1378        1484        1485
           3        1485        1379        1378
           3        1379        1485        1486
           3        1379        1486        1487
           3        1487        1380        1379
           3        1380        1487        1488
           3        1488        1381        1380
           3        1381        1488        1489
           3        1489        1382        1381
           3        1382        1489        1490
           3        1490        1383        1382
           3        1383        1490        1491
           3        1491        1384        1383
           3        1384        1491        1492
           3        1492        1385        1384
           3        1385        1492        1493
           3        1493        1386        1385
           3        1386        1493        1494
           3        1494        1387        1386
           3        1387        1494        1495
           3        1495        1388        1387
           3        1388        1495        1496
           3        1496        1389        1388
           3        1389        1496        1497
           3        1497        1390        1389
           3        1390        1497        1498
           3        1498        1391        1390
           3        1391        1498        1499
           3        1499        1392        1391
           3        1392        1499        1500
           3        1500        1393        1392
           3        1393        1500        1501
           3        1501        1394        1393
           3        1394        1501        1502
           3        1502        1395        1394
           3        1395        1502        1503
           3        1503        1396        1395
           3        1396        1503        1504
           3        1504        1397        1396
           3        1397        1504        1505
           3        1505        1398        1397
           3        1398        1505        1506
           3        1506        1399        1398
           3        1399        1506        1507
           3        1507        1400        1399
           3        1400        1507        1508
           3        1508        1401        1400
           3        1401        1508        1509
           3        1509        1402        1401
           3        1402        1509        1510
           3        1510        1403        1402
           3        1403        1510        1511
           3        1511        1404        1403
           3        1404        1511        1512
           3        1512        1301        1404
           3        1301        1512        1405
           3        1405        1513        1514
           3        1514        1406        1405
           3        1406        1514        1515
           3        1515        1407        1406
           3        1407        1515        1516
           3        1516        1408        1407
           3        1408        1516        1517
           3        1517        1409        1408
           3        1409        1517        1518
           3        1518        1410        1409
           3        1410        1518        1519
           3        1519        1411        1410
           3        1411        1519        1520
           3        1520        1412        1411
           3        1412        1520        1521
           3        1521        1413        1412
           3        1413        1521        1522
           3        1522        1414        1413
           3        1414        1522        1523
           3        1523        1415        1414
           3        1415        1523        1524
           3        1524        1416        1415
           3        1416        1524        1525
           3        1525        1417        1416
           3        1417        1525        1526
           3        1526        1418        1417
           3        1418        1526        1527
           3        1527        1419        1418
           3        1419        1527        1528
           3        1528        1420        1419
           3        1420        1528        1529
           3        1529        1421        1420
           3        1421        1529        1530
           3        1530        1422        1421
           3        1422        1530        1531
           3        1531        1423        1422
           3        1423        1531        1532
           3        1532        1424        1423
           3        1424        1532        1533
           3        1533        1425        1424
           3        1425        1533        1534
           3        1534        1426        1425
           3        1426        1534        1535
           3        1535        1427        1426
           3        1427        1535        1536
           3        1536        1428        1427
           3        1428        1536        1537
           3        1537        1429        1428
           3        1429        1537        1538
           3        1538        1430        1429
           3        1430        1538        1539
           3        1539        1431        1430
           3        1431        1539        1540
           3        1540        1432        1431
           3        1432        1540        1541
           3        1432        1541        1542
           3        1542        1433        1432
           3        1433        1542        1543
           3        1543        1434        1433
           3        1434        1543        1544
           3        1544        1435        1434
           3        1435        1544        1545
           3        1545        1436        1435
           3        1436        1545        1546
           3        1546        1437        1436
           3        1437        1546        1547
           3        1547        1438        1437
           3        1438        1547        1548
           3        1548        1439        1438
           3        1439        1548        1549
           3        1549        1440        1439
           3        1440        1549        1550
           3        1550        1441        1440
           3        1441        1550        1551
           3        1551        1442        1441
           3        1442        1551        1552
           3        1552        1443        1442
           3        1443        1552        1553
           3        1553        1444        1443
           3        1444        1553        1554
           3        1554        1445        1444
           3        1445        1554        1555
           3        1555        1446        1445
           3        1446        1555        1556
           3        1556        1447        1446
           3        1447        1556        1557
           3        1557        1448        1447
           3        1448        1557        1558
           3        1558        1449        1448
           3        1449        1558        1559
           3        1559        1450        1449
           3        1450        1559        1560
           3        1560        1451        1450
           3        1451        1560        1561
           3        1561        1452        1451
           3        1452        1561        1562
           3        1562        1453        1452
           3        1453        1562        1563
           3        1563        1454        1453
           3        1454        1563        1564
           3        1564        1455        1454
           3        1455        1564        1565
           3        1565        1456        1455
           3        1456        1565        1566
           3        1566        1457        1456
           3        1457        1566        1567
           3        1567        1458        1457
           3        1458        1567        1568
           3        1568        1459        1458
           3        1459        1568        1569
           3        1459        1569        1570
           3        1570        1460        1459
           3        1460        1570        1571
           3        1571        1461        1460
           3        1461        1571        1572
           3        1572        1462        1461
           3        1462        1572        1573
           3        1573        1463        1462
           3        1463        1573        1574
           3        1574        1464        1463
           3        1464        1574        1575
           3        1575        1465        1464
           3        1465        1575        1576
           3        1576        1466        1465
           3        1466        1576        1577
           3        1577        1467        1466
           3        1467        1577        1578
           3        1578        1468        1467
           3        1468        1578        1579
           3        1579        1469        1468
           3        1469        1579        1580
           3        1580        1470        1469
           3        1470        1580        1581
           3        1581        1471        1470
           3        1471        1581        1582
           3        1582        1472        1471
           3        1472        1582        1583
           3        1583        1473        1472
           3        1473        1583        1584
           3        1584        1474        1473
           3        1474        1584        1585
           3        1585        1475        1474
           3        1475        1585        1586
           3        1586        1476        1475
           3        1476        1586        1587
           3        1587        1477        1476
           3        1477        1587        1588
           3        1588        1478        1477
           3        1478        1588        1589
           3        1589        1479        1478
           3        1479        1589        1590
           3        1590        1480        1479
           3        1480        1590        1591
           3        1591        1481        1480
           3        1481        1591        1592
           3        1592        1482        1481
           3        1482        1592        1593
           3        1593        1483        1482
           3        1483        1593        1594
           3        1594        1484        1483
           3        1484        1594        1595
           3        1595        1485        1484
           3        1485        1595        1596
           3        1596        1486        1485
           3        1486        1596        1597
           3        1486        1597        1598
           3        1598        1487        1486
           3        1487        1598        1599
           3        1599        1488        1487
           3        1488        1599        1600
           3        1600        1489        1488
           3        1489        1600        1601
           3        1601        1490        1489
           3        1490        1601        1602
           3        1602        1491        1490
           3        1491        1602        1603
           3        1603        1492        1491
           3        1492        1603        1604
           3        1604        1493        1492
           3        1493        1604        1605
           3        1605        1494        1493
           3        1494        1605        1606
           3        1606        1495        1494
           3        1495        1606        1607
           3        1607        1496        1495
           3        1496        1607        1608
           3        1608        1497        1496
           3        1497        1608        1609
           3        1609        1498        1497
           3        1498        1609        1610
           3        1610        1499        1498
           3        1499        1610        1611
           3        1611        1500        1499
           3        1500        1611        1612
           3        1612        1501        1500
           3        1501        1612        1613
           3        1613        1502        1501
           3        1502        1613        1614
           3        1614        1503        1502
           3        1503        1614        1615
           3        1615        1504        1503
           3        1504        1615        1616
           3        1616        1505        1504
           3        1505        1616        1617
           3        1617        1506        1505
           3        1506        1617        1618
           3        1618        1507        1506
           3        1507        1618        1619
           3        1619        1508        1507
           3        1508        1619        1620
           3        1620        1509        1508
           3        1509        1620        1621
           3        1621        1510        1509
           3        1510        1621        1622
           3        1622        1511        1510
           3        1511        1622        1623
           3        1623        1512        1511
           3        1512        1623        1624
           3        1624        1405        1512
           3        1405        1624        1513
           3        1513        1625        1626
           3        1626        1514        1513
           3        1514        1626        1627
           3        1627        1515        1514
           3        1515        1627        1628
           3        1628        1516        1515
           3        1516        1628        1629
           3        1629        1517        1516
           3        1517        1629        1630
           3        1630        1518        1517
           3        1518        1630        1631
           3        1631        1519        1518
           3        1519        1631        1632
           3        1632        1520        1519
           3        1520        1632        1633
           3        1633        1521        1520
           3        1521        1633        1634
           3        1634        1522        1521
           3        1522        1634        1635
           3        1635        1523        1522
           3        1523        1635        1636
           3        1636        1524        1523
           3        1524        1636        1637
           3        1637        1525        1524
           3        1525        1637        1638
           3        1638        1526        1525
           3        1526        1638        1639
           3        1639        1527        1526
           3        1527        1639        1640
           3        1640        1528        1527
           3        1528        1640        1641
           3        1641        1529        1528
           3        1529        1641        1642
           3        1642        1530        1529
           3        1530        1642        1643
           3        1643        1531        1530
           3        1531        1643        1644
           3        1644        1532        1531
           3        1532        1644        1645
           3        1645        1533        1532
           3        1533        1645        1646
           3        1646        1534        1533
           3        1534        1646        1647
           3        1647        1535        1534
           3        1535        1647        1648
           3        1648        1536        1535
           3        1536        1648        1649
           3        1649        1537        1536
           3        1537        1649        1650
           3        1650        1538        1537
           3        1538        1650        1651
           3        1651        1539        1538
           3        1539        1651        1652
           3        1652        1540        1539
           3        1540        1652        1653
           3        1653        1541        1540
           3        1541        1653        1654
           3        1541        1654        1655
           3        1655        1542        1541
           3        1542        1655        1656
           3        1656        1543        1542
           3        1543        1656        1657
           3        1657        1544        1543
           3        1544        1657        1658
           3        1658        1545        1544
           3        1545        1658        1659
           3        1659        1546        1545
           3        1546        1659        1660
           3        1660        1547        1546
           3        1547        1660        1661
           3        1661        1548        1547
           3        1548        1661        1662
           3        1662        1549        1548
           3        1549        1662        1663
           3        1663        1550        1549
           3        1550        1663        1664
           3        1664        1551        1550
           3        1551        1664        1665
           3        1665        1552        1551
           3        1552        1665        1666
           3        1666        1553        1552
           3        1553        1666        1667
           3        1667        1554        1553
           3        1554        1667        1668
           3        1668        1555        1554
           3        1555        1668        1669
           3        1669        1556        1555
           3        1556        1669        1670
           3        1670        1557        1556
           3        1557        1670        1671
           3        1671        1558        1557
           3        1558        1671        1672
           3        1672        1559        1558
           3        1559        1672        1673
           3        1673        1560        1559
           3        1560        1673        1674
           3        1674        1561        1560
           3        1561        1674        1675
           3        1675        1562        1561
           3        1562        1675        1676
           3        1676        1563        1562
           3        1563        1676        1677
           3        1677        1564        1563
           3        1564        1677        1678
           3        1678        1565        1564
           3        1565        1678        1679
           3        1679        1566        1565
           3        1566        1679        1680
           3        1680        1567        1566
           3        1567        1680        1681
           3        1681        1568        1567
           3        1568        1681        1682
           3        1682        1569        1568
           3        1569        1682        1683
           3        1569        1683        1684
           3        1684        1570        1569
           3        1570        1684        1685
           3        1685        1571        1570
           3        1571        1685        1686
           3        1686        1572        1571
           3        1572        1686        1687
           3        1687        1573        1572
           3        1573        1687        1688
           3        1688        1574        1573
           3        1574        1688        1689
           3        1689        1575        1574
           3        1575        1689        1690
           3        1690        1576        1575
           3        1576        1690        1691
           3        1691        1577        1576
           3        1577        1691        1692
           3        1692        1578        1577
           3        1578        1692        1693
           3        1693        1579        1578
           3        1579        1693        1694
           3        1694        1580        1579
           3        1580        1694        1695
           3        1695        1581        1580
           3        1581        1695        1696
           3        1696        1582        1581
           3        1582        1696        1697
           3        1697        1583        1582
           3        1583        1697        1698
           3        1698        1584        1583
           3        1584        1698        1699
           3        1699        1585        1584
           3        1585        1699        1700
           3        1700        1586        1585
           3        1586        1700        1701
           3        1701        1587        1586
           3        1587        1701        1702
           3        1702        1588        1587
           3        1588        1702        1703
           3        1703        1589        1588
           3        1589        1703        1704
           3        1704        1590        1589
           3        1590        1704        1705
           3        1705        1591        1590
           3        1591        1705        1706
           3        1706        1592        1591
           3        1592        1706        1707
           3        1707        1593        1592
           3        1593        1707        1708
           3        1708        1594        1593
           3        1594        1708        1709
           3        1709        1595        1594
           3        1595        1709        1710
           3        1710        1596        1595
           3        1596        1710        1711
           3        1711        1597        1596
           3        1597        1711        1712
           3        1597        1712        1713
           3        1713        1598        1597
           3        1598        1713        1714
           3        1714        1599        1598
           3        1599        1714        1715
           3        1715        1600        1599
           3        1600        1715        1716
           3        1716        1601        1600
           3        1601        1716        1717
           3        1717        1602        1601
           3        1602        1717        1718
           3        1718        1603        1602
           3        1603        1718        1719
           3        1719        1604        1603
           3        1604        1719        1720
           3        1720        1605        1604
           3        1605        1720        1721
           3        1721        1606        1605
           3        1606        1721        1722
           3        1722        1607        1606
           3        1607        1722        1723
           3        1723        1608        1607
           3        1608        1723        1724
           3        1724        1609        1608
           3        1609        1724        1725
           3        1725        1610        1609
           3        1610        1725        1726
           3        1726        1611        1610
           3        1611        1726        1727
           3        1727        1612        1611
           3        1612        1727        1728
           3        1728        1613        1612
           3        1613        1728        1729
           3        1729        1614        1613
           3        1614        1729        1730
           3        1730        1615        1614
           3        1615        1730        1731
           3        1731        1616        1615
           3        1616        1731        1732
           3        1732        1617        1616
           3        1617        1732        1733
           3        1733        1618        1617
           3        1618        1733        1734
           3        1734        1619        1618
           3        1619        1734        1735
           3        1735        1620        1619
           3        1620        1735        1736
           3        1736        1621        1620
           3        1621        1736        1737
           3        1737        1622        1621
           3        1622        1737        1738
           3        1738        1623        1622
           3        1623        1738        1739
           3        1739        1624        1623
           3        1624        1739        1740
           3        1740        1513        1624
           3        1513        1740        1625
           3        1625        1741        1742
           3        1742        1626        1625
           3        1626        1742        1743
           3        1743        1627        1626
           3        1627        1743        1744
           3        1744        1628        1627
           3        1628        1744        1745
           3        1745        1629        1628
           3        1629        1745        1746
           3        1746        1630        1629
           3        1630        1746        1747
           3        1747        1631        1630
           3        1631        1747        1748
           3        1748        1632        1631
           3        1632        1748        1749
           3        1749        1633        1632
           3        1633        1749        1750
           3        1750        1634        1633
           3        1634        1750        1751
           3        1751        1635        1634
           3        1635        1751        1752
           3        1752        1636        1635
           3        1636        1752        1753
           3        1753        1637        1636
           3        1637        1753        1754
           3        1754        1638        1637
           3        1638        1754        1755
           3        1755        1639        1638
           3        1639        1755        1756
           3        1756        1640        1639
           3        1640        1756        1757
           3        1757        1641        1640
           3        1641        1757        1758
           3        1758        1642        1641
           3        1642        1758        1759
           3        1759        1643        1642
           3        1643        1759        1760
           3        1760        1644        1643
           3        1644        1760        1761
           3        1761        1645        1644
           3        1645        1761        1762
           3        1762        1646        1645
           3        1646        1762        1763
           3        1763        1647        1646
           3        1647        1763        1764
           3        1764        1648        1647
           3        1648        1764        1765
           3        1765        1649        1648
           3        1649        1765        1766
           3        1766        1650        1649
           3        1650        1766        1767
           3        1767        1651        1650
           3        1651        1767        1768
           3        1768        1652        1651
           3        1652        1768        1769
           3        1769        1653        1652
           3        1653        1769        1770
           3        1770        1654        1653
           3        1654        1770        1771
           3        1654        1771        1772
           3        1772        1655        1654
           3        1655        1772        1773
           3        1773        1656        1655
           3        1656        1773        1774
           3        1774        1657        1656
           3        1657        1774        1775
           3        1775        1658        1657
           3        1658        1775        1776
           3        1776        1659        1658
           3        1659        1776        1777
           3        1777        1660        1659
           3        1660        1777        1778
           3        1778        1661        1660
           3        1661        1778        1779
           3        1779        1662        1661
           3        1662        1779        1780
           3        1780        1663        1662
           3        1663        1780        1781
           3        1781        1664        1663
           3        1664        1781        1782
           3        1782        1665        1664
           3        1665        1782        1783
           3        1783        1666        1665
           3        1666        1783        1784
           3        1784        1667        1666
           3        1667        1784        1785
           3        1785        1668        1667
           3        1668        1785        1786
           3        1786        1669        1668
           3        1669        1786        1787
           3        1787        1670        1669
           3        1670        1787        1788
           3        1788        1671        1670
           3        1671        1788        1789
           3        1789        1672        1671
           3        1672        1789        1790
           3        1790        1673        1672
           3        1673        1790        1791
           3        1791        1674        1673
           3        1674        1791        1792
           3        1792        1675        1674
           3        1675        1792        1793
           3        1793        1676        1675
           3        1676        1793        1794
           3        1794        1677        1676
           3        1677        1794        1795
           3        1795        1678        1677
           3        1678        1795        1796
           3        1796        1679        1678
           3        1679        1796        1797
           3        1797        1680        1679
           3        1680        1797        1798
           3        1798        1681        1680
           3        1681        1798        1799
           3        1799        1682        1681
           3        1682        1799        1800
           3        1800        1683        1682
           3        1683        1800        1801
           3        1683        1801        1802
           3        1802        1684        1683
           3        1684        1802        1803
           3        1803        1685        1684
           3        1685        1803        1804
           3        1804        1686        1685
           3        1686        1804        1805
           3        1805        1687        1686
           3        1687        1805        1806
           3        1806        1688        1687
           3        1688        1806        1807
           3        1807        1689        1688
           3        1689        1807        1808
           3        1808        1690        1689
           3        1690        1808        1809
           3        1809        1691        1690
           3        1691        1809        1810
           3        1810        1692        1691
           3        1692        1810        1811
           3        1811        1693        1692
           3        1693        1811        1812
           3        1812        1694        1693
           3        1694        1812        1813
           3        1813        1695        1694
           3        1695        1813        1814
           3        1814        1696        1695
           3        1696        1814        1815
           3        1815        1697        1696
           3        1697        1815        1816
           3        1816        1698        1697
           3        1698        1816        1817
           3        1817        1699        1698
           3        1699        1817        1818
           3        1818        1700        1699
           3        1700        1818        1819
           3        1819        1701        1700
           3        1701        1819        1820
           3        1820        1702        1701
           3        1702        1820        1821
           3        1821        1703        1702
           3        1703        1821        1822
           3        1822        1704        1703
           3        1704        1822        1823
           3        1823        1705        1704
           3        1705        1823        1824
           3        1824        1706        1705
           3        1706        1824        1825
           3        1825        1707        1706
           3        1707        1825        1826
           3        1826        1708        1707
           3        1708        1826        1827
           3        1827        1709        1708
           3        1709        1827        1828
           3        1828        1710        1709
           3        1710        1828        1829
           3        1829        1711        1710
           3        1711        1829        1830
           3        1830        1712        1711
           3        1712        1830        1831
           3        1712        1831        1832
           3        1832        1713        1712
           3        1713        1832        1833
           3        1833        1714        1713
           3        1714        1833        1834
           3        1834        1715        1714
           3        1715        1834        1835
           3        1835        1716        1715
           3        1716        1835        1836
           3        1836        1717        1716
           3        1717        1836        1837
           3        1837        1718        1717
           3        1718        1837        1838
           3        1838        1719        1718
           3        1719        1838        1839
           3        1839        1720        1719
           3        1720        1839        1840
           3        1840        1721        1720
           3        1721        1840        1841
           3        1841        1722        1721
           3        1722        1841        1842
           3        1842        1723        1722
           3        1723        1842        1843
           3        1843        1724        1723
           3        1724        1843        1844
           3        1844        1725        1724
           3        1725        1844        1845
           3        1845        1726        1725
           3        1726        1845        1846
           3        1846        1727        1726
           3        1727        1846        1847
           3        1847        1728        1727
           3        1728        1847        1848
           3        1848        1729        1728
           3        1729        1848        1849
           3        1849        1730        1729
           3        1730        1849        1850
           3        1850        1731        1730
           3        1731        1850        1851
           3        1851        1732        1731
           3        1732        1851        1852
           3        1852        1733        1732
           3        1733        1852        1853
           3        1853        1734        1733
           3        1734        1853        1854
           3        1854        1735        1734
           3        1735        1854        1855
           3        1855        1736        1735
           3        1736        1855        1856
           3        1856        1737        1736
           3        1737        1856        1857
           3        1857        1738        1737
           3        1738        1857        1858
           3        1858        1739        1738
           3        1739        1858        1859
           3        1859        1740        1739
           3        1740        1859        1860
           3        1860        1625        1740
           3        1625        1860        1741
           3        1861        1742        1741
           3        1862        1742        1861
           3        1862        1743        1742
           3        1863        1743        1862
           3        1863        1744        1743
           3        1864        1744        1863
           3        1864        1745        1744
           3        1865        1745        1864
           3        1865        1746        1745
           3        1866        1746        1865
           3        1866        1747        1746
           3        1867        1747        1866
           3        1867        1748        1747
           3        1868        1748        1867
           3        1868        1749        1748
           3        1869        1749        1868
           3        1869        1750        1749
           3        1870        1750        1869
           3        1870        1751        1750
           3        1871        1751        1870
           3        1871        1752        1751
           3        1872        1752        1871
           3        1872        1753        1752
           3        1873        1753        1872
           3        1873        1754        1753
           3        1874        1754        1873
           3        1874        1755        1754
           3        1875        1755        1874
           3        1875        1756        1755
           3        1876        1756        1875
           3        1876        1757        1756
           3        1877        1757        1876
           3        1877        1758        1757
           3        1878        1758        1877
           3        1878        1759        1758
           3        1879        1759        1878
           3        1879        1760        1759
           3        1880        1760        1879
           3        1880        1761        1760
           3        1881        1761        1880
           3        1881        1762        1761
           3        1882        1762        1881
           3        1882        1763        1762
           3        1883        1763        1882
           3        1883        1764        1763
           3        1884        1764        1883
           3        1884        1765        1764
           3        1885        1765        1884
           3        1885        1766        1765
           3        1886        1766        1885
           3        1886        1767        1766
           3        1887        1767        1886
           3        1887        1768        1767
           3        1888        1768        1887
           3        1888        1769        1768
           3        1889        1769        1888
           3        1889        1770        1769
           3        1890        1770        1889
           3        1890        1771        1770
           3        1890        1772        1771
           3        1891        1772        1890
           3        1891        1773        1772
           3        1892        1773        1891
           3        1892        1774        1773
           3        1893        1774        1892
           3        1893        1775        1774
           3        1894        1775        1893
           3        1894        1776        1775
           3        1895        1776        1894
           3        1895        1777        1776
           3        1896        1777        1895
           3        1896        1778        1777
           3        1897        1778        1896
           3        1897        1779        1778
           3        1898        1779        1897
           3        1898        1780        1779
           3        1899        1780        1898
           3        1899        1781        1780
           3        1900        1781        1899
           3        1900        1782        1781
           3        1901        1782        1900
           3        1901        1783        1782
           3        1902        1783        1901
           3        1902        1784        1783
           3        1903        1784        1902
           3        1903        1785        1784
           3        1904        1785        1903
           3        1904        1786        1785
           3        1905        1786        1904
           3        1905        1787        1786
           3        1906        1787        1905
           3        1906        1788        1787
           3        1907        1788        1906
           3        1907        1789        1788
           3        1908        1789        1907
           3        1908        1790        1789
           3        1909        1790        1908
           3        1909        1791        1790
           3        1910        1791        1909
           3        1910        1792        1791
           3        1911        1792        1910
           3        1911        1793        1792
           3        1912        1793        1911
           3        1912        1794        1793
           3        1913        1794        1912
           3        1913        1795        1794
           3        1914        1795        1913
           3        1914        1796        1795
           3        1915        1796        1914
           3        1915        1797        1796
           3        1916        1797        1915
           3        1916        1798        1797
           3        1917        1798        1916
           3        1917        1799        1798
           3        1918        1799        1917
           3        1918        1800        1799
           3        1919        1800        1918
           3        1919        1801        1800
           3        1919        1802        1801
           3        1920        1802        1919
           3        1920        1803        1802
           3        1921        1803        1920
           3        1921        1804        1803
           3        1922        1804        1921
           3        1922        1805        1804
           3        1923        1805        1922
           3        1923        1806        1805
           3        1924        1806        1923
           3        1924        1807        1806
           3        1925        1807        1924
           3        1925        1808        1807
           3        1926        1808        1925
           3        1926        1809        1808
           3        1927        1809        1926
           3        1927        1810        1809
           3        1928        1810        1927
           3        1928        1811        1810
           3        1929        1811        1928
           3        1929        1812        1811
           3        1930        1812        1929
           3        1930        1813        1812
           3        1931        1813        1930
           3        1931        1814        1813
           3        1932        1814        1931
           3        1932        1815        1814
           3        1933        1815        1932
           3        1933        1816        1815
           3        1934        1816        1933
           3        1934        1817        1816
           3        1935        1817        1934
           3        1935        1818        1817
           3        1936        1818        1935
           3        1936        1819        1818
           3        1937        1819        1936
           3        1937        1820        1819
           3        1938        1820        1937
           3        1938        1821        1820
           3        1939        1821        1938
           3        1939        1822        1821
           3        1940        1822        1939
           3        1940        1823        1822
           3        1941        1823        1940
           3        1941        1824        1823
           3        1942        1824        1941
           3        1942        1825        1824
           3        1943        1825        1942
           3        1943        1826        1825
           3        1944        1826        1943
           3        1944        1827        1826
           3        1945        1827        1944
           3        1945        1828        1827
           3        1946        1828        1945
           3        1946        1829        1828
           3        1947        1829        1946
           3        1947        1830        1829
           3        1948        1830        1947
           3        1948        1831        1830
           3        1948        1832        1831
           3        1949        1832        1948
           3        1949        1833        1832
           3        1950        1833        1949
           3        1950        1834        1833
           3        1951        1834        1950
           3        1951        1835        1834
           3        1952        1835        1951
           3        1952        1836        1835
           3        1953        1836        1952
           3        1953        1837        1836
           3        1954        1837        1953
           3        1954        1838        1837
           3        1955        1838        1954
           3        1955        1839        1838
           3        1956        1839        1955
           3        1956        1840        1839
           3        1957        1840        1956
           3        1957        1841        1840
           3        1958        1841        1957
           3        1958        1842        1841
           3        1959        1842        1958
           3        1959        1843        1842
           3        1960        1843        1959
           3        1960        1844        1843
           3        1961        1844        1960
           3        1961        1845        1844
           3        1962        1845        1961
           3        1962        1846        1845
           3        1963        1846        1962
           3        1963        1847        1846
           3        1964        1847        1963
           3        1964        1848        1847
           3        1965        1848        1964
           3        1965        1849        1848
           3        1966        1849        1965
           3        1966        1850        1849
           3        1967        1850        1966
           3        1967        1851        1850
           3        1968        1851        1967
           3        1968        1852        1851
           3        1969        1852        1968
           3        1969        1853        1852
           3        1970        1853        1969
           3        1970        1854        1853
           3        1971        1854        1970
           3        1971        1855        1854
           3        1972        1855        1971
           3        1972        1856        1855
           3        1973        1856        1972
           3        1973        1857        1856
           3        1974        1857        1973
           3        1974        1858        1857
           3        1975        1858        1974
           3        1975        1859        1858
           3        1976        1859        1975
           3        1976        1860        1859
           3        1861        1860        1976
           3        1861        1741        1860
           3        1977        1862        1861
           3        1978        1862        1977
           3        1978        1863        1862
           3        1979        1863        1978
           3        1979        1864        1863
           3        1980        1864        1979
           3        1980        1865        1864
           3        1981        1865        1980
           3        1981        1866        1865
           3        1982        1866        1981
           3        1982        1867        1866
           3        1983        1867        1982
           3        1983        1868        1867
           3        1984        1868        1983
           3        1984        1869        1868
           3        1985        1869        1984
           3        1985        1870        1869
           3        1986        1870        1985
           3        1986        1871        1870
           3        1987        1871        1986
           3        1987        1872        1871
           3        1988        1872        1987
           3        1988        1873        1872
           3        1989        1873        1988
           3        1989        1874        1873
           3        1990        1874        1989
           3        1990        1875        1874
           3        1991        1875        1990
           3        1991        1876        1875
           3        1992        1876        1991
           3        1992        1877        1876
           3        1993        1877        1992
           3        1993        1878        1877
           3        1994        1878        1993
           3        1994        1879        1878
           3        1995        1879        1994
           3        1995        1880        1879
           3        1996        1880        1995
           3        1996        1881        1880
           3        1997        1881        1996
           3        1997        1882        1881
           3        1998        1882        1997
           3        1998        1883        1882
           3        1999        1883        1998
           3        1999        1884        1883
           3        2000        1884        1999
           3        2000        1885        1884
           3        2001        1885        2000
           3        2001        1886        1885
           3        2002        1886        2001
           3        2002        1887        1886
           3        2003        1887        2002
           3        2003        1888        1887
           3        2004        1888        2003
           3        2004        1889        1888
           3        2005        1889        2004
           3        2005        1890        1889
           3        2005        1891        1890
           3        2006        1891        2005
           3        2006        1892        1891
           3        2007        1892        2006
           3        2007        1893        1892
           3        2008        1893        2007
           3        2008        1894        1893
           3        2009        1894        2008
           3        2009        1895        1894
           3        2010        1895        2009
           3        2010        1896        1895
           3        2011        1896        2010
           3        2011        1897        1896
           3        2012        1897        2011
           3        2012        1898        1897
           3        2013        1898        2012
           3        2013        1899        1898
           3        2014        1899        2013
           3        2014        1900        1899
           3        2015        1900        2014
           3        2015        1901        1900
           3        2016        1901        2015
           3        2016        1902        1901
           3        2017        1902        2016
           3        2017        1903        1902
           3        2018        1903        2017
           3        2018        1904        1903
           3        2019        1904        2018
           3        2019        1905        1904
           3        2020        1905        2019
           3        2020        1906        1905
           3        2021        1906        2020
           3        2021        1907        1906
           3        2022        1907        2021
           3        2022        1908        1907
           3        2023        1908        2022
           3        2023        1909        1908
           3        2024        1909        2023
           3        2024        1910        1909
           3        2025        1910        2024
           3        2025        1911        1910
           3        2026        1911        2025
           3        2026        1912        1911
           3        2027        1912        2026
           3        2027        1913        1912
           3        2028        1913        2027
           3        2028        1914        1913
           3        2029        1914        2028
           3        2029        1915        1914
           3        2030        1915        2029
           3        2030        1916        1915
           3        2031        1916        2030
           3        2031        1917        1916
           3        2032        1917        2031
           3        2032        1918        1917
           3        2033        1918        2032
           3        2033        1919        1918
           3        2033        1920        1919
           3        2034        1920        2033
           3        2034        1921        1920
           3        2035        1921        2034
           3        2035        1922        1921
           3        2036        1922        2035
           3        2036        1923        1922
           3        2037        1923        2036
           3        2037        1924        1923
           3        2038        1924        2037
           3        2038        1925        1924
           3        2039        1925        2038
           3        2039        1926        1925
           3        2040        1926        2039
           3        2040        1927        1926
           3        2041        1927        2040
           3        2041        1928        1927
           3        2042        1928        2041
           3        2042        1929        1928
           3        2043        1929        2042
           3        2043        1930        1929
           3        2044        1930        2043
           3        2044        1931        1930
           3        2045        1931        2044
           3        2045        1932        1931
           3        2046        1932        2045
           3        2046        1933        1932
           3        2047        1933        2046
           3        2047        1934        1933
           3        2048        1934        2047
           3        2048        1935        1934
           3        2049        1935        2048
           3        2049        1936        1935
           3        2050        1936        2049
           3        2050        1937        1936
           3        2051        1937        2050
           3        2051        1938        1937
           3        2052        1938        2051
           3        2052        1939        1938
           3        2053        1939        2052
           3        2053        1940        1939
           3        2054        1940        2053
           3        2054        1941        1940
           3        2055        1941        2054
           3        2055        1942        1941
           3        2056        1942        2055
           3        2056        1943        1942
           3        2057        1943        2056
           3        2057        1944        1943
           3        2058        1944        2057
           3        2058        1945        1944
           3        2059        1945        2058
           3        2059        1946        1945
           3        2060        1946        2059
           3        2060        1947        1946
           3        2061        1947        2060
           3        2061        1948        1947
           3        2061        1949        1948
           3        2062        1949        2061
           3        2062        1950        1949
           3        2063        1950        2062
           3        2063        1951        1950
           3        2064        1951        2063
           3        2064        1952        1951
           3        2065        1952        2064
           3        2065        1953        1952
           3        2066        1953        2065
           3        2066        1954        1953
           3        2067        1954        2066
           3        2067        1955        1954
           3        2068        1955        2067
           3        2068        1956        1955
           3        2069        1956        2068
           3        2069        1957        1956
           3        2070        1957        2069
           3        2070        1958        1957
           3        2071        1958        2070
           3        2071        1959        1958
           3        2072        1959        2071
           3        2072        1960        1959
           3        2073        1960        2072
           3        2073        1961        1960
           3        2074        1961        2073
           3        2074        1962        1961
           3        2075        1962        2074
           3        2075        1963        1962
           3        2076        1963        2075
           3        2076        1964        1963
           3        2077        1964        2076
           3        2077        1965        1964
           3        2078        1965        2077
           3        2078        1966        1965
           3        2079        1966        2078
           3        2079        1967        1966
           3        2080        1967        2079
           3        2080        1968        1967
           3        2081        1968        2080
           3        2081        1969        1968
           3        2082        1969        2081
           3        2082        1970        1969
           3        2083        1970        2082
           3        2083        1971        1970
           3        2084        1971        2083
           3        2084        1972        1971
           3        2085        1972        2084
           3        2085        1973        1972
           3        2086        1973        2085
           3        2086        1974        1973
           3        2087        1974        2086
           3        2087        1975        1974
           3        2088        1975        2087
           3        2088        1976        1975
           3        1977        1976        2088
           3        1977        1861        1976
           3        2089        1978        1977
           3        2090        1978        2089
           3        2090        1979        1978
           3        2091        1979        2090
           3        2091        1980        1979
           3        2092        1980        2091
           3        2092        1981        1980
           3        2093        1981        2092
           3        2093        1982        1981
           3        2094        1982        2093
           3        2094        1983        1982
           3        2095        1983        2094
           3        2095        1984        1983
           3        2096        1984        2095
           3        2096        1985        1984
           3        2097        1985        2096
           3        2097        1986        1985
           3        2098        1986        2097
           3        2098        1987        1986
           3        2099        1987        2098
           3        2099        1988        1987
           3        2100        1988        2099
           3        2100        1989        1988
           3        2101        1989        2100
           3        2101        1990        1989
           3        2102        1990        2101
           3        2102        1991        1990
           3        2103        1991        2102
           3        2103        1992        1991
           3        2104        1992        2103
           3        2104        1993        1992
           3        2105        1993        2104
           3        2105        1994        1993
           3        2106        1994        2105
           3        2106        1995        1994
           3        2107        1995        2106
           3        2107        1996        1995
           3        2108        1996        2107
           3        2108        1997        1996
           3        2109        1997        2108
           3        2109        1998        1997
           3        2110        1998        2109
           3        2110        1999        1998
           3        2111        1999        2110
           3        2111        2000        1999
           3        2112        2000        2111
           3        2112        2001        2000
           3        2113        2001        2112
           3        2113        2002        2001
           3        2114        2002        2113
           3        2114        2003        2002
           3        2115        2003        2114
           3        2115        2004        2003
           3        2116        2004        2115
           3        2116        2005        2004
           3        2116        2006        2005
           3        2117        2006        2116
           3        2117        2007        2006
           3        2118        2007        2117
           3        2118        2008        2007
           3        2119        2008        2118
           3        2119        2009        2008
           3        2120        2009        2119
           3        2120        2010        2009
           3        2121        2010        2120
           3        2121        2011        2010
           3        2122        2011        2121
           3        2122        2012        2011
           3        2123        2012        2122
           3        2123        2013        2012
           3        2124        2013        2123
           3        2124        2014        2013
           3        2125        2014        2124
           3        2125        2015        2014
           3        2126        2015        2125
           3        2126        2016        2015
           3        2127        2016        2126
           3        2127        2017        2016
           3        2128        2017        2127
           3        2128        2018        2017
           3        2129        2018        2128
           3        2129        2019        2018
           3        2130        2019        2129
           3        2130        2020        2019
           3        2131        2020        2130
           3        2131        2021        2020
           3        2132        2021        2131
           3        2132        2022        2021
           3        2133        2022        2132
           3        2133        2023        2022
           3        2134        2023        2133
           3        2134        2024        2023
           3        2135        2024        2134
           3        2135        2025        2024
           3        2136        2025        2135
           3        2136        2026        2025
           3        2137        2026        2136
           3        2137        2027        2026
           3        2138        2027        2137
           3        2138        2028        2027
           3        2139        2028        2138
           3        2139        2029        2028
           3        2140        2029        2139
           3        2140        2030        2029
           3        2141        2030        2140
           3        2141        2031        2030
           3        2142        2031        2141
           3        2142        2032        2031
           3        2143        2032        2142
           3        2143        2033        2032
           3        2143        2034        2033
           3        2144        2034        2143
           3        2144        2035        2034
           3        2145        2035        2144
           3        2145        2036        2035
           3        2146        2036        2145
           3        2146        2037        2036
           3        2147        2037        2146
           3        2147        2038        2037
           3        2148        2038        2147
           3        2148        2039        2038
           3        2149        2039        2148
           3        2149        2040        2039
           3        2150        2040        2149
           3        2150        2041        2040
           3        2151        2041        2150
           3        2151        2042        2041
           3        2152        2042        2151
           3        2152        2043        2042
           3        2153        2043        2152
           3        2153        2044        2043
           3        2154        2044        2153
           3        2154        2045        2044
           3        2155        2045        2154
           3        2155        2046        2045
           3        2156        2046        2155
           3        2156        2047        2046
           3        2157        2047        2156
           3        2157        2048        2047
           3        2158        2048        2157
           3        2158        2049        2048
           3        2159        2049        2158
           3        2159        2050        2049
           3        2160        2050        2159
           3        2160        2051        2050
           3        2161        2051        2160
           3        2161        2052        2051
           3        2162        2052        2161
           3        2162        2053        2052
           3        2163        2053        2162
           3        2163        2054        2053
           3        2164        2054        2163
           3        2164        2055        2054
           3        2165        2055        2164
           3        2165        2056        2055
           3        2166        2056        2165
           3        2166        2057        2056
           3        2167        2057        2166
           3        2167        2058        2057
           3        2168        2058        2167
           3        2168        2059        2058
           3        2169        2059        2168
           3        2169        2060        2059
           3        2170        2060        2169
           3        2170        2061        2060
           3        2170        2062        2061
           3        2171        2062        2170
           3        2171        2063        2062
           3        2172        2063        2171
           3        2172        2064        2063
           3        2173        2064        2172
           3        2173        2065        2064
           3        2174        2065        2173
           3        2174        2066        2065
           3        2175        2066        2174
           3        2175        2067        2066
           3        2176        2067        2175
           3        2176        2068        2067
           3        2177        2068        2176
           3        2177        2069        2068
           3        2178        2069        2177
           3        2178        2070        2069
           3        2179        2070        2178
           3        2179        2071        2070
           3        2180        2071        2179
           3        2180        2072        2071
           3        2181        2072        2180
           3        2181        2073        2072
           3        2182        2073        2181
           3        2182        2074        2073
           3        2183        2074        2182
           3        2183        2075        2074
           3        2184        2075        2183
           3        2184        2076        2075
           3        2185        2076        2184
           3        2185        2077        2076
           3        2186        2077        2185
           3        2186        2078        2077
           3        2187        2078        2186
           3        2187        2079        2078
           3        2188        2079        2187
           3        2188        2080        2079
           3        2189        2080        2188
           3        2189        2081        2080
           3        2190        2081        2189
           3        2190        2082        2081
           3        2191        2082        2190
           3        2191        2083        2082
           3        2192        2083        2191
           3        2192        2084        2083
           3        2193        2084        2192
           3        2193        2085        2084
           3        2194        2085        2193
           3        2194        2086        2085
           3        2195        2086        2194
           3        2195        2087        2086
           3        2196        2087        2195
           3        2196        2088        2087
           3        2089        2088        2196
           3        2089        1977        2088
           3        2197        2090        2089
           3        2198        2090        2197
           3        2198        2091        2090
           3        2199        2091        2198
           3        2199        2092        2091
           3        2200        2092        2199
           3        2200        2093        2092
           3        2201        2093        2200
           3        2201        2094        2093
           3        2202        2094        2201
           3        2202        2095        2094
           3        2203        2095        2202
           3        2203        2096        2095
           3        2204        2096        2203
           3        2204        2097        2096
           3        2205        2097        2204
           3        2205        2098        2097
           3        2206        2098        2205
           3        2206        2099        2098
           3        2207        2099        2206
           3        2207        2100        2099
           3        2208        2100        2207
           3        2208        2101        2100
           3        2209        2101        2208
           3        2209        2102        2101
           3        2210        2102        2209
           3        2210        2103        2102
           3        2211        2103        2210
           3        2211        2104        2103
           3        2212        2104        2211
           3        2212        2105        2104
           3        2213        2105        2212
           3        2213        2106        2105
           3        2214        2106        2213
           3        2214        2107        2106
           3        2215        2107        2214
           3        2215        2108        2107
           3        2216        2108        2215
           3        2216        2109        2108
           3        2217        2109        2216
           3        2217        2110        2109
           3        2218        2110        2217
           3        2218        2111        2110
           3        2219        2111        2218
           3        2219        2112        2111
           3        2220        2112        2219
           3        2220        2113        2112
           3        2221        2113        2220
           3        2221        2114        2113
           3        2222        2114        2221
           3        2222        2115        2114
           3        2223        2115        2222
           3        2223        2116        2115
           3        2223        2117        2116
           3        2224        2117        2223
           3        2224        2118        2117
           3        2225        2118        2224
           3        2225        2119        2118
           3        2226        2119        2225
           3        2226        2120        2119
           3        2227        2120        2226
           3        2227        2121        2120
           3        2228        2121        2227
           3        2228        2122        2121
           3        2229        2122        2228
           3        2229        2123        2122
           3        2230        2123        2229
           3        2230        2124        2123
           3        2231        2124        2230
           3        2231        2125        2124
           3        2232        2125        2231
           3        2232        2126        2125
           3        2233        2126        2232
           3        2233        2127        2126
           3        2234        2127        2233
           3        2234        2128        2127
           3        2235        2128        2234
           3        2235        2129        2128
           3        2236        2129        2235
           3        2236        2130        2129
           3        2237        2130        2236
           3        2237        2131        2130
           3        2238        2131        2237
           3        2238        2132        2131
           3        2239        2132        2238
           3        2239        2133        2132
           3        2240        2133        2239
           3        2240        2134        2133
           3        2241        2134        2240
           3        2241        2135        2134
           3        2242        2135        2241
           3        2242        2136        2135
           3        2243        2136        2242
           3        2243        2137        2136
           3        2244        2137        2243
           3        2244        2138        2137
           3        2245        2138        2244
           3        2245        2139        2138
           3        2246        2139        2245
           3        2246        2140        2139
           3        2247        2140        2246
           3        2247        2141        2140
           3        2248        2141        2247
           3        2248        2142        2141
           3        2249        2142        2248
           3        2249        2143        2142
           3        2249        2144        2143
           3        2250        2144        2249
           3        2250        2145        2144
           3        2251        2145        2250
           3        2251        2146        2145
           3        2252        2146        2251
           3        2252        2147        2146
           3        2253        2147        2252
           3        2253        2148        2147
           3        2254        2148        2253
           3        2254        2149        2148
           3        2255        2149        2254
           3        2255        2150        2149
           3        2256        2150        2255
           3        2256        2151        2150
           3        2257        2151        2256
           3        2257        2152        2151
           3        2258        2152        2257
           3        2258        2153        2152
           3        2259        2153        2258
           3        2259        2154        2153
           3        2260        2154        2259
           3        2260        2155        2154
           3        2261        2155        2260
           3        2261        2156        2155
           3        2262        2156        2261
           3        2262        2157        2156
           3        2263        2157        2262
           3        2263        2158        2157
           3        2264        2158        2263
           3        2264        2159        2158
           3        2265        2159        2264
           3        2265        2160        2159
           3        2266        2160        2265
           3        2266        2161        2160
           3        2267        2161        2266
           3        2267        2162        2161
           3        2268        2162        2267
           3        2268        2163        2162
           3        2269        2163        2268
           3        2269        2164        2163
           3        2270        2164        2269
           3        2270        2165        2164
           3        2271        2165        2270
           3        2271        2166        2165
           3        2272        2166        2271
           3        2272        2167        2166
           3        2273        2167        2272
           3        2273        2168        2167
           3        2274        2168        2273
           3        2274        2169        2168
           3        2275        2169        2274
           3        2275        2170        2169
           3        2275        2171        2170
           3        2276        2171        2275
           3        2276        2172        2171
           3        2277        2172        2276
           3        2277        2173        2172
           3        2278        2173        2277
           3        2278        2174        2173
           3        2279        2174        2278
           3        2279        2175        2174
           3        2280        2175        2279
           3        2280        2176        2175
           3        2281        2176        2280
           3        2281        2177        2176
           3        2282        2177        2281
           3        2282        2178        2177
           3        2283        2178        2282
           3        2283        2179        2178
           3        2284        2179        2283
           3        2284        2180        2179
           3        2285        2180        2284
           3        2285        2181        2180
           3        2286        2181        2285
           3        2286        2182        2181
           3        2287        2182        2286
           3        2287        2183        2182
           3        2288        2183        2287
           3        2288        2184        2183
           3        2289        2184        2288
           3        2289        2185        2184
           3        2290        2185        2289
           3        2290        2186        2185
           3        2291        2186        2290
           3        2291        2187        2186
           3        2292        2187        2291
           3        2292        2188        2187
           3        2293        2188        2292
           3        2293        2189        2188
           3        2294        2189        2293
           3        2294        2190        2189
           3        2295        2190        2294
           3        2295        2191        2190
           3        2296        2191        2295
           3        2296        2192        2191
           3        2297        2192        2296
           3        2297        2193        2192
           3        2298        2193        2297
           3        2298        2194        2193
           3        2299        2194        2298
           3        2299        2195        2194
           3        2300        2195        2299
           3        2300        2196        2195
           3        2197        2196        2300
           3        2197        2089        2196
           3        2301        2198        2197
           3        2302        2198        2301
           3        2302        2199        2198
           3        2303        2199        2302
           3        2303        2200        2199
           3        2304        2200        2303
           3        2304        2201        2200
           3        2305        2201        2304
           3        2305        2202        2201
           3        2306        2202        2305
           3        2306        2203        2202
           3        2307        2203        2306
           3        2307        2204        2203
           3        2308        2204        2307
           3        2308        2205        2204
           3        2309        2205        2308
           3        2309        2206        2205
           3        2310        2206        2309
           3        2310        2207        2206
           3        2311        2207        2310
           3        2311        2208        2207
           3        2312        2208        2311
           3        2312        2209        2208
           3        2313        2209        2312
           3        2313        2210        2209
           3        2314        2210        2313
           3        2314        2211        2210
           3        2315        2211        2314
           3        2315        2212        2211
           3        2316        2212        2315
           3        2316        2213        2212
           3        2317        2213        2316
           3        2317        2214        2213
           3        2318        2214        2317
           3        2318        2215        2214
           3        2319        2215        2318
           3        2319        2216        2215
           3        2320        2216        2319
           3        2320        2217        2216
           3        2321        2217        2320
           3        2321        2218        2217
           3        2322        2218        2321
           3        2322        2219        2218
           3        2323        2219        2322
           3        2323        2220        2219
           3        2324        2220        2323
           3        2324        2221        2220
           3        2325        2221        2324
           3        2325        2222        2221
           3        2326        2222        2325
           3        2326        2223        2222
           3        2326        2224        2223
           3        2327        2224        2326
           3        2327        2225        2224
           3        2328        2225        2327
           3        2328        2226        2225
           3        2329        2226        2328
           3        2329        2227        2226
           3        2330        2227        2329
           3        2330        2228        2227
           3        2331        2228        2330
           3        2331        2229        2228
           3        2332        2229        2331
           3        2332        2230        2229
           3        2333        2230        2332
           3        2333        2231        2230
           3        2334        2231        2333
           3        2334        2232        2231
           3        2335        2232        2334
           3        2335        2233        2232
           3        2336        2233        2335
           3        2336        2234        2233
           3        2337        2234        2336
           3        2337        2235        2234
           3        2338        2235        2337
           3        2338        2236        2235
           3        2339        2236        2338
           3        2339        2237        2236
           3        2340        2237        2339
           3        2340        2238        2237
           3        2341        2238        2340
           3        2341        2239        2238
           3        2342        2239        2341
           3        2342        2240        2239
           3        2343        2240        2342
           3        2343        2241        2240
           3        2344        2241        2343
           3        2344        2242        2241
           3        2345        2242        2344
           3        2345        2243        2242
           3        2346        2243        2345
           3        2346        2244        2243
           3        2347        2244        2346
           3        2347        2245        2244
           3        2348        2245        2347
           3        2348        2246        2245
           3        2349        2246        2348
           3        2349        2247        2246
           3        2350        2247        2349
           3        2350        2248        2247
           3        2351        2248        2350
           3        2351        2249        2248
           3        2351        2250        2249
           3        2352        2250        2351
           3        2352        2251        2250
           3        2353        2251        2352
           3        2353        2252        2251
           3        2354        2252        2353
           3        2354        2253        2252
           3        2355        2253        2354
           3        2355        2254        2253
           3        2356        2254        2355
           3        2356        2255        2254
           3        2357        2255        2356
           3        2357        2256        2255
           3        2358        2256        2357
           3        2358        2257        2256
           3        2359        2257        2358
           3        2359        2258        2257
           3        2360        2258        2359
           3        2360        2259        2258
           3        2361        2259        2360
           3        2361        2260        2259
           3        2362        2260        2361
           3        2362        2261        2260
           3        2363        2261        2362
           3        2363        2262        2261
           3        2364        2262        2363
           3        2364        2263        2262
           3        2365        2263        2364
           3        2365        2264        2263
           3        2366        2264        2365
           3        2366        2265        2264
           3        2367        2265        2366
           3        2367        2266        2265
           3        2368        2266        2367
           3        2368        2267        2266
           3        2369        2267        2368
           3        2369        2268        2267
           3        2370        2268        2369
           3        2370        2269        2268
           3        2371        2269        2370
           3        2371        2270        2269
           3        2372        2270        2371
           3        2372        2271        2270
           3        2373        2271        2372
           3        2373        2272        2271
           3        2374        2272        2373
           3        2374        2273        2272
           3        2375        2273        2374
           3        2375        2274        2273
           3        2376        2274        2375
           3        2376        2275        2274
           3        2376        2276        2275
           3        2377        2276        2376
           3        2377        2277        2276
           3        2378        2277        2377
           3        2378        2278        2277
           3        2379        2278        2378
           3        2379        2279        2278
           3        2380        2279        2379
           3        2380        2280        2279
           3        2381        2280        2380
           3        2381        2281        2280
           3        2382        2281        2381
           3        2382        2282        2281
           3        2383        2282        2382
           3        2383        2283        2282
           3        2384        2283        2383
           3        2384        2284        2283
           3        2385        2284        2384
           3        2385        2285        2284
           3        2386        2285        2385
           3        2386        2286        2285
           3        2387        2286        2386
           3        2387        2287        2286
           3        2388        2287        2387
           3        2388        2288        2287
           3        2389        2288        2388
           3        2389        2289        2288
           3        2390        2289        2389
           3        2390        2290        2289
           3        2391        2290        2390
           3        2391        2291        2290
           3        2392        2291        2391
           3        2392        2292        2291
           3        2393        2292        2392
           3        2393        2293        2292
           3        2394        2293        2393
           3        2394        2294        2293
           3        2395        2294        2394
           3        2395        2295        2294
           3        2396        2295        2395
           3        2396        2296        2295
           3        2397        2296        2396
           3        2397        2297        2296
           3        2398        2297        2397
           3        2398        2298        2297
           3        2399        2298        2398
           3        2399        2299        2298
           3        2400        2299        2399
           3        2400        2300        2299
           3        2301        2300        2400
           3        2301        2197        2300
           3        2401        2302        2301
           3        2402        2302        2401
           3        2402        2303        2302
           3        2403        2303        2402
           3        2403        2304        2303
           3        2404        2304        2403
           3        2404        2305        2304
           3        2405        2305        2404
           3        2405        2306        2305
           3        2406        2306        2405
           3        2406        2307        2306
           3        2407        2307        2406
           3        2407        2308        2307
           3        2408        2308        2407
           3        2408        2309        2308
           3        2409        2309        2408
           3        2409        2310        2309
           3        2410        2310        2409
           3        2410        2311        2310
           3        2411        2311        2410
           3        2411        2312        2311
           3        2412        2312        2411
           3        2412        2313        2312
           3        2413        2313        2412
           3        2413        2314        2313
           3        2414        2314        2413
           3        2414        2315        2314
           3        2415        2315        2414
           3        2415        2316        2315
           3        2416        2316        2415
           3        2416        2317        2316
           3        2417        2317        2416
           3        2417        2318        2317
           3        2418        2318        2417
           3        2418        2319        2318
           3        2419        2319        2418
           3        2419        2320        2319
           3        2420        2320        2419
           3        2420        2321        2320
           3        2421        2321        2420
           3        2421        2322        2321
           3        2422        2322        2421
           3        2422        2323        2322
           3        2423        2323        2422
           3        2423        2324        2323
           3        2424        2324        2423
           3        2424        2325        2324
           3        2425        2325        2424
           3        2425        2326        2325
           3        2425        2327        2326
           3        2426        2327        2425
           3        2426        2328        2327
           3        2427        2328        2426
           3        2427        2329        2328
           3        2428        2329        2427
           3        2428        2330        2329
           3        2429        2330        2428
           3        2429        2331        2330
           3        2430        2331        2429
           3        2430        2332        2331
           3        2431        2332        2430
           3        2431        2333        2332
           3        2432        2333        2431
           3        2432        2334        2333
           3        2433        2334        2432
           3        2433        2335        2334
           3        2434        2335        2433
           3        2434        2336        2335
           3        2435        2336        2434
           3        2435        2337        2336
           3        2436        2337        2435
           3        2436        2338        2337
           3        2437        2338        2436
           3        2437        2339        2338
           3        2438        2339        2437
           3        2438        2340        2339
           3        2439        2340        2438
           3        2439        2341        2340
           3        2440        2341        2439
           3        2440        2342        2341
           3        2441        2342        2440
           3        2441        2343        2342
           3        2442        2343        2441
           3        2442        2344        2343
           3        2443        2344        2442
           3        2443        2345        2344
           3        2444        2345        2443
           3        2444        2346        2345
           3        2445        2346        2444
           3        2445        2347        2346
           3        2446        2347        2445
           3        2446        2348        2347
           3        2447        2348        2446
           3        2447        2349        2348
           3        2448        2349        2447
           3        2448        2350        2349
           3        2449        2350        2448
           3        2449        2351        2350
           3        2449        2352        2351
           3        2450        2352        2449
           3        2450        2353        2352
           3        2451        2353        2450
           3        2451        2354        2353
           3        2452        2354        2451
           3        2452        2355        2354
           3        2453        2355        2452
           3        2453        2356        2355
           3        2454        2356        2453
           3        2454        2357        2356
           3        2455        2357        2454
           3        2455        2358        2357
           3        2456        2358        2455
           3        2456        2359        2358
           3        2457        2359        2456
           3        2457        2360        2359
           3        2458        2360        2457
           3        2458        2361        2360
           3        2459        2361        2458
           3        2459        2362        2361
           3        2460        2362        2459
           3        2460        2363        2362
           3        2461        2363        2460
           3        2461        2364        2363
           3        2462        2364        2461
           3        2462        2365        2364
           3        2463        2365        2462
           3        2463        2366        2365
           3        2464        2366        2463
           3        2464        2367        2366
           3        2465        2367        2464
           3        2465        2368        2367
           3        2466        2368        2465
           3        2466        2369        2368
           3        2467        2369        2466
           3        2467        2370        2369
           3        2468        2370        2467
           3        2468        2371        2370
           3        2469        2371        2468
           3        2469        2372        2371
           3        2470        2372        2469
           3        2470        2373        2372
           3        2471        2373        2470
           3        2471        2374        2373
           3        2472        2374        2471
           3        2472        2375        2374
           3        2473        2375        2472
           3        2473        2376        2375
           3        2473        2377        2376
           3        2474        2377        2473
           3        2474        2378        2377
           3        2475        2378        2474
           3        2475        2379        2378
           3        2476        2379        2475
           3        2476        2380        2379
           3        2477        2380        2476
           3        2477        2381        2380
           3        2478        2381        2477
           3        2478        2382        2381
           3        2479        2382        2478
           3        2479        2383        2382
           3        2480        2383        2479
           3        2480        2384        2383
           3        2481        2384        2480
           3        2481        2385        2384
           3        2482        2385        2481
           3        2482        2386        2385
           3        2483        2386        2482
           3        2483        2387        2386
           3        2484        2387        2483
           3        2484        2388        2387
           3        2485        2388        2484
           3        2485        2389        2388
           3        2486        2389        2485
           3        2486        2390        2389
           3        2487        2390        2486
           3        2487        2391        2390
           3        2488        2391        2487
           3        2488        2392        2391
           3        2489        2392        2488
           3        2489        2393        2392
           3        2490        2393        2489
           3        2490        2394        2393
           3        2491        2394        2490
           3        2491        2395        2394
           3        2492        2395        2491
           3        2492        2396        2395
           3        2493        2396        2492
           3        2493        2397        2396
           3        2494        2397        2493
           3        2494        2398        2397
           3        2495        2398        2494
           3        2495        2399        2398
           3        2496        2399        2495
           3        2496        2400        2399
           3        2401        2400        2496
           3        2401        2301        2400
           3        2497        2402        2401
           3        2498        2402        2497
           3        2498        2403        2402
           3        2499        2403        2498
           3        2499        2404        2403
           3        2500        2404        2499
           3        2500        2405        2404
           3        2501        2405        2500
           3        2501        2406        2405
           3        2502        2406        2501
           3        2502        2407        2406
           3        2503        2407        2502
           3        2503        2408        2407
           3        2504        2408        2503
           3        2504        2409        2408
           3        2505        2409        2504
           3        2505        2410        2409
           3        2506        2410        2505
           3        2506        2411        2410
           3        2507        2411        2506
           3        2507        2412        2411
           3        2508        2412        2507
           3        2508        2413        2412
           3        2509        2413        2508
           3        2509        2414        2413
           3        2510        2414        2509
           3        2510        2415        2414
           3        2511        2415        2510
           3        2511        2416        2415
           3        2512        2416        2511
           3        2512        2417        2416
           3        2513        2417        2512
           3        2513        2418        2417
           3        2514        2418        2513
           3        2514        2419        2418
           3        2515        2419        2514
           3        2515        2420        2419
           3        2516        2420        2515
           3        2516        2421        2420
           3        2517        2421        2516
           3        2517        2422        2421
           3        2518        2422        2517
           3        2518        2423        2422
           3        2519        2423        2518
           3        2519        2424        2423
           3        2520        2424        2519
           3        2520        2425        2424
           3        2520        2426        2425
           3        2521        2426        2520
           3        2521        2427        2426
           3        2522        2427        2521
           3        2522        2428        2427
           3        2523        2428        2522
           3        2523        2429        2428
           3        2524        2429        2523
           3        2524        2430        2429
           3        2525        2430        2524
           3        2525        2431        2430
           3        2526        2431        2525
           3        2526        2432        2431
           3        2527        2432        2526
           3        2527        2433        2432
           3        2528        2433        2527
           3        2528        2434        2433
           3        2529        2434        2528
           3        2529        2435        2434
           3        2530        2435        2529
           3        2530        2436        2435
           3        2531        2436        2530
           3        2531        2437        2436
           3        2532        2437        2531
           3        2532        2438        2437
           3        2533        2438        2532
           3        2533        2439        2438
           3        2534        2439        2533
           3        2534        2440        2439
           3        2535        2440        2534
           3        2535        2441        2440
           3        2536        2441        2535
           3        2536        2442        2441
           3        2537        2442        2536
           3        2537        2443        2442
           3        2538        2443        2537
           3        2538        2444        2443
           3        2539        2444        2538
           3        2539        2445        2444
           3        2540        2445        2539
           3        2540        2446        2445
           3        2541        2446        2540
           3        2541        2447        2446
           3        2542        2447        2541
           3        2542        2448        2447
           3        2543        2448        2542
           3        2543        2449        2448
           3        2543        2450        2449
           3        2544        2450        2543
           3        2544        2451        2450
           3        2545        2451        2544
           3        2545        2452        2451
           3        2546        2452        2545
           3        2546        2453        2452
           3        2547        2453        2546
           3        2547        2454        2453
           3        2548        2454        2547
           3        2548        2455        2454
           3        2549        2455        2548
           3        2549        2456        2455
           3        2550        2456        2549
           3        2550        2457        2456
           3        2551        2457        2550
           3        2551        2458        2457
           3        2552        2458        2551
           3        2552        2459        2458
           3        2553        2459        2552
           3        2553        2460        2459
           3        2554        2460        2553
           3        2554        2461        2460
           3        2555        2461        2554
           3        2555        2462        2461
           3        2556        2462        2555
           3        2556        2463        2462
           3        2557        2463        2556
           3        2557        2464        2463
           3        2558        2464        2557
           3        2558        2465        2464
           3        2559        2465        2558
           3        2559        2466        2465
           3        2560        2466        2559
           3        2560        2467        2466
           3        2561        2467        2560
           3        2561        2468        2467
           3        2562        2468        2561
           3        2562        2469        2468
           3        2563        2469        2562
           3        2563        2470        2469
           3        2564        2470        2563
           3        2564        2471        2470
           3        2565        2471        2564
           3        2565        2472        2471
           3        2566        2472        2565
           3        2566        2473        2472
           3        2566        2474        2473
           3        2567        2474        2566
           3        2567        2475        2474
           3        2568        2475        2567
           3        2568        2476        2475
           3        2569        2476        2568
           3        2569        2477        2476
           3        2570        2477        2569
           3        2570        2478        2477
           3        2571        2478        2570
           3        2571        2479        2478
           3        2572        2479        2571
           3        2572        2480        2479
           3        2573        2480        2572
           3        2573        2481        2480
           3        2574        2481        2573
           3        2574        2482        2481
           3        2575        2482        2574
           3        2575        2483        2482
           3        2576        2483        2575
           3        2576        2484        2483
           3        2577        2484        2576
           3        2577        2485        2484
           3        2578        2485        2577
           3        2578        2486        2485
           3        2579        2486        2578
           3        2579        2487        2486
           3        2580        2487        2579
           3        2580        2488        2487
           3        2581        2488        2580
           3        2581        2489        2488
           3        2582        2489        2581
           3        2582        2490        2489
           3        2583        2490        2582
           3        2583        2491        2490
           3        2584        2491        2583
           3        2584        2492        2491
           3        2585        2492        2584
           3        2585        2493        2492
           3        2586        2493        2585
           3        2586        2494        2493
           3        2587        2494        2586
           3        2587        2495        2494
           3        2588        2495        2587
           3        2588        2496        2495
           3        2497        2496        2588
           3        2497        2401        2496
           3        2589        2498        2497
           3        2590        2498        2589
           3        2590        2499        2498
           3        2591        2499        2590
           3        2591        2500        2499
           3        2592        2500        2591
           3        2592        2501        2500
           3        2593        2501        2592
           3        2593        2502        2501
           3        2594        2502        2593
           3        2594        2503        2502
           3        2595        2503        2594
           3        2595        2504        2503
           3        2596        2504        2595
           3        2596        2505        2504
           3        2597        2505        2596
           3        2597        2506        2505
           3        2598        2506        2597
           3        2598        2507        2506
           3        2599        2507        2598
           3        2599        2508        2507
           3        2600        2508        2599
           3        2600        2509        2508
           3        2601        2509        2600
           3        2601        2510        2509
           3        2602        2510        2601
           3        2602        2511        2510
           3        2603        2511        2602
           3        2603        2512        2511
           3        2604        2512        2603
           3        2604        2513        2512
           3        2605        2513        2604
           3        2605        2514        2513
           3        2606        2514        2605
           3        2606        2515        2514
           3        2607        2515        2606
           3        2607        2516        2515
           3        2608        2516        2607
           3        2608        2517        2516
           3        2609        2517        2608
           3        2609        2518        2517
           3        2610        2518        2609
           3        2610        2519        2518
           3        2611        2519        2610
           3        2611        2520        2519
           3        2611        2521        2520
           3        2612        2521        2611
           3        2612        2522        2521
           3        2613        2522        2612
           3        2613        2523        2522
           3        2614        2523        2613
           3        2614        2524        2523
           3        2615        2524        2614
           3        2615        2525        2524
           3        2616        2525        2615
           3        2616        2526        2525
           3        2617        2526        2616
           3        2617        2527        2526
           3        2618        2527        2617
           3        2618        2528        2527
           3        2619        2528        2618
           3        2619        2529        2528
           3        2620        2529        2619
           3        2620        2530        2529
           3        2621        2530        2620
           3        2621        2531        2530
           3        2622        2531        2621
           3        2622        2532        2531
           3        2623        2532        2622
           3        2623        2533        2532
           3        2624        2533        2623
           3        2624        2534        2533
           3        2625        2534        2624
           3        2625        2535        2534
           3        2626        2535        2625
           3        2626        2536        2535
           3        2627        2536        2626
           3        2627        2537        2536
           3        2628        2537        2627
           3        2628        2538        2537
           3        2629        2538        2628
           3        2629        2539        2538
           3        2630        2539        2629
           3        2630        2540        2539
           3        2631        2540        2630
           3        2631        2541        2540
           3        2632        2541        2631
           3        2632        2542        2541
           3        2633        2542        2632
           3        2633        2543        2542
           3        2633        2544        2543
           3        2634        2544        2633
           3        2634        2545        2544
           3        2635        2545        2634
           3        2635        2546        2545
           3        2636        2546        2635
           3        2636        2547        2546
           3        2637        2547        2636
           3        2637        2548        2547
           3        2638        2548        2637
           3        2638        2549        2548
           3        2639        2549        2638
           3        2639        2550        2549
           3        2640        2550        2639
           3        2640        2551        2550
           3        2641        2551        2640
           3        2641        2552        2551
           3        2642        2552        2641
           3        2642        2553        2552
           3        2643        2553        2642
           3        2643        2554        2553
           3        2644        2554        2643
           3        2644        2555        2554
           3        2645        2555        2644
           3        2645        2556        2555
           3        2646        2556        2645
           3        2646        2557        2556
           3        2647        2557        2646
           3        2647        2558        2557
           3        2648        2558        2647
           3        2648        2559        2558
           3        2649        2559        2648
           3        2649        2560        2559
           3        2650        2560        2649
           3        2650        2561        2560
           3        2651        2561        2650
           3        2651        2562        2561
           3        2652        2562        2651
           3        2652        2563        2562
           3        2653        2563        2652
           3        2653        2564        2563
           3        2654        2564        2653
           3        2654        2565        2564
           3        2655        2565        2654
           3        2655        2566        2565
           3        2655        2567        2566
           3        2656        2567        2655
           3        2656        2568        2567
           3        2657        2568        2656
           3        2657        2569        2568
           3        2658        2569        2657
           3        2658        2570        2569
           3        2659        2570        2658
           3        2659        2571        2570
           3        2660        2571        2659
           3        2660        2572        2571
           3        2661        2572        2660
           3        2661        2573        2572
           3        2662        2573        2661
           3        2662        2574        2573
           3        2663        2574        2662
           3        2663        2575        2574
           3        2664        2575        2663
           3        2664        2576        2575
           3        2665        2576        2664
           3        2665        2577        2576
           3        2666        2577        2665
           3        2666        2578        2577
           3        2667        2578        2666
           3        2667        2579        2578
           3        2668        2579        2667
           3        2668        2580        2579
           3        2669        2580        2668
           3        2669        2581        2580
           3        2670        2581        2669
           3        2670        2582        2581
           3        2671        2582        2670
           3        2671        2583        2582
           3        2672        2583        2671
           3        2672        2584        2583
           3        2673        2584        2672
           3        2673        2585        2584
           3        2674        2585        2673
           3        2674        2586        2585
           3        2675        2586        2674
           3        2675        2587        2586
           3        2676        2587        2675
           3        2676        2588        2587
           3        2589        2588        2676
           3        2589        2497        2588
           3        2677        2590        2589
           3        2678        2590        2677
           3        2678        2591        2590
           3        2679        2591        2678
           3        2679        2592        2591
           3        2680        2592        2679
           3        2680        2593        2592
           3        2681        2593        2680
           3        2681        2594        2593
           3        2682        2594        2681
           3        2682        2595        2594
           3        2683        2595        2682
           3        2683        2596        2595
           3        2684        2596        2683
           3        2684        2597        2596
           3        2685        2597        2684
           3        2685        2598        2597
           3        2686        2598        2685
           3        2686        2599        2598
           3        2687        2599        2686
           3        2687        2600        2599
           3        2688        2600        2687
           3        2688        2601        2600
           3        2689        2601        2688
           3        2689        2602        2601
           3        2690        2602        2689
           3        2690        2603        2602
           3        2691        2603        2690
           3        2691        2604        2603
           3        2692        2604        2691
           3        2692        2605        2604
           3        2693        2605        2692
           3        2693        2606        2605
           3        2694        2606        2693
           3        2694        2607        2606
           3        2695        2607        2694
           3        2695        2608        2607
           3        2696        2608        2695
           3        2696        2609        2608
           3        2697        2609        2696
           3        2697        2610        2609
           3        2698        2610        2697
           3        2698        2611        2610
           3        2698        2612        2611
           3        2699        2612        2698
           3        2699        2613        2612
           3        2700        2613        2699
           3        2700        2614        2613
           3        2701        2614        2700
           3        2701        2615        2614
           3        2702        2615        2701
           3        2702        2616        2615
           3        2703        2616        2702
           3        2703        2617        2616
           3        2704        2617        2703
           3        2704        2618        2617
           3        2705        2618        2704
           3        2705        2619        2618
           3        2706        2619        2705
           3        2706        2620        2619
           3        2707        2620        2706
           3        2707        2621        2620
           3        2708        2621        2707
           3        2708        2622        2621
           3        2709        2622        2708
           3        2709        2623        2622
           3        2710        2623        2709
           3        2710        2624        2623
           3        2711        2624        2710
           3        2711        2625        2624
           3        2712        2625        2711
           3        2712        2626        2625
           3        2713        2626        2712
           3        2713        2627        2626
           3        2714        2627        2713
           3        2714        2628        2627
           3        2715        2628        2714
           3        2715        2629        2628
           3        2716        2629        2715
           3        2716        2630        2629
           3        2717        2630        2716
           3        2717        2631        2630
           3        2718        2631        2717
           3        2718        2632        2631
           3        2719        2632        2718
           3        2719        2633        2632
           3        2719        2634        2633
           3        2720        2634        2719
           3        2720        2635        2634
           3        2721        2635        2720
           3        2721        2636        2635
           3        2722        2636        2721
           3        2722        2637        2636
           3        2723        2637        2722
           3        2723        2638        2637
           3        2724        2638        2723
           3        2724        2639        2638
           3        2725        2639        2724
           3        2725        2640        2639
           3        2726        2640        2725
           3        2726        2641        2640
           3        2727        2641        2726
           3        2727        2642        2641
           3        2728        2642        2727
           3        2728        2643        2642
           3        2729        2643        2728
           3        2729        2644        2643
           3        2730        2644        2729
           3        2730        2645        2644
           3        2731        2645        2730
           3        2731        2646        2645
           3        2732        2646        2731
           3        2732        2647        2646
           3        2733        2647        2732
           3        2733        2648        2647
           3        2734        2648        2733
           3        2734        2649        2648
           3        2735        2649        2734
           3        2735        2650        2649
           3        2736        2650        2735
           3        2736        2651        2650
           3        2737        2651        2736
           3        2737        2652        2651
           3        2738        2652        2737
           3        2738        2653        2652
           3        2739        2653        2738
           3        2739        2654        2653
           3        2740        2654        2739
           3        2740        2655        2654
           3        2740        2656        2655
           3        2741        2656        2740
           3        2741        2657        2656
           3        2742        2657        2741
           3        2742        2658        2657
           3        2743        2658        2742
           3        2743        2659        2658
           3        2744        2659        2743
           3        2744        2660        2659
           3        2745        2660        2744
           3        2745        2661        2660
           3        2746        2661        2745
           3        2746        2662        2661
           3        2747        2662        2746
           3        2747        2663        2662
           3        2748        2663        2747
           3        2748        2664        2663
           3        2749        2664        2748
           3        2749        2665        2664
           3        2750        2665        2749
           3        2750        2666        2665
           3        2751        2666        2750
           3        2751        2667        2666
           3        2752        2667        2751
           3        2752        2668        2667
           3        2753        2668        2752
           3        2753        2669        2668
           3        2754        2669        2753
           3        2754        2670        2669
           3        2755        2670        2754
           3        2755        2671        2670
           3        2756        2671        2755
           3        2756        2672        2671
           3        2757        2672        2756
           3        2757        2673        2672
           3        2758        2673        2757
           3        2758        2674        2673
           3        2759        2674        2758
           3        2759        2675        2674
           3        2760        2675        2759
           3        2760        2676        2675
           3        2677        2676        2760
           3        2677        2589        2676
           3        2761        2678        2677
           3        2762        2678        2761
           3        2762        2679        2678
           3        2763        2679        2762
           3        2763        2680        2679
           3        2764        2680        2763
           3        2764        2681        2680
           3        2765        2681        2764
           3        2765        2682        2681
           3        2766        2682        2765
           3        2766        2683        2682
           3        2767        2683        2766
           3        2767        2684        2683
           3        2768        2684        2767
           3        2768        2685        2684
           3        2769        2685        2768
           3        2769        2686        2685
           3        2770        2686        2769
           3        2770        2687        2686
           3        2771        2687        2770
           3        2771        2688        2687
           3        2772        2688        2771
           3        2772        2689        2688
           3        2773        2689        2772
           3        2773        2690        2689
           3        2774        2690        2773
           3        2774        2691        2690
           3        2775        2691        2774
           3        2775        2692        2691
           3        2776        2692        2775
           3        2776        2693        2692
           3        2777        2693        2776
           3        2777        2694        2693
           3        2778        2694        2777
           3        2778        2695        2694
           3        2779        2695        2778
           3        2779        2696        2695
           3        2780        2696        2779
           3        2780        2697        2696
           3        2781        2697        2780
           3        2781        2698        2697
           3        2781        2699        2698
           3        2782        2699        2781
           3        2782        2700        2699
           3        2783        2700        2782
           3        2783        2701        2700
           3        2784        2701        2783
           3        2784        2702        2701
           3        2785        2702        2784
           3        2785        2703        2702
           3        2786        2703        2785
           3        2786        2704        2703
           3        2787        2704        2786
           3        2787        2705        2704
           3        2788        2705        2787
           3        2788        2706        2705
           3        2789        2706        2788
           3        2789        2707        2706
           3        2790        2707        2789
           3        2790        2708        2707
           3        2791        2708        2790
           3        2791        2709        2708
           3        2792        2709        2791
           3        2792        2710        2709
           3        2793        2710        2792
           3        2793        2711        2710
           3        2794        2711        2793
           3        2794        2712        2711
           3        2795        2712        2794
           3        2795        2713        2712
           3        2796        2713        2795
           3        2796        2714        2713
           3        2797        2714        2796
           3        2797        2715        2714
           3        2798        2715        2797
           3        2798        2716        2715
           3        2799        2716        2798
           3        2799        2717        2716
           3        2800        2717        2799
           3        2800        2718        2717
           3        2801        2718        2800
           3        2801        2719        2718
           3        2801        2720        2719
           3        2802        2720        2801
           3        2802        2721        2720
           3        2803        2721        2802
           3        2803        2722        2721
           3        2804        2722        2803
           3        2804        2723        2722
           3        2805        2723        2804
           3        2805        2724        2723
           3        2806        2724        2805
           3        2806        2725        2724
           3        2807        2725        2806
           3        2807        2726        2725
           3        2808        2726        2807
           3        2808        2727        2726
           3        2809        2727        2808
           3        2809        2728        2727
           3        2810        2728        2809
           3        2810        2729        2728
           3        2811        2729        2810
           3        2811        2730        2729
           3        2812        2730        2811
           3        2812        2731        2730
           3        2813        2731        2812
           3        2813        2732        2731
           3        2814        2732        2813
           3        2814        2733        2732
           3        2815        2733        2814
           3        2815        2734        2733
           3        2816        2734        2815
           3        2816        2735        2734
           3        2817        2735        2816
           3        2817        2736        2735
           3        2818        2736        2817
           3        2818        2737        2736
           3        2819        2737        2818
           3        2819        2738        2737
           3        2820        2738        2819
           3        2820        2739        2738
           3        2821        2739        2820
           3        2821        2740        2739
           3        2821        2741        2740
           3        2822        2741        2821
           3        2822        2742        2741
           3        2823        2742        2822
           3        2823        2743        2742
           3        2824        2743        2823
           3        2824        2744        2743
           3        2825        2744        2824
           3        2825        2745        2744
           3        2826        2745        2825
           3        2826        2746        2745
           3        2827        2746        2826
           3        2827        2747        2746
           3        2828        2747        2827
           3        2828        2748        2747
           3        2829        2748        2828
           3        2829        2749        2748
           3        2830        2749        2829
           3        2830        2750        2749
           3        2831        2750        2830
           3        2831        2751        2750
           3        2832        2751        2831
           3        2832        2752        2751
           3        2833        2752        2832
           3        2833        2753        2752
           3        2834        2753        2833
           3        2834        2754        2753
           3        2835        2754        2834
           3        2835        2755        2754
           3        2836        2755        2835
           3        2836        2756        2755
           3        2837        2756        2836
           3        2837        2757        2756
           3        2838        2757        2837
           3        2838        2758        2757
           3        2839        2758        2838
           3        2839        2759        2758
           3        2840        2759        2839
           3        2840        2760        2759
           3        2761        2760        2840
           3        2761        2677        2760
           3        2841        2762        2761
           3        2842        2762        2841
           3        2842        2763        2762
           3        2843        2763        2842
           3        2843        2764        2763
           3        2844        2764        2843
           3        2844        2765        2764
           3        2845        2765        2844
           3        2845        2766        2765
           3        2846        2766        2845
           3        2846        2767        2766
           3        2847        2767        2846
           3        2847        2768        2767
           3        2848        2768        2847
           3        2848        2769        2768
           3        2849        2769        2848
           3        2849        2770        2769
           3        2850        2770        2849
           3        2850        2771        2770
           3        2851        2771        2850
           3        2851        2772        2771
           3        2852        2772        2851
           3        2852        2773        2772
           3        2853        2773        2852
           3        2853        2774        2773
           3        2854        2774        2853
           3        2854        2775        2774
           3        2855        2775        2854
           3        2855        2776        2775
           3        2856        2776        2855
           3        2856        2777        2776
           3        2857        2777        2856
           3        2857        2778        2777
           3        2858        2778        2857
           3        2858        2779        2778
           3        2859        2779        2858
           3        2859        2780        2779
           3        2860        2780        2859
           3        2860        2781        2780
           3        2860        2782        2781
           3        2861        2782        2860
           3        2861        2783        2782
           3        2862        2783        2861
           3        2862        2784        2783
           3        2863        2784        2862
           3        2863        2785        2784
           3        2864        2785        2863
           3        2864        2786        2785
           3        2865        2786        2864
           3        2865        2787        2786
           3        2866        2787        2865
           3        2866        2788        2787
           3        2867        2788        2866
           3        2867        2789        2788
           3        2868        2789        2867
           3        2868        2790        2789
           3        2869        2790        2868
           3        2869        2791        2790
           3        2870        2791        2869
           3        2870        2792        2791
           3        2871        2792        2870
           3        2871        2793        2792
           3        2872        2793        2871
           3        2872        2794        2793
           3        2873        2794        2872
           3        2873        2795        2794
           3        2874        2795        2873
           3        2874        2796        2795
           3        2875        2796        2874
           3        2875        2797        2796
           3        2876        2797        2875
           3        2876        2798        2797
           3        2877        2798        2876
           3        2877        2799        2798
           3        2878        2799        2877
           3        2878        2800        2799
           3        2879        2800        2878
           3        2879        2801        2800
           3        2879        2802        2801
           3        2880        2802        2879
           3        2880        2803        2802
           3        2881        2803        2880
           3        2881        2804        2803
           3        2882        2804        2881
           3        2882        2805        2804
           3        2883        2805        2882
           3        2883        2806        2805
           3        2884        2806        2883
           3        2884        2807        2806
           3        2885        2807        2884
           3        2885        2808        2807
           3        2886        2808        2885
           3        2886        2809        2808
           3        2887        2809        2886
           3        2887        2810        2809
           3        2888        2810        2887
           3        2888        2811        2810
           3        2889        2811        2888
           3        2889        2812        2811
           3        2890        2812        2889
           3        2890        2813        2812
           3        2891        2813        2890
           3        2891        2814        2813
           3        2892        2814        2891
           3        2892        2815        2814
           3        2893        2815        2892
           3        2893        2816        2815
           3        2894        2816        2893
           3        2894        2817        2816
           3        2895        2817        2894
           3        2895        2818        2817
           3        2896        2818        2895
           3        2896        2819        2818
           3        2897        2819        2896
           3        2897        2820        2819
           3        2898        2820        2897
           3        2898        2821        2820
           3        2898        2822        2821
           3        2899        2822        2898
           3        2899        2823        2822
           3        2900        2823        2899
           3        2900        2824        2823
           3        2901        2824        2900
           3        2901        2825        2824
           3        2902        2825        2901
           3        2902        2826        2825
           3        2903        2826        2902
           3        2903        2827        2826
           3        2904        2827        2903
           3        2904        2828        2827
           3        2905        2828        2904
           3        2905        2829        2828
           3        2906        2829        2905
           3        2906        2830        2829
           3        2907        2830        2906
           3        2907        2831        2830
           3        2908        2831        2907
           3        2908        2832        2831
           3        2909        2832        2908
           3        2909        2833        2832
           3        2910        2833        2909
           3        2910        2834        2833
           3        2911        2834        2910
           3        2911        2835        2834
           3        2912        2835        2911
           3        2912        2836        2835
           3        2913        2836        2912
           3        2913        2837        2836
           3        2914        2837        2913
           3        2914        2838        2837
           3        2915        2838        2914
           3        2915        2839        2838
           3        2916        2839        2915
           3        2916        2840        2839
           3        2841        2840        2916
           3        2841        2761        2840
           3        2917        2842        2841
           3        2918        2842        2917
           3        2918        2843        2842
           3        2919        2843        2918
           3        2919        2844        2843
           3        2920        2844        2919
           3        2920        2845        2844
           3        2921        2845        2920
           3        2921        2846        2845
           3        2922        2846        2921
           3        2922        2847        2846
           3        2923        2847        2922
           3        2923        2848        2847
           3        2924        2848        2923
           3        2924        2849        2848
           3        2925        2849        2924
           3        2925        2850        2849
           3        2926        2850        2925
           3        2926        2851        2850
           3        2927        2851        2926
           3        2927        2852        2851
           3        2928        2852        2927
           3        2928        2853        2852
           3        2929        2853        2928
           3        2929        2854        2853
           3        2930        2854        2929
           3        2930        2855        2854
           3        2931        2855        2930
           3        2931        2856        2855
           3        2932        2856        2931
           3        2932        2857        2856
           3        2933        2857        2932
           3        2933        2858        2857
           3        2934        2858        2933
           3        2934        2859        2858
           3        2935        2859        2934
           3        2935        2860        2859
           3        2935        2861        2860
           3        2936        2861        2935
           3        2936        2862        2861
           3        2937        2862        2936
           3        2937        2863        2862
           3        2938        2863        2937
           3        2938        2864        2863
           3        2939        2864        2938
           3        2939        2865        2864
           3        2940        2865        2939
           3        2940        2866        2865
           3        2941        2866        2940
           3        2941        2867        2866
           3        2942        2867        2941
           3        2942        2868        2867
           3        2943        2868        2942
           3        2943        2869        2868
           3        2944        2869        2943
           3        2944        2870        2869
           3        2945        2870        2944
           3        2945        2871        2870
           3        2946        2871        2945
           3        2946        2872        2871
           3        2947        2872        2946
           3        2947        2873        2872
           3        2948        2873        2947
           3        2948        2874        2873
           3        2949        2874        2948
           3        2949        2875        2874
           3        2950        2875        2949
           3        2950        2876        2875
           3        2951        2876        2950
           3        2951        2877        2876
           3        2952        2877        2951
           3        2952        2878        2877
           3        2953        2878        2952
           3        2953        2879        2878
           3        2953        2880        2879
           3        2954        2880        2953
           3        2954        2881        2880
           3        2955        2881        2954
           3        2955        2882        2881
           3        2956        2882        2955
           3        2956        2883        2882
           3        2957        2883        2956
           3        2957        2884        2883
           3        2958        2884        2957
           3        2958        2885        2884
           3        2959        2885        2958
           3        2959        2886        2885
           3        2960        2886        2959
           3        2960        2887        2886
           3        2961        2887        2960
           3        2961        2888        2887
           3        2962        2888        2961
           3        2962        2889        2888
           3        2963        2889        2962
           3        2963        2890        2889
           3        2964        2890        2963
           3        2964        2891        2890
           3        2965        2891        2964
           3        2965        2892        2891
           3        2966        2892        2965
           3        2966        2893        2892
           3        2967        2893        2966
           3        2967        2894        2893
           3        2968        2894        2967
           3        2968        2895        2894
           3        2969        2895        2968
           3        2969        2896        2895
           3        2970        2896        2969
           3        2970        2897        2896
           3        2971        2897        2970
           3        2971        2898        2897
           3        2971        2899        2898
           3        2972        2899        2971
           3        2972        2900        2899
           3        2973        2900        2972
           3        2973        2901        2900
           3        2974        2901        2973
           3        2974        2902        2901
           3        2975        2902        2974
           3        2975        2903        2902
           3        2976        2903        2975
           3        2976        2904        2903
           3        2977        2904        2976
           3        2977        2905        2904
           3        2978        2905        2977
           3        2978        2906        2905
           3        2979        2906        2978
           3        2979        2907        2906
           3        2980        2907        2979
           3        2980        2908        2907
           3        2981        2908        2980
           3        2981        2909        2908
           3        2982        2909        2981
           3        2982        2910        2909
           3        2983        2910        2982
           3        2983        2911        2910
           3        2984        2911        2983
           3        2984        2912        2911
           3        2985        2912        2984
           3        2985        2913        2912
           3        2986        2913        2985
           3        2986        2914        2913
           3        2987        2914        2986
           3        2987        2915        2914
           3        2988        2915        2987
           3        2988        2916        2915
           3        2917        2916        2988
           3        2917        2841        2916
           3        2989        2918        2917
           3        2990        2918        2989
           3        2990        2919        2918
           3        2991        2919        2990
           3        2991        2920        2919
           3        2992        2920        2991
           3        2992        2921        2920
           3        2993        2921        2992
           3        2993        2922        2921
           3        2994        2922        2993
           3        2994        2923        2922
           3        2995        2923        2994
           3        2995        2924        2923
           3        2996        2924        2995
           3        2996        2925        2924
           3        2997        2925        2996
           3        2997        2926        2925
           3        2998        2926        2997
           3        2998        2927        2926
           3        2999        2927        2998
           3        2999        2928        2927
           3        3000        2928        2999
           3        3000        2929        2928
           3        3001        2929        3000
           3        3001        2930        2929
           3        3002        2930        3001
           3        3002        2931        2930
           3        3003        2931        3002
           3        3003        2932        2931
           3        3004        2932        3003
           3        3004        2933        2932
           3        3005        2933        3004
           3        3005        2934        2933
           3        3006        2934        3005
           3        3006        2935        2934
           3        3006        2936        2935
           3        3007        2936        3006
           3        3007        2937        2936
           3        3008        2937        3007
           3        3008        2938        2937
           3        3009        2938        3008
           3        3009        2939        2938
           3        3010        2939        3009
           3        3010        2940        2939
           3        3011        2940        3010
           3        3011        2941        2940
           3        3012        2941        3011
           3        3012        2942        2941
           3        3013        2942        3012
           3        3013        2943        2942
           3        3014        2943        3013
           3        3014        2944        2943
           3        3015        2944        3014
           3        3015        2945        2944
           3        3016        2945        3015
           3        3016        2946        2945
           3        3017        2946        3016
           3        3017        2947        2946
           3        3018        2947        3017
           3        3018        2948        2947
           3        3019        2948        3018
           3        3019        2949        2948
           3        3020        2949        3019
           3        3020        2950        2949
           3        3021        2950        3020
           3        3021        2951        2950
           3        3022        2951        3021
           3        3022        2952        2951
           3        3023        2952        3022
           3        3023        2953        2952
           3        3023        2954        2953
           3        3024        2954        3023
           3        3024        2955        2954
           3        3025        2955        3024
           3        3025        2956        2955
           3        3026        2956        3025
           3        3026        2957        2956
           3        3027        2957        3026
           3        3027        2958        2957
           3        3028        2958        3027
           3        3028        2959        2958
           3        3029        2959        3028
           3        3029        2960        2959
           3        3030        2960        3029
           3        3030        2961        2960
           3        3031        2961        3030
           3        3031        2962        2961
           3        3032        2962        3031
           3        3032        2963        2962
           3        3033        2963        3032
           3        3033        2964        2963
           3        3034        2964        3033
           3        3034        2965        2964
           3        3035        2965        3034
           3        3035        2966        2965
           3        3036        2966        3035
           3        3036        2967        2966
           3        3037        2967        3036
           3        3037        2968        2967
           3        3038        2968        3037
           3        3038        2969        2968
           3        3039        2969        3038
           3        3039        2970        2969
           3        3040        2970        3039
           3        3040        2971        2970
           3        3040        2972        2971
           3        3041        2972        3040
           3        3041        2973        2972
           3        3042        2973        3041
           3        3042        2974        2973
           3        3043        2974        3042
           3        3043        2975        2974
           3        3044        2975        3043
           3        3044        2976        2975
           3        3045        2976        3044
           3        3045        2977        2976
           3        3046        2977        3045
           3        3046        2978        2977
           3        3047        2978        3046
           3        3047        2979        2978
           3        3048        2979        3047
           3        3048        2980        2979
           3        3049        2980        3048
           3        3049        2981        2980
           3        3050        2981        3049
           3        3050        2982        2981
           3        3051        2982        3050
           3        3051        2983        2982
           3        3052        2983        3051
           3        3052        2984        2983
           3        3053        2984        3052
           3        3053        2985        2984
           3        3054        2985        3053
           3        3054        2986        2985
           3        3055        2986        3054
           3        3055        2987        2986
           3        3056        2987        3055
           3        3056        2988        2987
           3        2989        2988        3056
           3        2989        2917        2988
           3        3057        2990        2989
           3        3058        2990        3057
           3        3058        2991        2990
           3        3059        2991        3058
           3        3059        2992        2991
           3        3060        2992        3059
           3        3060        2993        2992
           3        3061        2993        3060
           3        3061        2994        2993
           3        3062        2994        3061
           3        3062        2995        2994
           3        3063        2995        3062
           3        3063        2996        2995
           3        3064        2996        3063
           3        3064        2997        2996
           3        3065        2997        3064
           3        3065        2998        2997
           3        3066        2998        3065
           3        3066        2999        2998
           3        3067        2999        3066
           3        3067        3000        2999
           3        3068        3000        3067
           3        3068        3001        3000
           3        3069        3001        3068
           3        3069        3002        3001
           3        3070        3002        3069
           3        3070        3003        3002
           3        3071        3003        3070
           3        3071        3004        3003
           3        3072        3004        3071
           3        3072        3005        3004
           3        3073        3005        3072
           3        3073        3006        3005
           3        3073        3007        3006
           3        3074        3007        3073
           3        3074        3008        3007
           3        3075        3008        3074
           3        3075        3009        3008
           3        3076        3009        3075
           3        3076        3010        3009
           3        3077        3010        3076
           3        3077        3011        3010
           3        3078        3011        3077
           3        3078        3012        3011
           3        3079        3012        3078
           3        3079        3013        3012
           3        3080        3013        3079
           3        3080        3014        3013
           3        3081        3014        3080
           3        3081        3015        3014
           3        3082        3015        3081
           3        3082        3016        3015
           3        3083        3016        3082
           3        3083        3017        3016
           3        3084        3017        3083
           3        3084        3018        3017
           3        3085        3018        3084
           3        3085        3019        3018
           3        3086        3019        3085
           3        3086        3020        3019
           3        3087        3020        3086
           3        3087        3021        3020
           3        3088        3021        3087
           3        3088        3022        3021
           3        3089        3022        3088
           3        3089        3023        3022
           3        3089        3024        3023
           3        3090        3024        3089
           3        3090        3025        3024
           3        3091        3025        3090
           3        3091        3026        3025
           3        3092        3026        3091
           3        3092        3027        3026
           3        3093        3027        3092
           3        3093        3028        3027
           3        3094        3028        3093
           3        3094        3029        3028
           3        3095        3029        3094
           3        3095        3030        3029
           3        3096        3030        3095
           3        3096        3031        3030
           3        3097        3031        3096
           3        3097        3032        3031
           3        3098        3032        3097
           3        3098        3033        3032
           3        3099        3033        3098
           3        3099        3034        3033
           3        3100        3034        3099
           3        3100        3035        3034
           3        3101        3035        3100
           3        3101        3036        3035
           3        3102        3036        3101
           3        3102        3037        3036
           3        3103        3037        3102
           3        3103        3038        3037
           3        3104        3038        3103
           3        3104        3039        3038
           3        3105        3039        3104
           3        3105        3040        3039
           3        3105        3041        3040
           3        3106        3041        3105
           3        3106        3042        3041
           3        3107        3042        3106
           3        3107        3043        3042
           3        3108        3043        3107
           3        3108        3044        3043
           3        3109        3044        3108
           3        3109        3045        3044
           3        3110        3045        3109
           3        3110        3046        3045
           3        3111        3046        3110
           3        3111        3047        3046
           3        3112        3047        3111
           3        3112        3048        3047
           3        3113        3048        3112
           3        3113        3049        3048
           3        3114        3049        3113
           3        3114        3050        3049
           3        3115        3050        3114
           3        3115        3051        3050
           3        3116        3051        3115
           3        3116        3052        3051
           3        3117        3052        3116
           3        3117        3053        3052
           3        3118        3053        3117
           3        3118        3054        3053
           3        3119        3054        3118
           3        3119        3055        3054
           3        3120        3055        3119
           3        3120        3056        3055
           3        3057        3056        3120
           3        3057        2989        3056
           3        3121        3058        3057
           3        3122        3058        3121
           3        3122        3059        3058
           3        3123        3059        3122
           3        3123        3060        3059
           3        3124        3060        3123
           3        3124        3061        3060
           3        3125        3061        3124
           3        3125        3062        3061
           3        3126        3062        3125
           3        3126        3063        3062
           3        3127        3063        3126
           3        3127        3064        3063
           3        3128        3064        3127
           3        3128        3065        3064
           3        3129        3065        3128
           3        3129        3066        3065
           3        3130        3066        3129
           3        3130        3067        3066
           3        3131        3067        3130
           3        3131        3068        3067
           3        3132        3068        3131
           3        3132        3069        3068
           3        3133        3069        3132
           3        3133        3070        3069
           3        3134        3070        3133
           3        3134        3071        3070
           3        3135        3071        3134
           3        3135        3072        3071
           3        3136        3072        3135
           3        3136        3073        3072
           3        3136        3074        3073
           3        3137        3074        3136
           3        3137        3075        3074
           3        3138        3075        3137
           3        3138        3076        3075
           3        3139        3076        3138
           3        3139        3077        3076
           3        3140        3077        3139
           3        3140        3078        3077
           3        3141        3078        3140
           3        3141        3079        3078
           3        3142        3079        3141
           3        3142        3080        3079
           3        3143        3080        3142
           3        3143        3081        3080
           3        3144        3081        3143
           3        3144        3082        3081
           3        3145        3082        3144
           3        3145        3083        3082
           3        3146        3083        3145
           3        3146        3084        3083
           3        3147        3084        3146
           3        3147        3085        3084
           3        3148        3085        3147
           3        3148        3086        3085
           3        3149        3086        3148
           3        3149        3087        3086
           3        3150        3087        3149
           3        3150        3088        3087
           3        3151        3088        3150
           3        3151        3089        3088
           3        3151        3090        3089
           3        3152        3090        3151
           3        3152        3091        3090
           3        3153        3091        3152
           3        3153        3092        3091
           3        3154        3092        3153
           3        3154        3093        3092
           3        3155        3093        3154
           3        3155        3094        3093
           3        3156        3094        3155
           3        3156        3095        3094
           3        3157        3095        3156
           3        3157        3096        3095
           3        3158        3096        3157
           3        3158        3097        3096
           3        3159        3097        3158
           3        3159        3098        3097
           3        3160        3098        3159
           3        3160        3099        3098
           3        3161        3099        3160
           3        3161        3100        3099
           3        3162        3100        3161
           3        3162        3101        3100
           3        3163        3101        3162
           3        3163        3102        3101
           3        3164        3102        3163
           3        3164        3103        3102
           3        3165        3103        3164
           3        3165        3104        3103
           3        3166        3104        3165
           3        3166        3105        3104
           3        3166        3106        3105
           3        3167        3106        3166
           3        3167        3107        3106
           3        3168        3107        3167
           3        3168        3108        3107
           3        3169        3108        3168
           3        3169        3109        3108
           3        3170        3109        3169
           3        3170        3110        3109
           3        3171        3110        3170
           3        3171        3111        3110
           3        3172        3111        3171
           3        3172        3112        3111
           3        3173        3112        3172
           3        3173        3113        3112
           3        3174        3113        3173
           3        3174        3114        3113
           3        3175        3114        3174
           3        3175        3115        3114
           3        3176        3115        3175
           3        3176        3116        3115
           3        3177        3116        3176
           3        3177        3117        3116
           3        3178        3117        3177
           3        3178        3118        3117
           3        3179        3118        3178
           3        3179        3119        3118
           3        3180        3119        3179
           3        3180        3120        3119
           3        3121        3120        3180
           3        3121        3057        3120
           3        3181        3122        3121
           3        3182        3122        3181
           3        3182        3123        3122
           3        3183        3123        3182
           3        3183        3124        3123
           3        3184        3124        3183
           3        3184        3125        3124
           3        3185        3125        3184
           3        3185        3126        3125
           3        3186        3126        3185
           3        3186        3127        3126
           3        3187        3127        3186
           3        3187        3128        3127
           3        3188        3128        3187
           3        3188        3129        3128
           3        3189        3129        3188
           3        3189        3130        3129
           3        3190        3130        3189
           3        3190        3131        3130
           3        3191        3131        3190
           3        3191        3132        3131
           3        3192        3132        3191
           3        3192        3133        3132
           3        3193        3133        3192
           3        3193        3134        3133
           3        3194        3134        3193
           3        3194        3135        3134
           3        3195        3135        3194
           3        3195        3136        3135
           3        3195        3137        3136
           3        3196        3137        3195
           3        3196        3138        3137
           3        3197        3138        3196
           3        3197        3139        3138
           3        3198        3139        3197
           3        3198        3140        3139
           3        3199        3140        3198
           3        3199        3141        3140
           3        3200        3141        3199
           3        3200        3142        3141
           3        3201        3142        3200
           3        3201        3143        3142
           3        3202        3143        3201
           3        3202        3144        3143
           3        3203        3144        3202
           3        3203        3145        3144
           3        3204        3145        3203
           3        3204        3146        3145
           3        3205        3146        3204
           3        3205        3147        3146
           3        3206        3147        3205
           3        3206        3148        3147
           3        3207        3148        3206
           3        3207        3149        3148
           3        3208        3149        3207
           3        3208        3150        3149
           3        3209        3150        3208
           3        3209        3151        3150
           3        3209        3152        3151
           3        3210        3152        3209
           3        3210        3153        3152
           3        3211        3153        3210
           3        3211        3154        3153
           3        3212        3154        3211
           3        3212        3155        3154
           3        3213        3155        3212
           3        3213        3156        3155
           3        3214        3156        3213
           3        3214        3157        3156
           3        3215        3157        3214
           3        3215        3158        3157
           3        3216        3158        3215
           3        3216        3159        3158
           3        3217        3159        3216
           3        3217        3160        3159
           3        3218        3160        3217
           3        3218        3161        3160
           3        3219        3161        3218
           3        3219        3162        3161
           3        3220        3162        3219
           3        3220        3163        3162
           3        3221        3163        3220
           3        3221        3164        3163
           3        3222        3164        3221
           3        3222        3165        3164
           3        3223        3165        3222
           3        3223        3166        3165
           3        3223        3167        3166
           3        3224        3167        3223
           3        3224        3168        3167
           3        3225        3168        3224
           3        3225        3169        3168
           3        3226        3169        3225
           3        3226        3170        3169
           3        3227        3170        3226
           3        3227        3171        3170
           3        3228        3171        3227
           3        3228        3172        3171
           3        3229        3172        3228
           3        3229        3173        3172
           3        3230        3173        3229
           3        3230        3174        3173
           3        3231        3174        3230
           3        3231        3175        3174
           3        3232        3175        3231
           3        3232        3176        3175
           3        3233        3176        3232
           3        3233        3177        3176
           3        3234        3177        3233
           3        3234        3178        3177
           3        3235        3178        3234
           3        3235        3179        3178
           3        3236        3179        3235
           3        3236        3180        3179
           3        3181        3180        3236
           3        3181        3121        3180
           3        3237        3182        3181
           3        3238        3182        3237
           3        3238        3183        3182
           3        3239        3183        3238
           3        3239        3184        3183
           3        3240        3184        3239
           3        3240        3185        3184
           3        3241        3185        3240
           3        3241        3186        3185
           3        3242        3186        3241
           3        3242        3187        3186
           3        3243        3187        3242
           3        3243        3188        3187
           3        3244        3188        3243
           3        3244        3189        3188
           3        3245        3189        3244
           3        3245        3190        3189
           3        3246        3190        3245
           3        3246        3191        3190
           3        3247        3191        3246
           3        3247        3192        3191
           3        3248        3192        3247
           3        3248        3193        3192
           3        3249        3193        3248
           3        3249        3194        3193
           3        3250        3194        3249
           3        3250        3195        3194
           3        3250        3196        3195
           3        3251        3196        3250
           3        3251        3197        3196
           3        3252        3197        3251
           3        3252        3198        3197
           3        3253        3198        3252
           3        3253        3199        3198
           3        3254        3199        3253
           3        3254        3200        3199
           3        3255        3200        3254
           3        3255        3201        3200
           3        3256        3201        3255
           3        3256        3202        3201
           3        3257        3202        3256
           3        3257        3203        3202
           3        3258        3203        3257
           3        3258        3204        3203
           3        3259        3204        3258
           3        3259        3205        3204
           3        3260        3205        3259
           3        3260        3206        3205
           3        3261        3206        3260
           3        3261        3207        3206
           3        3262        3207        3261
           3        3262        3208        3207
           3        3263        3208        3262
           3        3263        3209        3208
           3        3263        3210        3209
           3        3264        3210        3263
           3        3264        3211        3210
           3        3265        3211        3264
           3        3265        3212        3211
           3        3266        3212        3265
           3        3266        3213        3212
           3        3267        3213        3266
           3        3267        3214        3213
           3        3268        3214        3267
           3        3268        3215        3214
           3        3269        3215        3268
           3        3269        3216        3215
           3        3270        3216        3269
           3        3270        3217        3216
           3        3271        3217        3270
           3        3271        3218        3217
           3        3272        3218        3271
           3        3272        3219        3218
           3        3273        3219        3272
           3        3273        3220        3219
           3        3274        3220        3273
           3        3274        3221        3220
           3        3275        3221        3274
           3        3275        3222        3221
           3        3276        3222        3275
           3        3276        3223        3222
           3        3276        3224        3223
           3        3277        3224        3276
           3        3277        3225        3224
           3        3278        3225        3277
           3        3278        3226        3225
           3        3279        3226        3278
           3        3279        3227        3226
           3        3280        3227        3279
           3        3280        3228        3227
           3        3281        3228        3280
           3        3281        3229        3228
           3        3282        3229        3281
           3        3282        3230        3229
           3        3283        3230        3282
           3        3283        3231        3230
           3        3284        3231        3283
           3        3284        3232        3231
           3        3285        3232        3284
           3        3285        3233        3232
           3        3286        3233        3285
           3        3286        3234        3233
           3        3287        3234        3286
           3        3287        3235        3234
           3        3288        3235        3287
           3        3288        3236        3235
           3        3237        3236        3288
           3        3237        3181        3236
           3        3289        3238        3237
           3        3290        3238        3289
           3        3290        3239        3238
           3        3291        3239        3290
           3        3291        3240        3239
           3        3292        3240        3291
           3        3292        3241        3240
           3        3293        3241        3292
           3        3293        3242        3241
           3        3294        3242        3293
           3        3294        3243        3242
           3        3295        3243        3294
           3        3295        3244        3243
           3        3296        3244        3295
           3        3296        3245        3244
           3        3297        3245        3296
           3        3297        3246        3245
           3        3298        3246        3297
           3        3298        3247        3246
           3        3299        3247        3298
           3        3299        3248        3247
           3        3300        3248        3299
           3        3300        3249        3248
           3        3301        3249        3300
           3        3301        3250        3249
           3        3301        3251        3250
           3        3302        3251        3301
           3        3302        3252        3251
           3        3303        3252        3302
           3        3303        3253        3252
           3        3304        3253        3303
           3        3304        3254        3253
           3        3305        3254        3304
           3        3305        3255        3254
           3        3306        3255        3305
           3        3306        3256        3255
           3        3307        3256        3306
           3        3307        3257        3256
           3        3308        3257        3307
           3        3308        3258        3257
           3        3309        3258        3308
           3        3309        3259        3258
           3        3310        3259        3309
           3        3310        3260        3259
           3        3311        3260        3310
           3        3311        3261        3260
           3        3312        3261        3311
           3        3312        3262        3261
           3        3313        3262        3312
           3        3313        3263        3262
           3        3313        3264        3263
           3        3314        3264        3313
           3        3314        3265        3264
           3        3315        3265        3314
           3        3315        3266        3265
           3        3316        3266        3315
           3        3316        3267        3266
           3        3317        3267        3316
           3        3317        3268        3267
           3        3318        3268        3317
           3        3318        3269        3268
           3        3319        3269        3318
           3        3319        3270        3269
           3        3320        3270        3319
           3        3320        3271        3270
           3        3321        3271        3320
           3        3321        3272        3271
           3        3322        3272        3321
           3        3322        3273        3272
           3        3323        3273        3322
           3        3323        3274        3273
           3        3324        3274        3323
           3        3324        3275        3274
           3        3325        3275        3324
           3        3325        3276        3275
           3        3325        3277        3276
           3        3326        3277        3325
           3        3326        3278        3277
           3        3327        3278        3326
           3        3327        3279        3278
           3        3328        3279        3327
           3        3328        3280        3279
           3        3329        3280        3328
           3        3329        3281        3280
           3        3330        3281        3329
           3        3330        3282        3281
           3        3331        3282        3330
           3        3331        3283        3282
           3        3332        3283        3331
           3        3332        3284        3283
           3        3333        3284        3332
           3        3333        3285        3284
           3        3334        3285        3333
           3        3334        3286        3285
           3        3335        3286        3334
           3        3335        3287        3286
           3        3336        3287        3335
           3        3336        3288        3287
           3        3289        3288        3336
           3        3289        3237        3288
           3        3337        3290        3289
           3        3338        3290        3337
           3        3338        3291        3290
           3        3339        3291        3338
           3        3339        3292        3291
           3        3340        3292        3339
           3        3340        3293        3292
           3        3341        3293        3340
           3        3341        3294        3293
           3        3342        3294        3341
           3        3342        3295        3294
           3        3343        3295        3342
           3        3343        3296        3295
           3        3344        3296        3343
           3        3344        3297        3296
           3        3345        3297        3344
           3        3345        3298        3297
           3        3346        3298        3345
           3        3346        3299        3298
           3        3347        3299        3346
           3        3347        3300        3299
           3        3348        3300        3347
           3        3348        3301        3300
           3        3348        3302        3301
           3        3349        3302        3348
           3        3349        3303        3302
           3        3350        3303        3349
           3        3350        3304        3303
           3        3351        3304        3350
           3        3351        3305        3304
           3        3352        3305        3351
           3        3352        3306        3305
           3        3353        3306        3352
           3        3353        3307        3306
           3        3354        3307        3353
           3        3354        3308        3307
           3        3355        3308        3354
           3        3355        3309        3308
           3        3356        3309        3355
           3        3356        3310        3309
           3        3357        3310        3356
           3        3357        3311        3310
           3        3358        3311        3357
           3        3358        3312        3311
           3        3359        3312        3358
           3        3359        3313        3312
           3        3359        3314        3313
           3        3360        3314        3359
           3        3360        3315        3314
           3        3361        3315        3360
           3        3361        3316        3315
           3        3362        3316        3361
           3        3362        3317        3316
           3        3363        3317        3362
           3        3363        3318        3317
           3        3364        3318        3363
           3        3364        3319        3318
           3        3365        3319        3364
           3        3365        3320        3319
           3        3366        3320        3365
           3        3366        3321        3320
           3        3367        3321        3366
           3        3367        3322        3321
           3        3368        3322        3367
           3        3368        3323        3322
           3        3369        3323        3368
           3        3369        3324        3323
           3        3370        3324        3369
           3        3370        3325        3324
           3        3370        3326        3325
           3        3371        3326        3370
           3        3371        3327        3326
           3        3372        3327        3371
           3        3372        3328        3327
           3        3373        3328        3372
           3        3373        3329        3328
           3        3374        3329        3373
           3        3374        3330        3329
           3        3375        3330        3374
           3        3375        3331        3330
           3        3376        3331        3375
           3        3376        3332        3331
           3        3377        3332        3376
           3        3377        3333        3332
           3        3378        3333        3377
           3        3378        3334        3333
           3        3379        3334        3378
           3        3379        3335        3334
           3        3380        3335        3379
           3        3380        3336        3335
           3        3337        3336        3380
           3        3337        3289        3336
           3        3381        3338        3337
           3        3382        3338        3381
           3        3382        3339        3338
           3        3383        3339        3382
           3        3383        3340        3339
           3        3384        3340        3383
           3        3384        3341        3340
           3        3385        3341        3384
           3        3385        3342        3341
           3        3386        3342        3385
           3        3386        3343        3342
           3        3387        3343        3386
           3        3387        3344        3343
           3        3388        3344        3387
           3        3388        3345        3344
           3        3389        3345        3388
           3        3389        3346        3345
           3        3390        3346        3389
           3        3390        3347        3346
           3        3391        3347        3390
           3        3391        3348        3347
           3        3391        3349        3348
           3        3392        3349        3391
           3        3392        3350        3349
           3        3393        3350        3392
           3        3393        3351        3350
           3        3394        3351        3393
           3        3394        3352        3351
           3        3395        3352        3394
           3        3395        3353        3352
           3        3396        3353        3395
           3        3396        3354        3353
           3        3397        3354        3396
           3        3397        3355        3354
           3        3398        3355        3397
           3        3398        3356        3355
           3        3399        3356        3398
           3        3399        3357        3356
           3        3400        3357        3399
           3        3400        3358        3357
           3        3401        3358        3400
           3        3401        3359        3358
           3        3401        3360        3359
           3        3402        3360        3401
           3        3402        3361        3360
           3        3403        3361        3402
           3        3403        3362        3361
           3        3404        3362        3403
           3        3404        3363        3362
           3        3405        3363        3404
           3        3405        3364        3363
           3        3406        3364        3405
           3        3406        3365        3364
           3        3407        3365        3406
           3        3407        3366        3365
           3        3408        3366        3407
           3        3408        3367        3366
           3        3409        3367        3408
           3        3409        3368        3367
           3        3410        3368        3409
           3        3410        3369        3368
           3        3411        3369        3410
           3        3411        3370        3369
           3        3411        3371        3370
           3        3412        3371        3411
           3        3412        3372        3371
           3        3413        3372        3412
           3        3413        3373        3372
           3        3414        3373        3413
           3        3414        3374        3373
           3        3415        3374        3414
           3        3415        3375        3374
           3        3416        3375        3415
           3        3416        3376        3375
           3        3417        3376        3416
           3        3417        3377        3376
           3        3418        3377        3417
           3        3418        3378        3377
           3        3419        3378        3418
           3        3419        3379        3378
           3        3420        3379        3419
           3        3420        3380        3379
           3        3381        3380        3420
           3        3381        3337        3380
           3        3421        3382        3381
           3        3422        3382        3421
           3        3422        3383        3382
           3        3423        3383        3422
           3        3423        3384        3383
           3        3424        3384        3423
           3        3424        3385        3384
           3        3425        3385        3424
           3        3425        3386        3385
           3        3426        3386        3425
           3        3426        3387        3386
           3        3427        3387        3426
           3        3427        3388        3387
           3        3428        3388        3427
           3        3428        3389        3388
           3        3429        3389        3428
           3        3429        3390        3389
           3        3430        3390        3429
           3        3430        3391        3390
           3        3430        3392        3391
           3        3431        3392        3430
           3        3431        3393        3392
           3        3432        3393        3431
           3        3432        3394        3393
           3        3433        3394        3432
           3        3433        3395        3394
           3        3434        3395        3433
           3        3434        3396        3395
           3        3435        3396        3434
           3        3435        3397        3396
           3        3436        3397        3435
           3        3436        3398        3397
           3        3437        3398        3436
           3        3437        3399        3398
           3        3438        3399        3437
           3        3438        3400        3399
           3        3439        3400        3438
           3        3439        3401        3400
           3        3439        3402        3401
           3        3440        3402        3439
           3        3440        3403        3402
           3        3441        3403        3440
           3        3441        3404        3403
           3        3442        3404        3441
           3        3442        3405        3404
           3        3443        3405        3442
           3        3443        3406        3405
           3        3444        3406        3443
           3        3444        3407        3406
           3        3445        3407        3444
           3        3445        3408        3407
           3        3446        3408        3445
           3        3446        3409        3408
           3        3447        3409        3446
           3        3447        3410        3409
           3        3448        3410        3447
           3        3448        3411        3410
           3        3448        3412        3411
           3        3449        3412        3448
           3        3449        3413        3412
           3        3450        3413        3449
           3        3450        3414        3413
           3        3451        3414        3450
           3        3451        3415        3414
           3        3452        3415        3451
           3        3452        3416        3415
           3        3453        3416        3452
           3        3453        3417        3416
           3        3454        3417        3453
           3        3454        3418        3417
           3        3455        3418        3454
           3        3455        3419        3418
           3        3456        3419        3455
           3        3456        3420        3419
           3        3421        3420        3456
           3        3421        3381        3420
           3        3457        3422        3421
           3        3458        3422        3457
           3        3458        3423        3422
           3        3459        3423        3458
           3        3459        3424        3423
           3        3460        3424        3459
           3        3460        3425        3424
           3        3461        3425        3460
           3        3461        3426        3425
           3        3462        3426        3461
           3        3462        3427        3426
           3        3463        3427        3462
           3        3463        3428        3427
           3        3464        3428        3463
           3        3464        3429        3428
           3        3465        3429        3464
           3        3465        3430        3429
           3        3465        3431        3430
           3        3466        3431        3465
           3        3466        3432        3431
           3        3467        3432        3466
           3        3467        3433        3432
           3        3468        3433        3467
           3        3468        3434        3433
           3        3469        3434        3468
           3        3469        3435        3434
           3        3470        3435        3469
           3        3470        3436        3435
           3        3471        3436        3470
           3        3471        3437        3436
           3        3472        3437        3471
           3        3472        3438        3437
           3        3473        3438        3472
           3        3473        3439        3438
           3        3473        3440        3439
           3        3474        3440        3473
           3        3474        3441        3440
           3        3475        3441        3474
           3        3475        3442        3441
           3        3476        3442        3475
           3        3476        3443        3442
           3        3477        3443        3476
           3        3477        3444        3443
           3        3478        3444        3477
           3        3478        3445        3444
           3        3479        3445        3478
           3        3479        3446        3445
           3        3480        3446        3479
           3        3480        3447        3446
           3        3481        3447        3480
           3        3481        3448        3447
           3        3481        3449        3448
           3        3482        3449        3481
           3        3482        3450        3449
           3        3483        3450        3482
           3        3483        3451        3450
           3        3484        3451        3483
           3        3484        3452        3451
           3        3485        3452        3484
           3        3485        3453        3452
           3        3486        3453        3485
           3        3486        3454        3453
           3        3487        3454        3486
           3        3487        3455        3454
           3        3488        3455        3487
           3        3488        3456        3455
           3        3457        3456        3488
           3        3457        3421        3456
           3        3489        3458        3457
           3        3490        3458        3489
           3        3490        3459        3458
           3        3491        3459        3490
           3        3491        3460        3459
           3        3492        3460        3491
           3        3492        3461        3460
           3        3493        3461        3492
           3        3493        3462        3461
           3        3494        3462        3493
           3        3494        3463        3462
           3        3495        3463        3494
           3        3495        3464        3463
           3        3496        3464        3495
           3        3496        3465        3464
           3        3496        3466        3465
           3        3497        3466        3496
           3        3497        3467        3466
           3        3498        3467        3497
           3        3498        3468        3467
           3        3499        3468        3498
           3        3499        3469        3468
           3        3500        3469        3499
           3        3500        3470        3469
           3        3501        3470        3500
           3        3501        3471        3470
           3        3502        3471        3501
           3        3502        3472        3471
           3        3503        3472        3502
           3        3503        3473        3472
           3        3503        3474        3473
           3        3504        3474        3503
           3        3504        3475        3474
           3        3505        3475        3504
           3        3505        3476        3475
           3        3506        3476        3505
           3        3506        3477        3476
           3        3507        3477        3506
           3        3507        3478        3477
           3        3508        3478        3507
           3        3508        3479        3478
           3        3509        3479        3508
           3        3509        3480        3479
           3        3510        3480        3509
           3        3510        3481        3480
           3        3510        3482        3481
           3        3511        3482        3510
           3        3511        3483        3482
           3        3512        3483        3511
           3        3512        3484        3483
           3        3513        3484        3512
           3        3513        3485        3484
           3        3514        3485        3513
           3        3514        3486        3485
           3        3515        3486        3514
           3        3515        3487        3486
           3        3516        3487        3515
           3        3516        3488        3487
           3        3489        3488        3516
           3        3489        3457        3488
           3        3517        3490        3489
           3        3518        3490        3517
           3        3518        3491        3490
           3        3519        3491        3518
           3        3519        3492        3491
           3        3520        3492        3519
           3        3520        3493        3492
           3        3521        3493        3520
           3        3521        3494        3493
           3        3522        3494        3521
           3        3522        3495        3494
           3        3523        3495        3522
           3        3523        3496        3495
           3        3523        3497        3496
           3        3524        3497        3523
           3        3524        3498        3497
           3        3525        3498        3524
           3        3525        3499        3498
           3        3526        3499        3525
           3        3526        3500        3499
           3        3527        3500        3526
           3        3527        3501        3500
           3        3528        3501        3527
           3        3528        3502        3501
           3        3529        3502        3528
           3        3529        3503        3502
           3        3529        3504        3503
           3        3530        3504        3529
           3        3530        3505        3504
           3        3531        3505        3530
           3        3531        3506        3505
           3        3532        3506        3531
           3        3532        3507        3506
           3        3533        3507        3532
           3        3533        3508        3507
           3        3534        3508        3533
           3        3534        3509        3508
           3        3535        3509        3534
           3        3535        3510        3509
           3        3535        3511        3510
           3        3536        3511        3535
           3        3536        3512        3511
           3        3537        3512        3536
           3        3537        3513        3512
           3        3538        3513        3537
           3        3538        3514        3513
           3        3539        3514        3538
           3        3539        3515        3514
           3        3540        3515        3539
           3        3540        3516        3515
           3        3517        3516        3540
           3        3517        3489        3516
           3        3541        3518        3517
           3        3542        3518        3541
           3        3542        3519        3518
           3        3543        3519        3542
           3        3543        3520        3519
           3        3544        3520        3543
           3        3544        3521        3520
           3        3545        3521        3544
           3        3545        3522        3521
           3        3546        3522        3545
           3        3546        3523        3522
           3        3546        3524        3523
           3        3547        3524        3546
           3        3547        3525        3524
           3        3548        3525        3547
           3        3548        3526        3525
           3        3549        3526        3548
           3        3549        3527        3526
           3        3550        3527        3549
           3        3550        3528        3527
           3        3551        3528        3550
           3        3551        3529        3528
           3        3551        3530        3529
           3        3552        3530        3551
           3        3552        3531        3530
           3        3553        3531        3552
           3        3553        3532        3531
           3        3554        3532        3553
           3        3554        3533        3532
           3        3555        3533        3554
           3        3555        3534        3533
           3        3556        3534        3555
           3        3556        3535        3534
           3        3556        3536        3535
           3        3557        3536        3556
           3        3557        3537        3536
           3        3558        3537        3557
           3        3558        3538        3537
           3        3559        3538        3558
           3        3559        3539        3538
           3        3560        3539        3559
           3        3560        3540        3539
           3        3541        3540        3560
           3        3541        3517        3540
           3        3561        3542        3541
           3        3562        3542        3561
           3        3562        3543        3542
           3        3563        3543        3562
           3        3563        3544        3543
           3        3564        3544        3563
           3        3564        3545        3544
           3        3565        3545        3564
           3        3565        3546        3545
           3        3565        3547        3546
           3        3566        3547        3565
           3        3566        3548        3547
           3        3567        3548        3566
           3        3567        3549        3548
           3        3568        3549        3567
           3        3568        3550        3549
           3        3569        3550        3568
           3        3569        3551        3550
           3        3569        3552        3551
           3        3570        3552        3569
           3        3570        3553        3552
           3        3571        3553        3570
           3        3571        3554        3553
           3        3572        3554        3571
           3        3572        3555        3554
           3        3573        3555        3572
           3        3573        3556        3555
           3        3573        3557        3556
           3        3574        3557        3573
           3        3574        3558        3557
           3        3575        3558        3574
           3        3575        3559        3558
           3        3576        3559        3575
           3        3576        3560        3559
           3        3561        3560        3576
           3        3561        3541        3560
           3        3577        3562        3561
           3        3578        3562        3577
           3        3578        3563        3562
           3        3579        3563        3578
           3        3579        3564        3563
           3        3580        3564        3579
           3        3580        3565        3564
           3        3580        3566        3565
           3        3581        3566        3580
           3        3581        3567        3566
           3        3582        3567        3581
           3        3582        3568        3567
           3        3583        3568        3582
           3        3583        3569        3568
           3        3583        3570        3569
           3        3584        3570        3583
           3        3584        3571        3570
           3        3585        3571        3584
           3        3585        3572        3571
           3        3586        3572        3585
           3        3586        3573        3572
           3        3586        3574        3573
           3        3587        3574        3586
           3        3587        3575        3574
           3        3588        3575        3587
           3        3588        3576        3575
           3        3577        3576        3588
           3        3577        3561        3576
           3        3589        3578        3577
           3        3590        3578        3589
           3        3590        3579        3578
           3        3591        3579        3590
           3        3591        3580        3579
           3        3591        3581        3580
           3        3592        3581        3591
           3        3592        3582        3581
           3        3593        3582        3592
           3        3593        3583        3582
           3        3593        3584        3583
           3        3594        3584        3593
           3        3594        3585        3584
           3        3595        3585        3594
           3        3595        3586        3585
           3        3595        3587        3586
           3        3596        3587        3595
           3        3596        3588        3587
           3        3589        3588        3596
           3        3589        3577        3588
           3        3597        3590        3589
           3        3598        3590        3597
           3        3598        3591        3590
           3        3598        3592        3591
           3        3599        3592        3598
           3        3599        3593        3592
           3        3599        3594        3593
           3        3600        3594        3599
           3        3600        3595        3594
           3        3600        3596        3595
           3        3597        3596        3600
           3        3597        3589        3596
           3        3601        3598        3597
           3        3601        3599        3598
           3        3601        3600        3599
           3        3601        3597        3600
