# OBJ
# List of vertices
v   0.0000000000000000        0.0000000000000000        1.0041923240998858     
v   5.2407731037280150E-002   0.0000000000000000       0.99999907941601407     
v   0.0000000000000000        5.2269248786718424E-002  0.99735668066422156     
v  -5.2649055335267689E-002   0.0000000000000000        1.0046038213319843     
v   0.0000000000000000       -5.2923141709221654E-002   1.0098337008976437     
v  0.10432647619980304        0.0000000000000000       0.99260011678970050     
v   7.3304424322975514E-002   7.3304424322975500E-002  0.98633619090094149     
v   0.0000000000000000       0.10428259332283174       0.99218259910489581     
v  -7.3999063428054679E-002   7.3999063428054693E-002  0.99568279849362806     
v -0.10507951531423047        0.0000000000000000       0.99976480537264822     
v  -7.5126081314556517E-002  -7.5126081314556489E-002   1.0108472110037336     
v   0.0000000000000000      -0.10602129892147735        1.0087252778490072     
v   7.4419158874233948E-002  -7.4419158874233976E-002   1.0013353269191112     
v  0.15557979224694365        0.0000000000000000       0.98229214895196981     
v  0.13346366624481784        7.7055283633479937E-002  0.97301582750919891     
v   7.7380849593195272E-002  0.13402756302825966       0.97712691265175733     
v   0.0000000000000000       0.15634563388864300       0.98712748277725026     
v  -7.8587102352608407E-002  0.13611685409433349       0.99235887302540926     
v -0.13566029436642091        7.8323507470797055E-002  0.98903032785681400     
v -0.15654850503592257        0.0000000000000000       0.98840836079067051     
v -0.13722842112829295       -7.9228865878887209E-002   1.0004627438976210     
v  -7.9349302766138816E-002 -0.13743702393611792        1.0019835610562349     
v   0.0000000000000000      -0.15817550760563323       0.99868085072956136     
v   7.8590586811325872E-002 -0.13612288935386918       0.99240287303842056     
v  0.13578013708686487       -7.8392698697705820E-002  0.98990404028420864     
v  0.20602200790507158        0.0000000000000000       0.96925734160540966     
v  0.18812619864737989        7.7924422917439770E-002  0.95798656360793155     
v  0.14446537146534155       0.14446537146534155       0.96117892580856334     
v   7.8825102564564764E-002  0.19030063166682246       0.96905933088366802     
v   0.0000000000000000       0.20841521306550301       0.98051648666133451     
v  -8.0153891931861079E-002  0.19350861297888644       0.98539518955385241     
v -0.14795492942677158       0.14795492942677160       0.98439618222712810     
v -0.19209398750410961        7.9567934874530080E-002  0.97819155599766794     
v -0.20668276802073374        0.0000000000000000       0.97236597354069620     
v -0.19266538212301693       -7.9804614275148428E-002  0.98110124306606539     
v -0.14823654080812695      -0.14823654080812693       0.98626984179191535     
v  -7.9945080386496961E-002 -0.19300449731408795       0.98282810407158849     
v   0.0000000000000000      -0.20897136196343030       0.98313296151187657     
v   7.9524586055001747E-002 -0.19198933419609140       0.97765863467336866     
v  0.14641999766454775      -0.14641999766454780       0.97418374136715580     
v  0.19221557623217136       -7.9618298574725077E-002  0.97881071679827347     
v  0.25568030915090112        0.0000000000000000       0.95421190424608138     
v  0.24043740368270664        7.8122848167613709E-002  0.94350292670234126     
v  0.20516428899017655       0.14906058117934531       0.94643691756025028     
v  0.14999186371460610       0.20644608943456008       0.95234995080536722     
v   7.9639913846817553E-002  0.24510645174840584       0.96182478697627138     
v   0.0000000000000000       0.26079148165161464       0.97328705970499330     
v  -8.0670619654786641E-002  0.24827863804526334       0.97427279635121766     
v -0.15290758599170867       0.21045923686187915       0.97086287476265765     
v -0.21062908581648174       0.15303098848056479       0.97164639962381227     
v -0.24578584793227873        7.9860663048503339E-002  0.96449081263640690     
v -0.25611017717493512        0.0000000000000000       0.95581619355232561     
v -0.24446721958427636       -7.9432214726226233E-002  0.95931636936544740     
v -0.20947085772768254      -0.15218948651692171       0.96630341411892584     
v -0.15196808364398587      -0.20916612281623315       0.96489765110000736     
v  -7.9893661720113737E-002 -0.24588740740064263       0.96488934320680897     
v   0.0000000000000000      -0.25902525246531494       0.96669540264391174     
v   7.9584352260282834E-002 -0.24493545076822884       0.96115376024417898     
v  0.15053717103807909      -0.20719664057568893       0.95581229462737272     
v  0.20856701771141423      -0.15153280830658986       0.96213393821658932     
v  0.24638914831573339       -8.0056687225832646E-002  0.96685822997144555     
v  0.30517706361142077        0.0000000000000000       0.93923842460035434     
v  0.29250845643861983        7.8377404682002424E-002  0.93200578798508216     
v  0.26278061380458068       0.15171645811788970       0.93387049093593566     
v  0.21524440390049379       0.21524440390049374       0.93685165519418612     
v  0.15358805187712304       0.26602230928670151       0.94539083753808006     
v   8.0393777604806607E-002  0.30003366263353093       0.95598299471212966     
v   0.0000000000000000       0.31362835517196885       0.96524882550412128     
v  -8.0910970861487463E-002  0.30196385414479632       0.96213307215714361     
v -0.15457879059845059       0.26773831908906681       0.95148919804262422     
v -0.21915375311397522       0.21915375311397525       0.95386710467864921     
v -0.26866330019285983       0.15511282868772100       0.95477639851376739     
v -0.29722935087519120        7.9642364533834387E-002  0.94704774948226833     
v -0.30544458813505948        0.0000000000000000       0.94006178042254784     
v -0.29532666077791681       -7.9132540258822784E-002  0.94098529848515056     
v -0.26646994497024384      -0.15384649445951493       0.94698164650034589     
v -0.21806508029015836      -0.21806508029015811       0.94912865425450066     
v -0.15430737149237594      -0.26726820740720020       0.94981851381374149     
v  -7.9984955001972849E-002 -0.29850791590847214       0.95112158046083783     
v   0.0000000000000000      -0.30877220970216274       0.95030314653757086     
v   7.9407425773045048E-002 -0.29635254748325901       0.94425403252052542     
v  0.15258071569355316      -0.26427755183645646       0.93919031356093352     
v  0.21713173219482224      -0.21713173219482232       0.94506625499048968     
v  0.26865467281231248      -0.15510784766723965       0.95474573850429956     
v  0.29907707042785792       -8.0137459495810803E-002  0.95293505044657389     
v  0.35547177329471796        0.0000000000000000       0.92603562941738382     
v  0.34533836335466372        7.8821227892276483E-002  0.92277304070734956     
v  0.31927816189975167       0.15375625911044133       0.92317068634902499     
v  0.27646818400762119       0.22047601961872171       0.92120138296357068     
v  0.22227879426694136       0.27872879191423244       0.92873380531945104     
v  0.15684160337820605       0.32568494528755687       0.94169545666910315     
v   8.0881043651365336E-002  0.35436300585361147       0.94688764158503480     
v   0.0000000000000000       0.36528919142360011       0.95161087802846145     
v  -8.0941590425501864E-002  0.35462827860367951       0.94759647259882429     
v -0.15522749878020661       0.32233322255350538       0.93200418258247308     
v -0.22263447111969470       0.27917479658060990       0.93021990802219023     
v -0.28144876365863547       0.22444789935161485       0.93779684359114190     
v -0.32246628078831574       0.15529157624891471       0.93238891125048917     
v -0.34622373055934164        7.9023307179183308E-002  0.92513881605783999     
v -0.35396387017773445        0.0000000000000000       0.92210740749671238     
v -0.34593515655371065       -7.8957442045519313E-002  0.92436772213691420     
v -0.32159043206714027      -0.15486978973488147       0.92985645534979589     
v -0.28018133966237146      -0.22343716244216316       0.93357374377099223     
v -0.22409454874720233      -0.28100567601541293       0.93632046050866979     
v -0.15620931310433045      -0.32437198100500952       0.93789911140496462     
v  -7.9910056668517068E-002 -0.35010883391970310       0.93552013774616094     
v   0.0000000000000000      -0.35771215299158932       0.93187201806646536     
v   7.9150696580966087E-002 -0.34678185999600247       0.92663018467490521     
v  0.15372301789772805      -0.31920913581030469       0.92297110219334189     
v  0.22221399012442036      -0.27864753008979504       0.92846303815930709     
v  0.28256033059618096      -0.22533434440426894       0.94150062239592214     
v  0.32729454140440151      -0.15761674401460965       0.94634949233220855     
v  0.35111752375715788       -8.0140283541599813E-002  0.93821544150389280     
v  0.40648802373854670        0.0000000000000000       0.91298704946842557     
v  0.39780732745968778        7.9128797265981335E-002  0.91099438812506883     
v  0.37424922496972857       0.15501910469008115       0.90983455343177333     
v  0.33506021514935552       0.22388007817944361       0.90509328731051575     
v  0.28631946022457594       0.28631946022457588       0.90945816651579470     
v  0.22884475729252449       0.34249038251977731       0.92516429039145365     
v  0.15901213737148442       0.38388925862417128       0.93327036873844926     
v   8.0573692038728870E-002  0.40507130401268754       0.92762917943852308     
v   0.0000000000000000       0.41307356951432955       0.92777842745706340     
v  -8.0409179882128701E-002  0.40424424555087701       0.92573518311077296     
v -0.15533052915865381       0.37500107014541156       0.91166235873911283     
v -0.22382018661993042       0.33497058109625327       0.90485116014617561     
v -0.28832414916900850       0.28832414916900856       0.91582581169928368     
v -0.34014465561634055       0.22727739268525540       0.91882781241474742     
v -0.37363280894247169       0.15476377681152725       0.90833598893659551     
v -0.39401746158448858        7.8374946072694213E-002  0.90231544657288465     
v -0.40089416632234837        0.0000000000000000       0.90042304000366735     
v -0.39480412301507500       -7.8531422760178327E-002  0.90411693211412658     
v -0.37450632516462945      -0.15512559907769780       0.91045958783507430     
v -0.33869359935443799      -0.22630782788863293       0.91490809523324768     
v -0.28899983945139429      -0.28899983945139424       0.91797205787084690     
v -0.22771887671597651      -0.34080538316084252       0.92061262612354100     
v -0.15668605084849463      -0.37827358899311542       0.91961815537339753     
v  -7.9404179386895715E-002 -0.39919176687158520       0.91416480869774053     
v   0.0000000000000000      -0.40536500269631437       0.91046470290970349     
v   7.8781951479323389E-002 -0.39606361593874478       0.90700122032639607     
v  0.15426479606980398      -0.37242816286844022       0.90540738267722820     
v  0.22490421359374832      -0.33659294211215407       0.90923362036882993     
v  0.28994298396855517      -0.28994298396855528       0.92096783916585179     
v  0.34562060878775880      -0.23093630761664352       0.93361992509475678     
v  0.38367030094700305      -0.15892144213201589       0.93273806233102019     
v  0.40307742470581409       -8.0177084785529526E-002  0.92306311759456550     
v  0.45657549899788219        0.0000000000000000       0.89607987088950025     
v  0.44776362160941119        7.8952807469475042E-002  0.89234227194672577     
v  0.42580892885943045       0.15498177558960757       0.88933025399143995     
v  0.39086149811989929       0.22566399115538421       0.88578103951155740     
v  0.34736618949217996       0.29147484148634534       0.88995428252034270     
v  0.29511245696533261       0.35170133080773924       0.90106094084179023     
v  0.23263742256716183       0.40293983562819469       0.91315329900790576     
v  0.15878555546760365       0.43625972818280034       0.91115744310549063     
v   7.9504218943842922E-002  0.45089083147912207       0.89857444764237959     
v   0.0000000000000000       0.45674264186128838       0.89640790722914143     
v  -7.9259740873263818E-002  0.44950432744215185       0.89581130186031210     
v -0.15461859521698290       0.42481109898645503       0.88724621997000586     
v -0.22405193435768869       0.38806933384160403       0.87945336029830112     
v -0.29020240187186369       0.34584975501026222       0.88606916818806647     
v -0.35095217663375095       0.29448384197424415       0.89914160330815307     
v -0.39598577478906638       0.22862249366972995       0.89739381574199406     
v -0.42598020969718237       0.15504411671624954       0.88968798540714755     
v -0.44356616300297069        7.8212682266752806E-002  0.88397721152531283     
v -0.44754223461488285        0.0000000000000000       0.87835109131242028     
v -0.44151319174615067       -7.7850688043556160E-002  0.87988587192749679     
v -0.42406348889987217      -0.15434648739862955       0.88568478660605976     
v -0.39289973307242237      -0.22684076665389499       0.89040014342355445     
v -0.34862219663389687      -0.29252875661571603       0.89317218042883284     
v -0.29305554347543750      -0.34924999676650115       0.89478060817303806     
v -0.22850559747724614      -0.39578330464447253       0.89693497235114861     
v -0.15602587107371849      -0.42867755762577880       0.89532157586488526     
v  -7.8767525695324025E-002 -0.44671283645216198       0.89024817593424188     
v   0.0000000000000000      -0.45221634941072769       0.88752455811468245     
v   7.8240853443474562E-002 -0.44372592968535196       0.88429560845944744     
v  0.15403786244130566      -0.42321554879854528       0.88391380733678382     
v  0.22631513913317641      -0.39198931950068089       0.88833693923526380     
v  0.29256381709289925      -0.34866398008353811       0.89327922988002151     
v  0.35352796278823573      -0.29664518318646399       0.90574078304522421     
v  0.40342269465356662      -0.23291620135544117       0.91424756736508328     
v  0.43643162480875192      -0.15884812072282115       0.91151646063578851     
v  0.45395061099318867       -8.0043740627191884E-002  0.90467224226317611     
v  0.50411665860961785        0.0000000000000000       0.87315566565371283     
v  0.49483415095049421        7.8374030051761134E-002  0.86776147448498364     
v  0.47395961076174298       0.15399881275537203       0.86316860513486104     
v  0.44337777038304704       0.22591225775025967       0.86189360504356083     
v  0.40596757622583063       0.29495270911932403       0.86914919357410259     
v  0.35749730671756164       0.35749730671756158       0.87568598587727919     
v  0.29820324341253857       0.41044155285888273       0.87872767572491228     
v  0.23153786979866692       0.45441865568914735       0.88335626978456971     
v  0.15672331817937324       0.48234477625213606       0.87843955108853644     
v   7.8311824728023394E-002  0.49444140199352404       0.86707273379611194     
v   0.0000000000000000       0.49916561586572572       0.86458020807084646     
v  -7.7958864130146438E-002  0.49221289648405814       0.86316473507961766     
v -0.15323471207620390       0.47160795068072292       0.85888579473120008     
v -0.22400151907124843       0.43962773457834459       0.85460381269342767     
v -0.28996457708724521       0.39910200147995434       0.85445046120420098     
v -0.35320499793339244       0.35320499793339249       0.86517201953759870     
v -0.40863067018943583       0.29688756013995765       0.87485069809423699     
v -0.45126228533205615       0.22992961877369913       0.87722051917268018     
v -0.48141572067173216       0.15642144972240496       0.87674756807728116     
v -0.49588587040642995        7.8540606049168002E-002  0.86960581288417127     
v -0.49568047330866111        0.0000000000000000       0.85854376409039002     
v -0.48777808342823287       -7.7256458746355561E-002  0.85538766490570972     
v -0.47115452201393598      -0.15308738417152817       0.85806001679368848     
v -0.44329050677674375      -0.22586779472203344       0.86172397104463283     
v -0.40385489840336308      -0.29341775883332749       0.86462609288032166     
v -0.35311129098899563      -0.35311129098899552       0.86494248533847096     
v -0.29432810127929160      -0.40510787728742531       0.86730863614343778     
v -0.22833410972801324      -0.44813092251736447       0.87113338137431395     
v -0.15543595601387564      -0.47838268290900160       0.87122384218264248     
v  -7.8311089706468537E-002 -0.49443676125006836       0.86706459559793780     
v   0.0000000000000000      -0.49870321909023685       0.86377931336244373     
v   7.7570844368715974E-002 -0.48976303612760314       0.85886855941931584     
v  0.15290554326800859      -0.47059487325878879       0.85704079231890795     
v  0.22651182863892044      -0.44455449450792794       0.86418106974270237     
v  0.29408634086460556      -0.40477512262356619       0.86659623085619775     
v  0.35514122261968123      -0.35514122261968140       0.86991478204638684     
v  0.41128408741783234      -0.29881538060092988       0.88053148537709514     
v  0.45466964464006049      -0.23166575505669917       0.88384417374859059     
v  0.48461215255167350      -0.15746003339786471       0.88256886504978738     
v  0.50175601119091673       -7.9470345011945248E-002  0.87989993266712518     
v  0.54880080459067104        0.0000000000000000       0.84507913110242772     
v  0.54062747321935323        7.7730495786291737E-002  0.84105402172751775     
v  0.52112601422956528       0.15301640393717661       0.83634139395674123     
v  0.49378101518536910       0.22550223375044109       0.83589417364810992     
v  0.46113439017189178       0.29635307779379039       0.84407929752872313     
v  0.41706067321857976       0.36138513051362986       0.84977503166038737     
v  0.35888622126680392       0.41417677821351384       0.84389899940272395     
v  0.29484126857053911       0.45878196910236818       0.83977332953723360     
v  0.22785990624281954       0.49894359782324044       0.84463362011377363     
v  0.15440054451897772       0.52583996414583378       0.84390668783262435     
v   7.7354861569209163E-002  0.53801487985323848       0.83698961089647983     
v   0.0000000000000000       0.54207909622153960       0.83472860788782310     
v  -7.6928065364324158E-002  0.53504644704585058       0.83237162073772109     
v -0.15178191753931369       0.51692173965778110       0.82959406459698715     
v -0.22358728323183513       0.48958785844638342       0.82879581389040313     
v -0.29010825224619757       0.45141725194590421       0.82629264924876367     
v -0.35256163408604685       0.40687781551494578       0.82902711946641316     
v -0.41093186923853053       0.35607449163432775       0.83728738914066914     
v -0.46258859537814756       0.29728763873264619       0.84674113437091025     
v -0.50623688736680517       0.23119063997474548       0.85698002074220958     
v -0.53602487245477015       0.15739110342662946       0.86025217851976754     
v -0.54736021170686278        7.8698517439940177E-002  0.85152814126946341     
v -0.54404269899832935        0.0000000000000000       0.83775229100665061     
v -0.53409036719103375       -7.6790601833875580E-002  0.83088424755226686     
v -0.51724433782548063      -0.15187664090792349       0.83011179388682210     
v -0.49160301759703035      -0.22450757557977602       0.83220716374225423     
v -0.45669280913889004      -0.29349864698694916       0.83594924546980920     
v -0.41054470218363409      -0.35573900947154158       0.83649852335336417     
v -0.35639879410362635      -0.41130613423936185       0.83804996656250186     
v -0.29573427796034935      -0.46017151883626545       0.84231681835148586     
v -0.22830599036944807      -0.49992038580995501       0.84628716968711559     
v -0.15503064653665721      -0.52798589454664335       0.84735063492745621     
v  -7.7848775434680925E-002 -0.54145012624369138       0.84233382282694358     
v   0.0000000000000000      -0.54382592119789119       0.83741848246682316     
v   7.6873849782232759E-002 -0.53466936938979481       0.83178500112469855     
v  0.15136461313069352      -0.51550053135861185       0.82731320488633253     
v  0.22511804593304177      -0.49293976121044336       0.83447006199826290     
v  0.29504552513025750      -0.45909979851317018       0.84035509752400983     
v  0.35633739690679883      -0.41123527809703458       0.83790559480928695     
v  0.41347830114256356      -0.35828098743955716       0.84247582907477081     
v  0.46349789359628890      -0.29787200921405410       0.84840555111702787     
v  0.50069600949256221      -0.22866020583662644       0.84760017949773270     
v  0.52852163841090571      -0.15518795512863387       0.84821043612334046     
v  0.54536119109962600       -7.8411101667370947E-002  0.84841826542238363     
v  0.59051343330606221        0.0000000000000000       0.81277201339782412     
v  0.58543604972551466        7.7074118124062868E-002  0.81273666930676836     
v  0.56819443853640450       0.15224724094968475       0.80964037944641842     
v  0.54305226882737689       0.22493961482577948       0.80903115436830153     
v  0.51248659654239215       0.29588427446982518       0.81449953186399571     
v  0.47172368902338768       0.36196631745663971       0.81838939102646635     
v  0.41734701807757002       0.41734701807756996       0.81236512720273113     
v  0.35451012988223973       0.46200659619176615       0.80153128983277366     
v  0.29060862358842671       0.50334890117281428       0.79997691088024614     
v  0.22450584646360813       0.54200505936449439       0.80747103736068693     
v  0.15228621344960713       0.56833988588621220       0.80984763252652803     
v   7.6390416816734044E-002  0.58024282270849559       0.80552712689689299     
v   0.0000000000000000       0.58379150604786800       0.80352007424892324     
v  -7.6111003269176095E-002  0.57812046610548262       0.80258074695082926     
v -0.15058703523640771       0.56199846646343876       0.80081151939436079     
v -0.22250578771977317       0.53717649041958571       0.80027750750787596     
v -0.28996530415714178       0.50223463923233280       0.79820600441162981     
v -0.35308864982028476       0.46015408730803892       0.79831738802435792     
v -0.41218097373320445       0.41218097373320450       0.80230943232733265     
v -0.46527631086621957       0.35701907019493889       0.80720388983892599     
v -0.51485835155469850       0.29725360786463245       0.81826898331941533     
v -0.55703200810928533       0.23073021243478592       0.82985796102805875     
v -0.58373504295943068       0.15641133335472635       0.83178473709676104     
v -0.59364000823365914        7.8154189751763706E-002  0.82412588579961421     
v -0.58939892325209753        0.0000000000000000       0.81123802190936378     
v -0.57833482287530891       -7.6139223873298439E-002  0.80287832959411476     
v -0.56181002092245491      -0.15053654140588368       0.80054299666875972     
v -0.53833224608148422      -0.22298451738972083       0.80199933502059850     
v -0.50790201427745973      -0.29323736466504430       0.80721321426315940     
v -0.46682847142449430      -0.35821008488097905       0.80989671990792556     
v -0.41687904268427162      -0.41687904268427112       0.81145421404548368     
v -0.36036552753234907      -0.46963749897746310       0.81477007776962285     
v -0.29610344484773937      -0.51286621077245287       0.81510285615532274     
v -0.22713779869698927      -0.54835915414184044       0.81693727280020056     
v -0.15396099257371601      -0.57459024666884095       0.81875399297729212     
v  -7.7057467823406764E-002 -0.58530957813582374       0.81256109402640164     
v   0.0000000000000000      -0.58622888150523367       0.80687483376184155     
v   7.6167985841317926E-002 -0.57855329171218306       0.80318162085011402     
v  0.15010977451927129      -0.56021730521862967       0.79827347965251261     
v  0.22297089565862918      -0.53829936031353975       0.80195034229498152     
v  0.29418776176688349      -0.50954815034521195       0.80982943303963939     
v  0.35764930731564981      -0.46609765187283758       0.80862882732218544     
v  0.41468716112826398      -0.41468716112826420       0.80718772102664971     
v  0.46779248586992672      -0.35894979918176151       0.81156918031917125     
v  0.51076144591290984      -0.29488825828950133       0.81175773453780575     
v  0.54357448424238319      -0.22515592353315581       0.80980914308924701     
v  0.56909765401462875      -0.15248925680766676       0.81092740317089418     
v  0.58485933644334331       -7.6998192380073785E-002  0.81193604209510872     
v  0.62863283299598816        0.0000000000000000       0.77629689797131973     
v  0.62683607274648456        7.6111679108131325E-002  0.77976343724290476     
v  0.61237182144714175       0.15093609793129117       0.77884813227220984     
v  0.58936354477722186       0.22351610986187967       0.77838579950282050     
v  0.56015832562731216       0.29399376862358695       0.78122222164144306     
v  0.52107558009324650       0.35967250355757147       0.78188015447699011     
v  0.47156702044373483       0.41777192498491622       0.77799386860448794     
v  0.41403578884031877       0.46734979452616354       0.77103626604928166     
v  0.35199586341176792       0.50995404681623435       0.76519216047217575     
v  0.28827679033425535       0.54926553357531493       0.76603063951649708     
v  0.22161270830915220       0.58434468735820533       0.77175728068907445     
v  0.15005035060177682       0.60877820326732368       0.77427757120224361     
v   7.5280662061921105E-002  0.61999203162512373       0.77124967541353007     
v   0.0000000000000000       0.62321964167378241       0.76961216339974758     
v  -7.5277544531009141E-002  0.61996635644811693       0.77121773633863455     
v -0.14941031305107613       0.60618146884733415       0.77097490167666605     
v -0.22075498380986633       0.58208305372627767       0.76877028986079721     
v -0.28848450930047687       0.54966130899893850       0.76658260588309191     
v -0.35319973298964363       0.51169815300295562       0.76780921271333791     
v -0.41528244324317309       0.46875697645275766       0.77335784254517614     
v -0.47016569409863690       0.41653045817459405       0.77568195267920959     
v -0.51835808908267866       0.35779675494737728       0.77780252663890892     
v -0.56360729131231169       0.29580392545460615       0.78603230570434279     
v -0.59971378815623277       0.22744143940881453       0.79205560066207858     
v -0.62394917066206390       0.15378965822536039       0.79357284117765325     
v -0.63531307727722108        7.7140973810037747E-002  0.79030855179167159     
v -0.63116106375287206        0.0000000000000000       0.77941900294406019     
v -0.61938071404532802       -7.5206434669003425E-002  0.77048921647060431     
v -0.60402507259425386      -0.14887880911076656       0.76823227842829134     
v -0.58292676402238019      -0.22107496091891274       0.76988459718299307     
v -0.55630268205079081      -0.29197017076978121       0.77584496613544962     
v -0.52063912855348859      -0.35937124281156185       0.78122525370949192     
v -0.47524583637739792      -0.42103107150628527       0.78406319940166969     
v -0.42267764239089328      -0.47710443069541436       0.78712951854816016     
v -0.36077646800240021      -0.52267494870719799       0.78428002625512705     
v -0.29259882827025779      -0.55750048884277958       0.77751548184560515     
v -0.22396651938890610      -0.59055117709425542       0.77995433243771561     
v -0.15195772625031070      -0.61651673047244837       0.78411985533283246     
v  -7.5997847126338225E-002 -0.62589858203209658       0.77859722965910771     
v   0.0000000000000000      -0.62650196548513659       0.77366549574121612     
v   7.5406765481945109E-002 -0.62103058672592237       0.77254160376669057     
v  0.14920998046376480      -0.60536868759044238       0.76994116181192152     
v  0.22137653000120502      -0.58372193634103187       0.77093479929759812     
v  0.29221351551803398      -0.55676633673085374       0.77649159999352435     
v  0.35764492452041058      -0.51813812473448739       0.77747246749756016     
v  0.41557530449737295      -0.46908754847253048       0.77390322208480822     
v  0.46902841426477998      -0.41552291616075721       0.77380566214304014     
v  0.51584494720596741      -0.35606205835992571       0.77403152712587475     
v  0.55338578873552091      -0.29043926706060491       0.77177693434551908     
v  0.58424936048058440      -0.22157655559315906       0.77163138031992440     
v  0.60724866253749332      -0.14967335267126841       0.77233221725397172     
v  0.62129621207631591       -7.5439018238784808E-002  0.77287203295742646     
v  0.66396427100734745        0.0000000000000000       0.73740702878020215     
v  0.66317525348184247        7.4721905478800546E-002  0.74119119067791706     
v  0.65093013531203903       0.14857055566887020       0.74152267621422296     
v  0.63029644104243399       0.22055026359366348       0.74163309489249307     
v  0.60392604613566814       0.29083545545572231       0.74445172165730145     
v  0.56772167481762037       0.35672317126553388       0.74465663974987628     
v  0.52221481674453973       0.41645241963387164       0.74182010306733281     
v  0.47098628981841312       0.47098628981841301       0.73975145155240729     
v  0.41380745883375381       0.51889814080651930       0.73710867626117449     
v  0.35145655627863409       0.55933990508179154       0.73366262496500023     
v  0.28612115834043045       0.59413670730596524       0.73238453198682663     
v  0.21857875545331246       0.62466219448066684       0.73500360526999109     
v  0.14798954235919334       0.64838454967709658       0.73862281128225116     
v   7.4412360389151597E-002  0.66042796482563626       0.73812071098263510     
v   0.0000000000000000       0.66350708168759043       0.73689926860003374     
v  -7.4494931765614378E-002  0.66116080606095018       0.73893976366128733     
v -0.14799005735492840       0.64838680602083887       0.73862538165034364     
v -0.21849588892587382       0.62442537555116284       0.73472495423504836     
v -0.28632449674177934       0.59455894384711117       0.73290501743701397     
v -0.35218823233064850       0.56050436084786914       0.73518999261074536     
v -0.41638677290771936       0.52213249835364750       0.74170316759316002     
v -0.47586301400577080       0.47586301400577091       0.74741104563063310     
v -0.52530101385985806       0.41891357970618370       0.74620412854643281     
v -0.56750038624213284       0.35658412643791115       0.74436638483387274     
v -0.60484156607429174       0.29127634662117580       0.74558027108629377     
v -0.63541436565236054       0.22234110286907649       0.74765505856026937     
v -0.66122988218864309       0.15092140568132548       0.75325587990836018     
v -0.67546244705155301        7.6106339701421652E-002  0.75492384970614357     
v -0.67119277909389508        0.0000000000000000       0.74543510032466587     
v -0.65892782243312609       -7.4243334935518573E-002  0.73644409183821857     
v -0.64506761895209619      -0.14723247456620767       0.73484425009021104     
v -0.62603678914434613      -0.21905974692917646       0.73662101071331088     
v -0.60153088518121434      -0.28968200673209848       0.74149923814115104     
v -0.56991477867473983      -0.35810118975157740       0.74753324182674730     
v -0.52946338193163456      -0.42223295747815903       0.75211688362921303     
v -0.48126366920377672      -0.48126366920377656       0.75589354843044732     
v -0.42288491157180458      -0.53028090650704252       0.75327819913644012     
v -0.35495807332167506      -0.56491253753239812       0.74097201253869627     
v -0.28637490085588563      -0.59466360906852778       0.73303403688364965     
v -0.21989539251681420      -0.62842492702855701       0.73943099340521401     
v -0.14948370229870286      -0.65493089210156996       0.74608023426925607     
v  -7.4941931907902964E-002 -0.66512804205110643       0.74337370529557789     
v   0.0000000000000000      -0.66673781048272562       0.74048735643192998     
v   7.4614693616128394E-002 -0.66222372188279954       0.74012772090102252     
v  0.14823503201104765      -0.64946011011758853       0.73984806175537821     
v  0.22052675447131487      -0.63022925583074207       0.74155404196876773     
v  0.29080355396254542      -0.60385980200250400       0.74437006338258505     
v  0.35683254610381959      -0.56789574387558006       0.74488495881101879     
v  0.41626126617393283      -0.52197511788736972       0.74147960443491268     
v  0.46959961357784841      -0.46959961357784863       0.73757347783222449     
v  0.51731305832047303      -0.41254339773194842       0.73485702422935517     
v  0.55768098770870511      -0.35041418940690089       0.73148669282877865     
v  0.59303987766278832      -0.28559295302312088       0.73103248446138458     
v  0.62363261601759123      -0.21821849036749660       0.73379216028587779     
v  0.64500573658486093      -0.14721835031970668       0.73477375530732525     
v  0.65736500004033505       -7.4067247141981318E-002  0.73469741901825236     
v  0.69972903177349843        0.0000000000000000       0.69972903177349854     
v  0.69674756908086133        7.3231120421463000E-002  0.70058544947655932     
v  0.68535481045684388       0.14567666203471644       0.70066604461605919     
v  0.66680312969970568       0.21665747034917959       0.70111830188309043     
v  0.64426121147449322       0.28684357218007339       0.70523169491423654     
v  0.61349154773121695       0.35419951022817819       0.70839902045635661     
v  0.57258472877426159       0.41600715634091590       0.70775364764326720     
v  0.52574428529770389       0.47338228074852989       0.70745871770010271     
v  0.47308690850122481       0.52541624118331343       0.70701729080302433     
v  0.41353990924088152       0.56918885447243928       0.70355611616317026     
v  0.34956923199679169       0.60547167058127516       0.69913846399358337     
v  0.28331360323083754       0.63633277140376909       0.69655293678086094     
v  0.21600953543715815       0.66480899108781599       0.69902154046279352     
v  0.14668979059196063       0.69012120557202683       0.70553892383347727     
v   7.4062459964751234E-002  0.70465723648091105       0.70853868553590293     
v   0.0000000000000000       0.70792464390708376       0.70792464390708387     
v  -7.3997174758581780E-002  0.70403608923594807       0.70791411683826455     
v -0.14653194450677356       0.68937859812699365       0.70477972609637074     
v -0.21599583486845636       0.66476682507307294       0.69897720449114442     
v -0.28427554450338149       0.63849332687623972       0.69891795918275190     
v -0.35180916258718586       0.60935134416926606       0.70361832517437217     
v -0.41568106314401454       0.57213589999365799       0.70719886476018290     
v -0.47615651819558269       0.52882538812550883       0.71160475050847960     
v -0.53075410205964990       0.47789314002217753       0.71420009110430815     
v -0.57404385716939998       0.41706727517380426       0.70955722952755851     
v -0.60870493977852436       0.35143596083818629       0.70287192167637225     
v -0.63934366487154692       0.28465413937110035       0.69984877000140744     
v -0.66910047656041649       0.21740392359330343       0.70353387532310019     
v -0.69762147441602340       0.14828402194904153       0.71320675314509629     
v -0.71286056151898325        7.4924664169513641E-002  0.71678719678163527     
v -0.70901003183272016        0.0000000000000000       0.70901003183272027     
v -0.69804682451523059       -7.3367677670306872E-002  0.70189186157308547     
v -0.68611344270972652      -0.14583791429796097       0.70144162516475506     
v -0.66863015976471052      -0.21725110840290923       0.70303935497899050     
v -0.64488329857751236      -0.28712054320309771       0.70591265402559189     
v -0.61505190199692561      -0.35510038118351600       0.71020076236703256     
v -0.57826484959959701      -0.42013400568473086       0.71477466310379389     
v -0.53497195221528759      -0.48169090936055531       0.71987576832230915     
v -0.48172198178406389      -0.53500646163770149       0.71992220533058948     
v -0.41666733418196478      -0.57349338561897667       0.70887680927155572     
v -0.34716911233609055      -0.60131454138469520       0.69433822467218054     
v -0.28099723272258625      -0.63113011806024855       0.69085792368655274     
v -0.21607682691850508      -0.66501609297214936       0.69923930027073866     
v -0.14684824676115119      -0.69086668323663225       0.70630105591256853     
v  -7.3958794045308626E-002 -0.70367092114184826       0.70754693729621476     
v   0.0000000000000000      -0.70766994584025134       0.70766994584025145     
v   7.3863728839536999E-002 -0.70276643612722978       0.70663747012527467     
v  0.14693987681280790      -0.69129776873659377       0.70674177211903666     
v  0.21965501532387532      -0.67602862452026957       0.71081856118681908     
v  0.29016490596536337      -0.65172104929466590       0.71339750402396884     
v  0.35600686840077256      -0.61662198391362633       0.71201373680154623     
v  0.41658225949944649      -0.57337629036406923       0.70873207157664719     
v  0.47108560467510896      -0.52319356810805429       0.70402638916574034     
v  0.51976220423265984      -0.46799599076424747       0.69940903362782136     
v  0.56165737247033320      -0.40806796726744465       0.69424669243725101     
v  0.59801364292680592      -0.34526333772286061       0.69052667544572066     
v  0.63295825095693070      -0.28181116992874533       0.69285906427719135     
v  0.66390393275928583      -0.21571546415997916       0.69806990581961181     
v  0.68560812110103175      -0.14573050487427983       0.70092501437072396     
v  0.69673800105810579       -7.3230114781748873E-002  0.70057582875045954     
v  0.73856095492139362        0.0000000000000000       0.66500327077169763     
v  0.73148511298079200        7.2044995312352048E-002  0.66181899341840877     
v  0.71957542613461356       0.14313245152066220       0.66060190422369813     
v  0.70228013097811470       0.21303434869554111       0.66078923267339917     
v  0.68263588003346498       0.28275703967235427       0.66529031711982223     
v  0.65751890566646476       0.35145117717690350       0.67129879479867560     
v  0.62215000245791807       0.41570734122382014       0.67373042873055311     
v  0.57886660440276783       0.47506354495235592       0.67426492028126461     
v  0.52959493185186757       0.52959493185186746       0.67436691482281097     
v  0.47267392380584489       0.57595484261092456       0.67087329461565748     
v  0.41056613024287408       0.61445563647675505       0.66539814797700703     
v  0.34663055843653962       0.64850016233983776       0.66209104202748092     
v  0.28103810330569751       0.67848600054422570       0.66124588476260471     
v  0.21438781236167884       0.70674190273722082       0.66498740176150550     
v  0.14579560822770604       0.73296401902165453       0.67289322162396814     
v   7.3805186075196608E-002  0.74935662971064665       0.67798843966293298     
v   0.0000000000000000       0.75366192797390963       0.67860024798101570     
v  -7.3698539638243951E-002  0.74827383026503602       0.67700876526293352     
v -0.14536131804624694       0.73078069484136321       0.67088883395499821     
v -0.21376613648430803       0.70469251202037553       0.66305908959731819     
v -0.28220225536072596       0.68129651222414012       0.66398498222508717     
v -0.35197361114159492       0.65849631086825178       0.67229668387583374     
v -0.41614960273643486       0.62281189358630284       0.67444719509226292     
v -0.47310720763470887       0.57648280048397571       0.67148826094896663     
v -0.52875299065597059       0.52875299065597070       0.67329481754130216     
v -0.57835452948223132       0.47464329592575633       0.67366845444121182     
v -0.61489459647807976       0.41085943393866020       0.66587350071946405     
v -0.64436466248579993       0.34442008771183358       0.65786887283359008     
v -0.67392716226358773       0.27914977066119168       0.65680288512819507     
v -0.70436714227286112       0.21366743665045357       0.66275294278166541     
v -0.73057508083441469       0.14532041887735869       0.67070007124911346     
v -0.74340337822295210        7.3218841981635474E-002  0.67260217159372060     
v -0.74200259246975997        0.0000000000000000       0.66810213513925398     
v -0.73532884694255352       -7.2423570064377524E-002  0.66529665290374673     
v -0.72625112182473928      -0.14446032995429137       0.66673048661373935     
v -0.71000481364731260      -0.21537760556516122       0.66805753902077591     
v -0.68654875068780163      -0.28437780376519206       0.66910376296205487     
v -0.65761628718839482      -0.35150322868481093       0.67139821718447146     
v -0.62251488422294821      -0.41595114742457928       0.67412556165190396     
v -0.58260116478026425      -0.47812841944723611       0.67861494330222660     
v -0.53555312795387466      -0.53555312795387455       0.68195386492667576     
v -0.47657760318683412      -0.58071148969942432       0.67641384617890166     
v -0.40935914415764346      -0.61264925414614191       0.66344200438262102     
v -0.34213649097038179      -0.64009235347695259       0.65350702732020571     
v -0.27768097999106095      -0.67038118790747014       0.65334701286469132     
v -0.21267803313434250      -0.70110551598987259       0.65968401425338485     
v -0.14425643452023060      -0.72522607025682029       0.66578944416968000     
v  -7.2991030725561054E-002 -0.74109037172381620       0.67050945418107166     
v   0.0000000000000000      -0.74778241652284705       0.67330631209198344     
v   7.3113365321336055E-002 -0.74233245571902173       0.67163324298396099     
v  0.14531484534497485      -0.73054706079495191       0.67067434761993827     
v  0.21794948048186186      -0.71848314901632471       0.67603497206453067     
v  0.28909503159924083      -0.69793714610156521       0.68020278283182412     
v  0.35472597865833061      -0.66364562831294804       0.67755391764488659     
v  0.41543470881403821      -0.62174197922234953       0.67328857762013650     
v  0.47165774813538169      -0.57471662897384823       0.66943102101938434     
v  0.52296723675911549      -0.52296723675911572       0.66592744906648926     
v  0.56875561192080182      -0.46676566786817891       0.66248761703391124     
v  0.60674736212876978      -0.40541562598832898       0.65705080575933650     
v  0.64061326985895473      -0.34241492657746120       0.65403886075710815     
v  0.67483293422817792      -0.27952495369334263       0.65768564171217503     
v  0.70647685390922865      -0.21430741067871353       0.66473801208928751     
v  0.73021784304667658      -0.14524935986328233       0.67037211124065677     
v  0.74051282478162461       -7.2934147316720016E-002  0.66998691239703523     
v  0.77927855946451008        0.0000000000000000       0.63104733486556630     
v  0.76865988782722072        7.1226827926059874E-002  0.62511513508151206     
v  0.75548454771420603       0.14122453748225247       0.62237646611209174     
v  0.73857790242476673       0.21014353132859021       0.62182641614887024     
v  0.71992626250528224       0.27890091993991445       0.62520338308298340     
v  0.69777552128951770       0.34745092494788166       0.63122279627801547     
v  0.66692006125018510       0.41293941930368999       0.63520387242534504     
v  0.62681749453277391       0.47335059943670016       0.63605995139963312     
v  0.58086438771065196       0.52952785606678399       0.63649395245285245     
v  0.52851662153224721       0.57975511626816623       0.63527844573612380     
v  0.46891403973692752       0.62094254003041160       0.63009837038467897     
v  0.40666690512935061       0.65678960302365608       0.62555518037239988     
v  0.34402767070192292       0.69090069999975212       0.62500368456366673     
v  0.27941511415341946       0.72125355077098674       0.62635603601046108     
v  0.21292041559352060       0.74833763827150912       0.63004337138705879     
v  0.14430317690213487       0.77195381397041374       0.63594402849706755     
v   7.2971077331482614E-002  0.78748333667863857       0.64042336562378155     
v   0.0000000000000000       0.79350748062272136       0.64256968802907632     
v  -7.3139527052878073E-002  0.78930119867983362       0.64190174776448183     
v -0.14427592053499741       0.77180800528471127       0.63582390970071290     
v -0.21213290292499143       0.74556981833825697       0.62771307752910666     
v -0.27998246328467946       0.72271804769588643       0.62762784463816090     
v -0.35049428871449473       0.70388741965053270       0.63675175144525498     
v -0.41656573083858900       0.67277675547193072       0.64078204448136378     
v -0.47155340839299714       0.62443762897740929       0.63364499460170387     
v -0.52335114949918016       0.57408886336881815       0.62906953401798960     
v -0.57615458525631069       0.52523430382135416       0.63133309073906974     
v -0.61938001548374044       0.46773407597195210       0.62851280633152962     
v -0.65109358668531381       0.40314008112784988       0.62013004496901947     
v -0.68179656132535993       0.33949434829842917       0.61676788422900830     
v -0.71392169826411578       0.27657473936015359       0.61998885755025379     
v -0.74118276487158019       0.21088467859471013       0.62401951219810903     
v -0.75924937235607193       0.14192830517724767       0.62547796999225136     
v -0.76843522122788543        7.1206009499776554E-002  0.62493242424435780     
v -0.77119661624106473        0.0000000000000000       0.62450270628603166     
v -0.77021226707597601       -7.1370677047600056E-002  0.62637761251678792     
v -0.76474086250395235      -0.14295484259428559       0.63000191987616094     
v -0.74975072964823208      -0.21332247475480837       0.63123308684374080     
v -0.72563808874633984      -0.28111369321425567       0.63016368704114778     
v -0.69712191903119869      -0.34712546969433344       0.63063153356878876     
v -0.66338612295115384      -0.41075129734748228       0.63183799482938729     
v -0.62421734148844377      -0.47138705500327871       0.63342145896214763     
v -0.58108328134689891      -0.52972740398254681       0.63673380960135273     
v -0.53004733509010848      -0.58143422905394471       0.63711836768046326     
v -0.46940257027920357      -0.62158945901789475       0.63075482822659801     
v -0.40448632237117160      -0.65326784094751844       0.62220089994435301     
v -0.33979031765786888      -0.68239094792571209       0.61730557917601803     
v -0.27544772827724445      -0.71101254731224517       0.61746247240258700     
v -0.20988629604786888      -0.73767381419105438       0.62106524262281959     
v -0.14217182840603043      -0.76055210656667760       0.62655117673980576     
v  -7.2082825670926540E-002 -0.77789757466107290       0.63262771371925963     
v   0.0000000000000000      -0.78535522975574623       0.63596812544239978     
v   7.2211923297227407E-002 -0.77929075992343522       0.63376072613120804     
v  0.14320421336244191      -0.76607487828727294       0.63110089672680980     
v  0.21474721130682231      -0.75475815922477707       0.63544896167221632     
v  0.28612517109097868      -0.73857420433245802       0.64139775870877791     
v  0.35208690254300867      -0.70708581938013682       0.63964509287002225     
v  0.41234783481420106      -0.66596461949403107       0.63429386785560971     
v  0.46951418618803736      -0.62173726236790361       0.63090481094476281     
v  0.52338828092871215      -0.57412959460671742       0.62911416609932802     
v  0.57413891818024443      -0.52339678048903082       0.62912438259441805     
v  0.61809571443320577      -0.46676421683842423       0.62720956819457485     
v  0.65234448001814249      -0.40391460148865771       0.62132145055894039     
v  0.68364563559044844      -0.34041507787993530       0.61844059671679785     
v  0.71692166321503403      -0.27773693197372351       0.62259410802398640     
v  0.74968650139467230      -0.21330420024108462       0.63117901153957123     
v  0.77542164709389183      -0.14495142726067689       0.63880086750322174     
v  0.78492676170539510       -7.2734175772570728E-002  0.63834422277392810     
v  0.81800189693462522        0.0000000000000000       0.59431316611206320     
v  0.80622521805263547        7.0535566828321725E-002  0.58799440429433925     
v  0.79185599278394969       0.13962557636349787       0.58419224772930245     
v  0.77491711809288022       0.20763841599404018       0.58287109284242333     
v  0.75598078487057530       0.27515450337009079       0.58450197268121529     
v  0.73350913811920737       0.34204092843165901       0.58801832131076182     
v  0.70482982233725433       0.40693368765928983       0.59130926032504882     
v  0.66771861856449388       0.46754161012183243       0.59222946034295099     
v  0.62408746771724655       0.52367156398390413       0.59190571847974172     
v  0.57705655621196772       0.57705655621196772       0.59291770395524368     
v  0.52383828561341828       0.62428615881818295       0.59209416385789604     
v  0.46368080786345345       0.66220482151476434       0.58733902751628797     
v  0.40214973180043051       0.69654376772854287       0.58435776555792507     
v  0.34079650372402853       0.73084046072164066       0.58587897345279127     
v  0.27712115796027786       0.76138412394898081       0.58867967456676551     
v  0.21063392133982664       0.78609649623769950       0.59127990999774194     
v  0.14186280327934811       0.80454393711817007       0.59355278649799104     
v   7.1453843161029124E-002  0.81672116456386712       0.59564928493834057     
v   0.0000000000000000       0.82368076268980916       0.59843910359403762     
v  -7.1951119251609338E-002  0.82240505628811478       0.59979464835992280     
v -0.14259397997949111       0.80869064624461984       0.59661202371705091     
v -0.21059042638549516       0.78593417085826178       0.59115781336430873     
v -0.27776395175968882       0.76315018539822810       0.59004514101990824     
v -0.34660200872659369       0.74329040637669486       0.59585948462033644     
v -0.41329121172691202       0.71584137703271811       0.60054728354093923     
v -0.47019236737701342       0.67150429225483821       0.59558714339136898     
v -0.52012917911065970       0.61986581781820604       0.58790176255061277     
v -0.57136172546960506       0.57136172546960506       0.58706634340517805     
v -0.61895772651172287       0.51936720003031456       0.58704049796029001     
v -0.65518204852465234       0.45876340927664178       0.58111021654350647     
v -0.68764885123733555       0.39701424936981250       0.57689547278258868     
v -0.72399282056543679       0.33760339667890099       0.58038955599315933     
v -0.75705732072523146       0.27554633037730614       0.58533431834832950     
v -0.77751238386057764       0.20833381536063908       0.58482317953520047     
v -0.78759166676752212       0.13887366063226494       0.58104623857702087     
v -0.79513636873156968        6.9565418221181355E-002  0.57990710907601462     
v -0.80150664610170674        0.0000000000000000       0.58232866487183221     
v -0.80440012932561911       -7.0375892254778652E-002  0.58666333459471065     
v -0.80243451161173951      -0.14149085464876943       0.59199655652783345     
v -0.78956718997904685      -0.21156389092499647       0.59389046925202593     
v -0.76347808229626979      -0.27788329647048415       0.59029866119869723     
v -0.73270925096164352      -0.34166793492442699       0.58737709098494095     
v -0.70020948300605867      -0.40426613350267637       0.58743307724397475     
v -0.66165887308361138      -0.46329853065648602       0.58685480147291058     
v -0.61858513838359519      -0.51905456146942142       0.58668712274433976     
v -0.57285326754845656      -0.57285326754845645       0.58859888245221792     
v -0.52119029413411344      -0.62113040545956244       0.58910114035445760     
v -0.46294722669513860      -0.66115715903145156       0.58640980887558614     
v -0.40128528277261949      -0.69504649809182006       0.58310164759392957     
v -0.33807784258060486      -0.72501027308504717       0.58120519780524205     
v -0.27350631791076518      -0.75145243253800320       0.58100078465586491     
v -0.20777282792867408      -0.77541875026207785       0.58324840660132538     
v -0.14059678866251893      -0.79736401143837699       0.58825579189337729     
v  -7.1198727355853295E-002 -0.81380517756744741       0.59352260371019538     
v   0.0000000000000000      -0.81977282292775033       0.59559981916001881     
v   7.1093308633189148E-002 -0.81260023605370924       0.59264381841333835     
v  0.14046603503251118      -0.79662247075366677       0.58770871979525419     
v  0.20975089570457309      -0.78280099970254891       0.58880112920679872     
v  0.28034388152091033      -0.77023848416096441       0.59552560387384501     
v  0.34731537811307250      -0.74482023196287939       0.59708587080468978     
v  0.40773796896507680      -0.70622287842245490       0.59247794947131638     
v  0.46531882024568116      -0.66454414563346187       0.58941387854165239     
v  0.52098732438876527      -0.62088851553635616       0.58887172374830099     
v  0.57446297698912074      -0.57446297698912108       0.59025283684424346     
v  0.62456249789920903      -0.52407016163438735       0.59235625321357099     
v  0.66439539098283484      -0.46521466111796883       0.58928194139924706     
v  0.69403460019890628      -0.40070106325175331       0.58225272693872920     
v  0.72344909367948174      -0.33734985266803585       0.57995367680077392     
v  0.75682434688274347      -0.27546153483327840       0.58515418986723255     
v  0.79042259274078941      -0.21179309540420863       0.59453387940637181     
v  0.81592700221025005      -0.14386994477824247       0.60195064979989255     
v  0.82433140978471842       -7.2119653344505930E-002  0.60119957225877041     
v  0.85171017056231624        0.0000000000000000       0.55310705196671517     
v  0.84114785401652614        6.9699498354202055E-002  0.54811991078860545     
v  0.82625165213607377       0.13787701492643653       0.54399345852082392     
v  0.80953455312528533       0.20500199052318724       0.54231250416039789     
v  0.79053024336788269       0.27138937534091323       0.54278598450193039     
v  0.76623909824465553       0.33610363066518067       0.54336752788206433     
v  0.73773588639484233       0.39924269643958998       0.54474768091927095     
v  0.70441036669285784       0.46021426159419443       0.54642589345763593     
v  0.66336706185621797       0.51631930907125267       0.54590481912538291     
v  0.61834510893952943       0.56922677258985643       0.54579986206303566     
v  0.57129830899108791       0.62059539733665403       0.54778614299094508     
v  0.51687504893158587       0.66408107644337089       0.54649240332493887     
v  0.45608782895797662       0.69809439135488616       0.54152645893722906     
v  0.39569922068468938       0.73118811670419270       0.53991277669412152     
v  0.33599513521280355       0.76599175352710924       0.54319212690341978     
v  0.27350106048395773       0.79668137204766332       0.54700941107449108     
v  0.20739235792041874       0.81897390050812990       0.54863598485318321     
v  0.13892057310832570       0.83250535346798926       0.54811081502753711     
v   6.9657820383153879E-002  0.84064487570628310       0.54779215339705689     
v   0.0000000000000000       0.84645317939621045       0.54969312198607378     
v  -7.0174993514622835E-002  0.84688622722189244       0.55185922557657996     
v -0.13985976121611901       0.83813359923574782       0.55181637963693031     
v -0.20809889387776870       0.82176394790738005       0.55050505589650345     
v -0.27508934077102087       0.80130787446800045       0.55018601398385580     
v -0.34140675666721648       0.77832900776939318       0.55194091478678342     
v -0.40594277673336221       0.75011655038324543       0.55388962198558056     
v -0.46500636542956941       0.71174522765134618       0.55211569892067391     
v -0.51772458904743412       0.66517256560652649       0.54739062277002637     
v -0.56840138340617830       0.61744849727388917       0.54500844232613521     
v -0.61662717100749931       0.56764529931478469       0.54428347538385091     
v -0.65606516001862480       0.51063601074597453       0.53989586325294536     
v -0.68945573594124454       0.45044391369162251       0.53482527277378067     
v -0.72677426360425024       0.39331056283869420       0.53665356661033115     
v -0.76661054485048352       0.33626656225285784       0.54363093394475592     
v -0.79665746543381677       0.27349285333305773       0.54699299655393130     
v -0.81143560460110264       0.20548340213820146       0.54358603100666802     
v -0.81873043593225570       0.13662194592159066       0.53904158652828960     
v -0.82709506417010836        6.8535050988504015E-002  0.53896264565362451     
v -0.83469088049304929        0.0000000000000000       0.54205459576490223     
v -0.83802575853685002       -6.9440794146958945E-002  0.54608544956086502     
v -0.83837344714158091      -0.13989978475278256       0.55197429241262730     
v -0.82916987072244352      -0.20997432824049928       0.55546633214092100     
v -0.80217302222408526      -0.27538634637083331       0.55078003310009538     
v -0.76650088046533482      -0.33621845899359054       0.54355316701013778     
v -0.73278234827188349      -0.39656197566458368       0.54108996485232774     
v -0.69631940838007278      -0.45492817470284186       0.54014956742094122     
v -0.65313790495538870      -0.50835763667733092       0.53748693652487056     
v -0.60829873953245495      -0.55997843804146441       0.53693214894079622     
v -0.56324007549895427      -0.61184182230032302       0.54005955151586804     
v -0.51370058068193014      -0.66000251955283351       0.54313603550138245     
v -0.45811892549444433      -0.70120321603816704       0.54393803943843644     
v -0.39847374596560975      -0.73631499037200954       0.54369848455029945     
v -0.33597027533920770      -0.76593507872389721       0.54315193677505791     
v -0.27108670819510694      -0.78964860409171989       0.54218064214279571     
v -0.20519188836712071      -0.81028444275238509       0.54281486013760283     
v -0.13853433871474005      -0.83019077764124571       0.54658692807887710     
v  -7.0048278520512194E-002 -0.84535700466097008       0.55086273330751423     
v   0.0000000000000000      -0.85071608468630100       0.55246148505054049     
v   6.9862548266546101E-002 -0.84311557382949787       0.54940214244763297     
v  0.13741584006931654      -0.82348798273242529       0.54217389413845651     
v  0.20368791548109938      -0.80434538813593792       0.53883624851570655     
v  0.27229380668544856      -0.79316476187107410       0.54459487129840645     
v  0.34021178373929084      -0.77560474389604961       0.55000904191635935     
v  0.40161326946159437      -0.74211632166704289       0.54798221512040513     
v  0.45953175555291981      -0.70336571342822662       0.54561553401309859     
v  0.51717608984991703      -0.66446785382315010       0.54681069412906669     
v  0.57225416032458487      -0.62163372867559052       0.54870265562017728     
v  0.62447283310454771      -0.57486774006796371       0.55120867173206234     
v  0.67060374305602488      -0.52195184413652740       0.55186010296235011     
v  0.70443307476157713      -0.46022909751594138       0.54644350858274682     
v  0.73068775082665138      -0.39542843621311946       0.53954330415465523     
v  0.75995437504954688      -0.33334689547842195       0.53891080606537256     
v  0.79412233468295212      -0.27262254184699297       0.54525235038385322     
v  0.82680720717104039      -0.20937602057209390       0.55388356833905072     
v  0.84905214888537550      -0.14168174490489643       0.55900501226547261     
v  0.85604578052309632       -7.0933975740154753E-002  0.55782789507308528     
v  0.87940785666595034        0.0000000000000000       0.50772636277355843     
v  0.87096312448935875        6.8546284478615174E-002  0.50440570884163272     
v  0.85639923324257694       0.13564031325148757       0.50060561365790923     
v  0.84057335465890592       0.20180380790232039       0.49909529532491886     
v  0.82274688725860101       0.26732666868463384       0.49945836939753768     
v  0.79778459040115879       0.33045319719642446       0.49855109006629872     
v  0.76892096781106301       0.39178480174962305       0.49824183740478672     
v  0.73969294193294854       0.45328441779805578       0.50087004693963721     
v  0.70370711561168764       0.51127314675187630       0.50219648716151166     
v  0.65934582500441441       0.56313453417724513       0.50061875731730732     
v  0.61324204447686159       0.61324204447686148       0.50071003259648605     
v  0.56393106732321108       0.66027844549276282       0.50132686418963424     
v  0.50662920839669012       0.69731528281982680       0.49763499289296775     
v  0.44637644390820147       0.72842015308614794       0.49323687652694803     
v  0.38863416512106541       0.76273749526482626       0.49423509958392914     
v  0.33075476805865267       0.79851264686676648       0.49900606669648911     
v  0.26904033136892841       0.82802099869032586       0.50266008202204526     
v  0.20346120634060247       0.84747691599283015       0.50319432483097160     
v  0.13582442560224911       0.85756167287606777       0.50128511427336475     
v   6.7868194540740751E-002  0.86234717490918578       0.49941590613571574     
v   0.0000000000000000       0.86521602770782302       0.49953270650429049     
v  -6.8087015043962584E-002  0.86512755302359656       0.50102612194648199     
v -0.13625624594683686       0.86028807923077677       0.50287882696401276     
v -0.20414768522901428       0.85033630634890434       0.50489210440761922     
v -0.27097393274226300       0.83397201180449743       0.50627271593448842     
v -0.33546101542511336       0.80987453308675872       0.50610633013644613     
v -0.39693500054991859       0.77902880208196312       0.50479146490896709     
v -0.45567555240558244       0.74359491897639307       0.50351220196655999     
v -0.51209069714495525       0.70483237719179570       0.50299952353862276     
v -0.56596170072512220       0.66265601173032429       0.50313206900044738     
v -0.61537139585114642       0.61537139585114653       0.50244864071318351     
v -0.65689225465477330       0.56103898713119094       0.49875584518099453     
v -0.69139107273028544       0.50232501782180006       0.49340721484415789     
v -0.72677014435213860       0.44536531725556278       0.49211960217538475     
v -0.76709281128511064       0.39085330947399116       0.49705723703012528     
v -0.80462616264087927       0.33328706920607204       0.50282652147838558     
v -0.82961569322344741       0.26955847903221464       0.50362816047185133     
v -0.84214284151764507       0.20218060835975915       0.50002718723289974     
v -0.85043747105526324       0.13469606288410202       0.49712068337958276     
v -0.85987368000044073        6.7673526269600576E-002  0.49798341729929890     
v -0.86676145465710819        0.0000000000000000       0.50042495916947316     
v -0.86834246367521395       -6.8340033999533478E-002  0.50288799099753090     
v -0.86855430833461955      -0.13756548801704332       0.50771082649476662     
v -0.86284066137807003      -0.20714971526751352       0.51231663759266355     
v -0.83894357663771657      -0.27258929207767468       0.50929076401635653     
v -0.80099984121606094      -0.33178499769038799       0.50056036276709126     
v -0.76411375336892695      -0.38933540365017755       0.49512688091807888     
v -0.72922007966442504      -0.44686663954582345       0.49377853271980404     
v -0.68860626425680815      -0.50030173603346884       0.49141985248590980     
v -0.64397733487614051      -0.55000860359395032       0.48894998785204480     
v -0.60116739516668827      -0.60116739516668805       0.49085112271882819     
v -0.55828801009600948      -0.65367127438674477       0.49631026491344216     
v -0.50970747056934351      -0.70155214722073700       0.50065860651220384     
v -0.45456556556537964      -0.74178358507851772       0.50228568912180926     
v -0.39534551330023310      -0.77590925770736341       0.50277007703409748     
v -0.33269041319900428      -0.80318570761654362       0.50192635314821921     
v -0.26704167385999389      -0.82186976337862605       0.49892590082228527     
v -0.20092783332158201      -0.83692465793915227       0.49692886052561985     
v -0.13526208679106863      -0.85401120535521580       0.49920969908958557     
v  -6.8464529315794789E-002 -0.86992432665231667       0.50380410408409082     
v   0.0000000000000000      -0.87796776034259139       0.50689492277360815     
v   6.8631619701923552E-002 -0.87204741130791930       0.50503365788554244     
v  0.13459648882650280      -0.84980878519827563       0.49675318693981629     
v  0.19804649605612387      -0.82492302448978783       0.48980282118878810     
v  0.26398709203445991      -0.81246872718122631       0.49321888900307836     
v  0.33184269798072868      -0.80113914203955350       0.50064741455805717     
v  0.39402314038691694      -0.77331395473549436       0.50108838466848626     
v  0.45148886820876682      -0.73676287130634488       0.49888600122406163     
v  0.51048687474412269      -0.70262490503564334       0.50142417388287430     
v  0.56830891316810028      -0.66540424440075863       0.50521870816932746     
v  0.62082984661682428      -0.62082984661682461       0.50690544710052188     
v  0.66892331117758674      -0.57131448013304587       0.50789061533840774     
v  0.70963942845087458      -0.51558322431897807       0.50643004769044464     
v  0.73966698155458477      -0.45326850925773388       0.50085246832668506     
v  0.76511161938848971      -0.38984384178233072       0.49577347350676343     
v  0.79456373056829821      -0.32911907337115154       0.49653831218121092     
v  0.82807307916304940      -0.26905725334030561       0.50269169809788439     
v  0.85745084968616081      -0.20585573596484438       0.50911640569950445     
v  0.87498863622464929      -0.13858458543877059       0.51147199364302376     
v  0.88089850669842928       -6.9328216016424568E-002  0.51015964188985097     
v  0.90090703529376304        0.0000000000000000       0.45903506211074785     
v  0.89407480181381971        6.7001643798064170E-002  0.45683125812753000     
v  0.88076589057411581       0.13275409789050810       0.45384167280396309     
v  0.86651534651883877       0.19777647330184447       0.45286591543036092     
v  0.85071408525413950       0.26241054271799324       0.45361324020073324     
v  0.82748397884132252       0.32476352987392987       0.45293375915117268     
v  0.79971376297177044       0.38512185055826464       0.45226259093028348     
v  0.77356456182257805       0.44661770800382039       0.45512617684563628     
v  0.74318227395132730       0.50669309493577930       0.45830611436122143     
v  0.70157673718712732       0.55948877816567810       0.45722282919800861     
v  0.65461921051104766       0.60739786326348844       0.45500892951919258     
v  0.60694978930961485       0.65413630163751413       0.45467327201621427     
v  0.55375693250351288       0.69438923006516806       0.45253867682095145     
v  0.49518092497914812       0.72629702184903122       0.44789330642398612     
v  0.43818587046987884       0.75896019081262533       0.44653370522654523     
v  0.38358906077454097       0.79653089218942053       0.45046258015983909     
v  0.32635500554974545       0.83153899273085718       0.45515332198424274     
v  0.26433284660666018       0.85694604139922992       0.45693621071311025     
v  0.19907096109830599       0.87218686812496682       0.45583001622137487     
v  0.13255974050559913       0.87947641357921225       0.45317723018342992     
v   6.6073813864202274E-002  0.88169377177917430       0.45050511906604740     
v   0.0000000000000000       0.88120914323500499       0.44899848480541643     
v  -6.5921979832359270E-002  0.87966768742909729       0.44946988279628508     
v -0.13229484988707532       0.87771897915544517       0.45227165812703962     
v -0.19914626234415334       0.87251678443932645       0.45600244000396356     
v -0.26506866295979709       0.85933149942728826       0.45820817195629004     
v -0.32821992372998721       0.83629072675899430       0.45775424334451409     
v -0.38769434955631804       0.80505561218388932       0.45528357003167363     
v -0.44475239595879140       0.77033374658861720       0.45322532892925449     
v -0.50237481794442318       0.73684852489087371       0.45440021398794955     
v -0.56042773511444788       0.70275415195965751       0.45799015924887965     
v -0.61377465011416010       0.66149175226046264       0.45978585603504613     
v -0.65824812047559644       0.61076499964300557       0.45753129123998881     
v -0.69504066724469360       0.55427643631871315       0.45296322332382105     
v -0.72949655286874204       0.49736232829236326       0.44986639523519456     
v -0.76682456543940569       0.44272636927765857       0.45116070461847096     
v -0.80550279029123684       0.38790969918290319       0.45553646292760774     
v -0.83760747536150593       0.32873670947453631       0.45847498224658650     
v -0.85825822849714040       0.26473760272211522       0.45763588813887540     
v -0.86995464335404316       0.19856147036097066       0.45466339116575194     
v -0.87861525833148446       0.13242994223652518       0.45273349349658132     
v -0.88762906688463161        6.6518602742812336E-002  0.45353778291574265     
v -0.89393246828417028        0.0000000000000000       0.45548134272015611     
v -0.89414204346666648       -6.7006682863322953E-002  0.45686561553119054     
v -0.89128380546902686      -0.13433941848308112       0.45926135145115116     
v -0.88523014496262442      -0.20204800392116537       0.46264680894065885     
v -0.86697659171562558      -0.26742686162052876       0.46228464740751096     
v -0.83414990430250235      -0.32737971283094686       0.45658243725800601     
v -0.79716387728929983      -0.38389389033272603       0.45082055259266035     
v -0.76232161204008198      -0.44012658792041093       0.44851139508919313     
v -0.72515891751866102      -0.49440497858520494       0.44719145952629785     
v -0.68303361325842138      -0.54470113028578693       0.44513813605546670     
v -0.64053000134214166      -0.59432498760256047       0.44521588360978348     
v -0.60006612011659333      -0.64671747064534746       0.44951663393742297     
v -0.55707354380379270      -0.69854812909116271       0.45524906255386233     
v -0.50688920461857612      -0.74346991402667373       0.45848349642466285     
v -0.45051566651899139      -0.78031602401665079       0.45909839497474292     
v -0.39071370209139555      -0.81132536232677221       0.45882930548778067     
v -0.32755241200846552      -0.83458993463045017       0.45682329339017785     
v -0.26158830613590733      -0.84804845972497356       0.45219188953262296     
v -0.19592239458930802      -0.85839209691667340       0.44862047086653062     
v -0.13165880305642566      -0.87349908416052091       0.45009722764097121     
v  -6.6766589147888633E-002 -0.89093821548760699       0.45522860623003508     
v   0.0000000000000000      -0.90223387868718663       0.45971112258719071     
v   6.7352936970174346E-002 -0.89876248342025122       0.45922644864360651     
v  0.13211712442220808      -0.87653984774007565       0.45166407445499457     
v  0.19371817878364050      -0.84873479647662053       0.44357328708387672     
v  0.25720613494507688      -0.83384180965130972       0.44461669513533320     
v  0.32379780599637320      -0.82502335453115705       0.45158690549942881     
v  0.38586589474380067      -0.80125878664303163       0.45313634906846606     
v  0.44187787922761496      -0.76535493756301309       0.45029605007019075     
v  0.49983966816333036      -0.73313014309733682       0.45210715995364559     
v  0.55993139075005438      -0.70213175581288589       0.45758453900518414     
v  0.61420467788636846      -0.66195521197569507       0.46010799492971521     
v  0.66132540891047642      -0.61362030604095263       0.45967023506273930     
v  0.70464406171185345      -0.56193488784921375       0.45922182762957953     
v  0.74268244713582798      -0.50635231878307219       0.45799788084476917     
v  0.77271066704246261      -0.44612471162266071       0.45462378844021756     
v  0.79811796719299977      -0.38435335581440877       0.45136011961252048     
v  0.82561616026456586      -0.32403046510208855       0.45191138517050977     
v  0.85565056319625465      -0.26393324450271632       0.45624544271543982     
v  0.88049181512114605      -0.20096651105534016       0.46017042108452594     
v  0.89455063223754316      -0.13483181339217121       0.46094468426552454     
v  0.90041592643623369       -6.7476845394583734E-002  0.46007128226569394     
v  0.91652649878628079        0.0000000000000000       0.40806388810505162     
v  0.91036808526890212        6.5110810496511184E-002  0.40635733767480070     
v  0.89936565233708921       0.12930925917070299       0.40454103140136261     
v  0.88749501383699325       0.19306272287491685       0.40437957894467452     
v  0.87358711065894890       0.25650831957894804       0.40536622099062547     
v  0.85325519181392084       0.31824773265822665       0.40545792068415581     
v  0.82857562664329965       0.37839780974384424       0.40555481646763791     
v  0.80465316011738919       0.43937386701883674       0.40818416854784656     
v  0.77724591291027478       0.49950561789100872       0.41135301364127391     
v  0.73877867010331022       0.55304278512454530       0.41087883947650911     
v  0.69300247074174148       0.60049005916224862       0.40826298741556744     
v  0.64709190353010215       0.64709190353010204       0.40744041090803590     
v  0.59834058364407661       0.69052184375689130       0.40680159553565881     
v  0.54308871366813949       0.72548158736310098       0.40348353944171489     
v  0.48662283091413805       0.75719990508569135       0.40074377711374670     
v  0.43361723646410005       0.79411067838326577       0.40283618216766981     
v  0.38052449663142579       0.83323242135821818       0.40783413227805737     
v  0.32251507636448795       0.86469638305889396       0.41089465480173532     
v  0.25962203630889885       0.88419145599165805       0.41028690187196015     
v  0.19447928564903380       0.89400684781558293       0.40734664089022293     
v  0.12910574757122995       0.89795019807192633       0.40390435006175124     
v   6.4238675482082910E-002  0.89817404441567716       0.40091433274438221     
v   0.0000000000000000       0.89544724169432222       0.39867879818271829     
v  -6.3854032102008962E-002  0.89279602723605755       0.39851376886429624     
v -0.12838393065395065       0.89292985113899914       0.40164616250370794     
v -0.19379214783687018       0.89084812627144905       0.40590739619802130     
v -0.25807373694656738       0.87891843261138580       0.40784008742749805     
v -0.31962087047130233       0.85693671676398575       0.40720734273927028     
v -0.37817080753079674       0.82807856113160294       0.40531152266815068     
v -0.43406210189927980       0.79492538859958584       0.40324946807610718     
v -0.49040138428796270       0.76307944890127133       0.40385549250163322     
v -0.54993537278813709       0.73462765319267942       0.40857021162907975     
v -0.60790111345986564       0.70155528333320216       0.41330163730040531     
v -0.65689579157842859       0.65689579157842870       0.41361341377380395     
v -0.69679629272028365       0.60377742461984596       0.41049801132973140     
v -0.73219432694789410       0.54811380757789019       0.40721689391162957     
v -0.76698759427033913       0.49291299680976380       0.40592385638571554     
v -0.80335740604549233       0.43866633176577013       0.40752685888363988     
v -0.83866295007130542       0.38300453599621842       0.41049216010887890     
v -0.86663107002683548       0.32323667729567207       0.41181399776351518     
v -0.88464055993481805       0.25975390512469360       0.41049529730963252     
v -0.89503301180736472       0.19470251396162241       0.40781420381334393     
v -0.90201277379535694       0.12968985777797024       0.40573172535569535     
v -0.90948936577366779        6.5047963237847867E-002  0.40596510719086315     
v -0.91644673071892035        0.0000000000000000       0.40802837307329115     
v -0.91713185602607628       -6.5594564928524238E-002  0.40937645480116186     
v -0.90995881721306071      -0.13083232634457742       0.40930591188528398     
v -0.89879968820293121      -0.19552190425652957       0.40953045797940929     
v -0.88385317532151431      -0.25952270814209533       0.41012993119872415     
v -0.86086741791566224      -0.32108694620254852       0.40907517071275318     
v -0.82987867301562501      -0.37899289108274414       0.40619260584423122     
v -0.79598740278735935      -0.43464200551942184       0.40378820625512463     
v -0.76126522191117385      -0.48923545139770136       0.40289532310426496     
v -0.72332440576921342      -0.54147386775422568       0.40228380221904619     
v -0.68196410931044693      -0.59092526453483862       0.40176004607786964     
v -0.64038209852838734      -0.64038209852838712       0.40321559262164192     
v -0.59905137123886176      -0.69134213636930486       0.40728484794331687     
v -0.55394089472062524      -0.73997840406756277       0.41154608302164797     
v -0.50191392369534193      -0.78099330988923044       0.41333630234694463     
v -0.44433179165809306      -0.81373292117753004       0.41279014650536322     
v -0.38387603023229511      -0.84057125626171914       0.41142620009500858     
v -0.32109063092934487      -0.86087729705052018       0.40907986517405398     
v -0.25646694775378476      -0.87344621116194066       0.40530084010766049     
v -0.19219639224561938      -0.88351255620671154       0.40256500588838678     
v -0.12906073817407818      -0.89763715083856976       0.40376353920208552     
v  -6.5363962343592444E-002 -0.91390761058816161       0.40793726134374392     
v   0.0000000000000000      -0.92437454491875959       0.41155806336685591     
v   6.5890777484757870E-002 -0.92127344872925943       0.41122512086473745     
v  0.12960817818444753      -0.90144467974407227       0.40547619263344548     
v  0.19037968258085378      -0.87516127665849319       0.39875981616370615     
v  0.25210096300600771      -0.85857703262125251       0.39840117018266907     
v  0.31654801769248114      -0.84869807963275190       0.40329242875744026     
v  0.37766513369496180      -0.82697128988262969       0.40476955742838561     
v  0.43245518039486580      -0.79198253158498844       0.40175661661761858     
v  0.48790342078914672      -0.75919254182653073       0.40179836886498205     
v  0.54733929129327052      -0.73115969431889127       0.40664147305678838     
v  0.60364308113110898      -0.69664125206939809       0.41040667347456666     
v  0.65122572377069332      -0.65122572377069365       0.41004326439493355     
v  0.69313555143008576      -0.60060537423512494       0.40834138817412835     
v  0.73395154370457705      -0.54942924356502798       0.40819418685593406     
v  0.77255799057822172      -0.49649287314420210       0.40887195719958008     
v  0.80383728410477417      -0.43892836501071947       0.40777029125468001     
v  0.82770340518760077      -0.37799947955184349       0.40512789875365918     
v  0.85084624786031160      -0.31734924301680212       0.40431321577541851     
v  0.87567857459672349      -0.25712242880010394       0.40633671245329639     
v  0.89648624955151401      -0.19501864648236472       0.40847635927103482     
v  0.90930907713853171      -0.13073890782512185       0.40901365420431768     
v  0.91576474590800239       -6.5496787283123220E-002  0.40876622336084872     
v  0.92790626647741203        0.0000000000000000       0.35618984358466727     
v  0.92169516809662599        6.3045676681352733E-002  0.35463235617295891     
v  0.91373177207158562       0.12558954134108652       0.35404637198173905     
v  0.90529351698829608       0.18812215613149419       0.35493337772974248     
v  0.89341141981805949       0.25032214038407152       0.35615573327453365     
v  0.87557869031150115       0.31118074129335566       0.35669861835956995     
v  0.85408410607806828       0.37098107941252001       0.35744453942142618     
v  0.83176300067084852       0.43098484844196677       0.35960042470938280     
v  0.80484296836482583       0.48943585133486578       0.36159088588395211     
v  0.76775900821365051       0.54194348647506385       0.36074165443439915     
v  0.72401396892335113       0.58902905344623835       0.35828139523474417     
v  0.68129149674075928       0.63628184062871507       0.35784131563988203     
v  0.63849599569245430       0.68366227792775713       0.35908654394980244     
v  0.58930271094591757       0.72435033917760094       0.35844784948725994     
v  0.53486065305281483       0.75772491923699714       0.35602700593212766     
v  0.48162968170752846       0.79200626930142415       0.35582375668160421     
v  0.43052799818952714       0.83088131970642443       0.35921924299174290     
v  0.37698331659515533       0.86790264201719924       0.36322776402318407     
v  0.31805773801927056       0.89492870458785523       0.36458154588394581     
v  0.25469586088200169       0.90902143271563074       0.36237861722993642     
v  0.18971008246244409       0.91293503802135789       0.35792934624201073     
v  0.12548825348566109       0.91299484819529042       0.35376083389189289     
v   6.2431373199542860E-002  0.91271436908338321       0.35117689494822546     
v   0.0000000000000000       0.91047773347498739       0.34949965658160864     
v  -6.2075482996548165E-002  0.90751143848227434       0.34917501015817498     
v -0.12479805268567874       0.90797326444461657       0.35181510587534626     
v -0.18854739408149312       0.90733987435112828       0.35573568164245406     
v -0.25102781467319374       0.89593000434121295       0.35715975930079630     
v -0.31072727507715509       0.87430275866473139       0.35617882149772295     
v -0.36854482019542234       0.84847527481663476       0.35509717562824916     
v -0.42415520931484635       0.81858239547229339       0.35390198510158066     
v -0.47827889822950781       0.78649614062277817       0.35334822743110444     
v -0.53523276213126370       0.75825207770304970       0.35627469826156755     
v -0.59456663520845032       0.73082057129116185       0.36164967139766657     
v -0.64814467343240056       0.69399348916038039       0.36451290584822793     
v -0.69193483661797595       0.64622202617324331       0.36343161988217160     
v -0.72953543946024946       0.59352110291431315       0.36101371843929408     
v -0.76386936178648535       0.53919787421478227       0.35891405297054252     
v -0.79699150479028591       0.48466127056585367       0.35806346776514647     
v -0.83151442504981421       0.43085604693688501       0.35949295671811099     
v -0.86486727286373910       0.37566486971509716       0.36195742528100244     
v -0.89067438803622900       0.31654575355359038       0.36284839630776161     
v -0.90696094979781772       0.25411854064322864       0.36155721200921204     
v -0.91598739422337194       0.19034436937517329       0.35912606650619566     
v -0.92109613480466479       0.12660174970046092       0.35689986355037845     
v -0.92702289144149774        6.3410102941872673E-002  0.35668225634410905     
v -0.93483751591158137        0.0000000000000000       0.35885050096030446     
v -0.93718556612088977       -6.4105248933987655E-002  0.36059245723407857     
v -0.92743727290767486      -0.12747331907155959       0.35935688322313858     
v -0.91036994210381572      -0.18917704940119159       0.35692366339867954     
v -0.89461012139025808      -0.25065800081363193       0.35663359199443967     
v -0.87923465923902799      -0.31248007296234426       0.35818800940990542     
v -0.85683913259712607      -0.37217775630250827       0.35859755137679483     
v -0.82657743573377562      -0.42829790526622086       0.35735852244608723     
v -0.79422130015455417      -0.48297667180863713       0.35681890107613218     
v -0.76112330819264462      -0.53725949792382055       0.35762378362038205     
v -0.72330661542558705      -0.58845357869143577       0.35793135834459971     
v -0.68023207313054113      -0.63529240804671439       0.35728486434067447     
v -0.63602508107564937      -0.68101657438868035       0.35769691551653199     
v -0.59254778533752195      -0.72833907144126542       0.36042169063119361     
v -0.54662486512742758      -0.77439101085028816       0.36385778798380614     
v -0.49432725163151775      -0.81288653346836481       0.36520460923841336     
v -0.43597308165314136      -0.84138985376967790       0.36376245218615433     
v -0.37518464441079014      -0.86376168332695014       0.36149472267366628     
v -0.31396571156434178      -0.88341484563490336       0.35989095938846621     
v -0.25205521291148447      -0.89959683667726331       0.35862153080994796     
v -0.18970026703513920      -0.91288780359194244       0.35791082730283458     
v -0.12730159532182928      -0.92618788984223011       0.35887278104451648     
v  -6.4180643309230720E-002 -0.93828779287172248       0.36101655110287029     
v   0.0000000000000000      -0.94394657155784167       0.36234713981604005     
v   6.4231394770267083E-002 -0.93902975296912639       0.36130202841319625     
v  0.12683997974873537      -0.92282938712684626       0.35757145199148738     
v  0.18732180444574795      -0.90144201322438078       0.35342334014015148     
v  0.24784204421374964      -0.88455984065924953       0.35262707828310136     
v  0.30959405336244028      -0.87111417835388527       0.35487983808938689     
v  0.36890531237697338      -0.84930521105789969       0.35544451399387028     
v  0.42337693626869605      -0.81708039667454713       0.35325261814831754     
v  0.47745026670261087      -0.78513351412950150       0.35273604177477214     
v  0.53449721238463077      -0.75721004111056356       0.35578508368155848     
v  0.59050039698886825      -0.72582249308988678       0.35917635111890439     
v  0.64008179975811952      -0.68536025947688928       0.35997839120516995     
v  0.68261131830099153      -0.63751446791918320       0.35853453827040499     
v  0.72183370010202808      -0.58725527319446835       0.35720247992534487     
v  0.76209454761311080      -0.53794507356943166       0.35808013321920490     
v  0.80151177015159547      -0.48741010482586655       0.36009428224781148     
v  0.83238750187024524      -0.43130843888125941       0.35987041856142193     
v  0.85350721484929448      -0.37073050019060183       0.35720310345733575     
v  0.87242812362876121      -0.31006102962531579       0.35541512117625779     
v  0.89262252518549334      -0.25010110247412226       0.35584124283921420     
v  0.91026918268142487      -0.18915611135244265       0.35688415921417338     
v  0.92244745645033221      -0.12678748458554584       0.35742346417438242     
v  0.92859927047799540       -6.3517930221978325E-002  0.35728878552130899     
v  0.93810734207915647        0.0000000000000000       0.30480955262221870     
v  0.93144701541705954        6.1050262819352670E-002  0.30329485888055846     
v  0.92595240164306369       0.12190394632335683       0.30345628364153604     
v  0.92119256822994644       0.18323659455916577       0.30517750971775209     
v  0.91254313345261340       0.24451519566719396       0.30696273942686203     
v  0.89755320769005931       0.30467825890687467       0.30797701595050164     
v  0.87796337423200144       0.36366433687374017       0.30877141750685377     
v  0.85544011433015543       0.42185637962561195       0.30990945451034918     
v  0.82755411663117473       0.47778859200599161       0.31048584835626969     
v  0.79122780518556468       0.52868151715276701       0.30919409958950816     
v  0.74963483969467171       0.57521504362700304       0.30701468315464919     
v  0.70961357624108046       0.62231440418354378       0.30667094950468582     
v  0.67178089277386288       0.67178089277386277       0.30868724416541737     
v  0.62987235389107410       0.71823176615433992       0.31039543924417351     
v  0.58079114549698629       0.75690175713318097       0.30999086600629427     
v  0.52860664565755655       0.79111575207437290       0.30915031174409363     
v  0.47722107119089013       0.82657114174506574       0.31011705097457232     
v  0.42561030016254880       0.86305231215007050       0.31266720696370709     
v  0.37099929928118214       0.89567153995554460       0.31499921195976893     
v  0.31197245131472384       0.91904120560846159       0.31535018271204857     
v  0.24892042264737874       0.92898366436153523       0.31249303188146715     
v  0.18451492068435460       0.92761914764292408       0.30730654068141305     
v  0.12178157528231712       0.92502290130480691       0.30315166461598952     
v   6.0777620930402884E-002  0.92728730402496340       0.30194038668969020     
v   0.0000000000000000       0.92921721081025432       0.30192097387085637     
v  -6.0750779610193865E-002  0.92687778461515802       0.30180704026251831     
v -0.12179545193385850       0.92512830493782561       0.30318620785460676     
v -0.18373182460698675       0.92368225780704571       0.30600230715024695     
v -0.24466468365801972       0.91310103022949685       0.30715040564960994     
v -0.30277479665561802       0.89194578871811891       0.30605294487887474     
v -0.35952090671074149       0.86796024893774515       0.30525341292117497     
v -0.41506146577264830       0.84166139208254764       0.30491768919086859     
v -0.46752895638300657       0.80978390646502141       0.30381873297610856     
v -0.51961282338340786       0.77765554583049379       0.30389036470660385     
v -0.57515573536403142       0.74955754766154825       0.30698302802363975     
v -0.63008105850212448       0.71846974815255571       0.31049828700216636     
v -0.67788376967807995       0.67788376967808006       0.31149155175038723     
v -0.71905274205694636       0.63059233043434415       0.31075023721873651     
v -0.75588306545654826       0.58000947588107687       0.30957365847300911     
v -0.78842830727368363       0.52681095245114884       0.30810011852552910     
v -0.82005369046621401       0.47345821894061513       0.30767180135431488     
v -0.85421102146423400       0.42125025810061562       0.30946417787059455     
v -0.88622613923086468       0.36708688619897112       0.31167735383188189     
v -0.90917047687655328       0.30862179040859256       0.31196324413942222     
v -0.92313451457827111       0.24735314768654448       0.31052548538972419     
v -0.93134228985776046       0.18525549971639912       0.30853996277863210     
v -0.93594341844977469       0.12321928863939838       0.30673057379358354     
v -0.94086633712098100        6.1667637781198881E-002  0.30636194890248769     
v -0.94830618937243905        0.0000000000000000       0.30812335898667786     
v -0.95170437598248825       -6.2378000378307534E-002  0.30989099716034380     
v -0.94233883153298648      -0.12406126074490567       0.30882650041264098     
v -0.92309922877535144      -0.18361585292204133       0.30580915823207067     
v -0.90537039103748584      -0.24259326512954371       0.30454996069867152     
v -0.89242979444248627      -0.30293909446006850       0.30621902153863867     
v -0.87597113536473159      -0.36283912451542949       0.30807076593400501     
v -0.85057052786947651      -0.41945496533586402       0.30814529725557543     
v -0.82146529095062670      -0.47427320686027818       0.30820141260889611     
v -0.79322817162373738      -0.53001811927476428       0.30997579797731284     
v -0.76123184406126654      -0.58411373805720079       0.31176426312695055     
v -0.72002533802439583      -0.63144527420579821       0.31117056024919770     
v -0.67251072358741093      -0.67251072358741015       0.30902260568725343     
v -0.62571857848488077      -0.71349529307726522       0.30834849602819925     
v -0.58202907333233966      -0.75851505609795933       0.31065159633028366     
v -0.53697616201785170      -0.80364161848991256       0.31404513970962888     
v -0.48471130074058705      -0.83954459988549368       0.31498449719457666     
v -0.42543937677950444      -0.86270571381614736       0.31254164107218418     
v -0.36469091737577169      -0.88044175880287234       0.30964304192711439     
v -0.30552544447145069      -0.90004893588452195       0.30883337400857419     
v -0.24652837732750643      -0.92005642969376245       0.30949007420344710     
v -0.18630907474851252      -0.93663896922462164       0.31029467452371062     
v -0.12503087005996769      -0.94970374547559688       0.31124015516465481     
v  -6.2826797567133399E-002 -0.95855169788994188       0.31212060066677733     
v   0.0000000000000000      -0.96027304858665341       0.31201162724742237     
v   6.2537934007372495E-002 -0.95414449162783177       0.31068553997175141     
v  0.12401051579862464      -0.94195338539857287       0.30870018068898608     
v  0.18427065334598064      -0.92639113280608476       0.30689971747991540     
v  0.24391144935709835      -0.91028992154845600       0.30620480035170566     
v  0.30297068033009178      -0.89252284341505961       0.30625094938945008     
v  0.35974622974835013      -0.86850422687105577       0.30544472481696755     
v  0.41383900298839821      -0.83918248277969154       0.30401962816127759     
v  0.46811373573490883      -0.81079677401373429       0.30419874563487553     
v  0.52372738115114192      -0.78381341669650484       0.30629672268003000     
v  0.57763045641668986      -0.75278266692807794       0.30830388308175410     
v  0.62746921425126911      -0.71549151058168403       0.30921119361177796     
v  0.67295637633159044      -0.67295637633159078       0.30922738572630409     
v  0.71361804640001847      -0.62582623025969020       0.30840154585602680     
v  0.75172571632396712      -0.57681942969319644       0.30787100651619437     
v  0.79125137078105900      -0.52869726318026711       0.30920330849626360     
v  0.82913185674258649      -0.47869950068402711       0.31107779269819580     
v  0.85762174377451617      -0.42293224020739478       0.31069981678085723     
v  0.87713465232877053      -0.36332106902198691       0.30847996384911625     
v  0.89468003654978168      -0.30370294872686443       0.30699114606945577     
v  0.91215899302076575      -0.24441226554870107       0.30683352164529987     
v  0.92676219448037489      -0.18434446210205885       0.30702264473922802     
v  0.93690111480836968      -0.12334537175693831       0.30704443331521836     
v  0.94106046411791044       -6.1680361536803667E-002  0.30642515992701630     
v  0.95077533556393268        0.0000000000000000       0.25475948334778570     
v  0.94382638188068047        5.9380522761239181E-002  0.25339753898013245     
v  0.93873241652475725       0.11858948270678572       0.25353176662281424     
v  0.93552547792445950       0.17846102934949121       0.25519347433517298     
v  0.93045077749128235       0.23889915512998328       0.25740023617093410     
v  0.92000657997621527       0.29892825849814686       0.25920123138028323     
v  0.90263019111810616       0.35737657425009844       0.26012599204742143     
v  0.87837871279300694       0.41333364761758412       0.26011696500466247     
v  0.84792951142504569       0.46615319363746149       0.25927227647458423     
v  0.81219780351547433       0.51543639953389031       0.25775263256501613     
v  0.77359757965056763       0.56205154117815193       0.25621816126889979     
v  0.73573780521074139       0.60865524584220843       0.25585588903970424     
v  0.69964401334579984       0.65700946035271390       0.25717025577412450     
v  0.66196369196727955       0.70491973416722997       0.25910946835532256     
v  0.61906703254455575       0.74832349333063575       0.26023261455290470     
v  0.57134903392607594       0.78639448057452221       0.26045653857374734     
v  0.52144998192109049       0.82167369309285021       0.26075982548513033     
v  0.47035515698607155       0.85557285438149033       0.26160938929055744     
v  0.41747226277058708       0.88717371768020603       0.26272145660394658     
v  0.36228618479052949       0.91503045185070708       0.26369958193667475     
v  0.30396977230006161       0.93552276400680989       0.26357273707881551     
v  0.24211856888150884       0.94298956619709973       0.26086897116718710     
v  0.17918863116638689       0.93933970022257884       0.25623392129585143     
v  0.11842888983793831       0.93746119307046061       0.25318843606080660     
v   5.9456778730093557E-002  0.94503843579724989       0.25372294997252060     
v   0.0000000000000000       0.95317958166318051       0.25540369914848482     
v  -5.9885818475460213E-002  0.95185782726977919       0.25555381320081660     
v -0.11949405141775675       0.94589281517547008       0.25546563881864137     
v -0.17958024028666522       0.94139258712311435       0.25679390961570686     
v -0.23924149360493652       0.93178409782057381       0.25776908638413559     
v -0.29623936758145064       0.91173102466863865       0.25686968922312287     
v -0.35148100484944078       0.88773968256691738       0.25583474592350153     
v -0.40632934057954939       0.86349380265917686       0.25570905120621928     
v -0.45835201231410322       0.83373921527704153       0.25493329506567175     
v -0.50687236990541851       0.79870305215570114       0.25347004564624276     
v -0.55627647454732021       0.76564888235037465       0.25358552556745612     
v -0.60792098121076943       0.73485023174108188       0.25554723166535226     
v -0.65736763972650325       0.70002543563832076       0.25731045631419125     
v -0.70228113368458089       0.65948588118619156       0.25813959003425518     
v -0.74336087171745113       0.61496159490549129       0.25850684219783954     
v -0.77915668858443266       0.56609047023641956       0.25805935713971911     
v -0.81033457132469811       0.51425395642981830       0.25716133202200336     
v -0.84284903835184444       0.46336017993012890       0.25771881501168153     
v -0.87779912895909851       0.41306091616737850       0.25994533107769413     
v -0.90690483276538292       0.35906902460582824       0.26135788680353150     
v -0.92467901130634578       0.30044642346660166       0.26051763495898472     
v -0.93513990742587838       0.24010311906528153       0.25869743875467049     
v -0.94280597284051026       0.17984985803192821       0.25717945423240524     
v -0.94824534637027236       0.11979124522137091       0.25610100772606820     
v -0.95312348199135477        5.9965446721125894E-002  0.25589361488235762     
v -0.95916218386074903        0.0000000000000000       0.25700673257595996     
v -0.96189831226751965       -6.0517512248158260E-002  0.25824947231507522     
v -0.95412233671751401      -0.12053368175907192       0.25768825848989874     
v -0.93671468007486969      -0.17868788179218234       0.25551786595850251     
v -0.91879851898857323      -0.23590736364676398       0.25417675120743188     
v -0.90536217422827003      -0.29417000263101345       0.25507533914721026     
v -0.89115395432594668      -0.35283281066848787       0.25681869354366355     
v -0.86999867079347504      -0.40939029917754588       0.25763535762986772     
v -0.84438942126621974      -0.46420701260346525       0.25818981947546238     
v -0.81941745480793937      -0.52001812956562843       0.26004380365508772     
v -0.79241815243340774      -0.57572548770630583       0.26245159927244816     
v -0.75620463458874265      -0.62558687960963444       0.26297331428174753     
v -0.70979182302496946      -0.66653888793859384       0.26090031672077524     
v -0.65989334425274293      -0.70271503777938493       0.25829908146834696     
v -0.61323231249234578      -0.74127052836474283       0.25777991658233140     
v -0.57027160711617031      -0.78491152979273671       0.25996538020852472     
v -0.52505442795671120      -0.82735339121985274       0.26256228929145053     
v -0.47177692972225260      -0.85815904938777166       0.26240017279042510     
v -0.41213517401410649      -0.87583182674294491       0.25936274787723640     
v -0.35256025941417585      -0.89046556843695868       0.25662030990433204     
v -0.29560510846327631      -0.90977897582233025       0.25631972199931163     
v -0.23905915515918033      -0.93107393646178760       0.25757262709161510     
v -0.18108979868973890      -0.94930596939843970       0.25895252909132277     
v -0.12172266338376521      -0.96353409540198376       0.26023017540285143     
v  -6.1193286556171546E-002 -0.97263943731057101       0.26113323855009363     
v   0.0000000000000000      -0.97408043499558694       0.26100406592002445     
v   6.0948847060487338E-002 -0.96875418278479863       0.26009012939989123     
v  0.12129092782709795      -0.96011655656835526       0.25930717046263685     
v  0.18109098255038997      -0.94931217541330437       0.25895422197359319     
v  0.24003571602872242      -0.93487738993083880       0.25862481582086588     
v  0.29719953516661307      -0.91468611663842359       0.25770225226569371     
v  0.35170903042707596      -0.88831560943384269       0.25600072037137617     
v  0.40467341841006038      -0.85997478892268386       0.25466695494453317     
v  0.45889838939817973      -0.83473307150344522       0.25523718750347013     
v  0.51425249460042777      -0.81033226785016410       0.25716060100965321     
v  0.56664902127189687      -0.77992546813132313       0.25831397955207785     
v  0.61453064429625703      -0.74283994191760350       0.25832568668819567     
v  0.66048208409424769      -0.70334198203267739       0.25852952925450656     
v  0.70446570852228696      -0.66153733350743316       0.25894258078248428     
v  0.74402871700196194      -0.61551408457361723       0.25873908817976315     
v  0.78105782740213625      -0.56747172843912208       0.25868902081111900     
v  0.81832830573958415      -0.51932693454894729       0.25969815997271223     
v  0.85206388401946387      -0.46842608420514115       0.26053644782362412     
v  0.87777647309570994      -0.41305025512730748       0.25993862192782702     
v  0.89831417728396623      -0.35566774348680380       0.25888217437840977     
v  0.91767686795923908      -0.29817128917728020       0.25854486191868947     
v  0.93432309171547978      -0.23989339643638807       0.25847147456413949     
v  0.94601932325539373      -0.18046283740687061       0.25805599482481084     
v  0.95314925533790640      -0.12041075299320812       0.25742544979500670     
v  0.95501090176562620       -6.0084193108192262E-002  0.25640034740753864     
v  0.96833649704703162        0.0000000000000000       0.20582627635191070     
v  0.96221195422495620        5.8203100398576346E-002  0.20489829040843466     
v  0.95552218138437128       0.11602139827655090       0.20459423177720082     
v  0.94992124963539404       0.17407952966781684       0.20527440859392884     
v  0.94550797910796791       0.23304678617021554       0.20698863872558179     
v  0.93947877000461544       0.29275342449635372       0.20916310108989880     
v  0.92611949419357964       0.35123079539581481       0.21053407031304194     
v  0.90172155167267287       0.40583192703204463       0.21018408265962488     
v  0.86878675406507044       0.45597446341943620       0.20855504950943260     
v  0.83285336354652306       0.50347741014352965       0.20686179174578154     
v  0.79698428565338864       0.55011853225917895       0.20584150732963830     
v  0.76111378158073961       0.59629456776118783       0.20551717920617446     
v  0.72450711798501977       0.64185729752912124       0.20574018780709685     
v  0.68672786132918884       0.68672786132918873       0.20643065077413122     
v  0.64707042043831087       0.73039151731985330       0.20741119613017267     
v  0.60468510084490501       0.77182350578433812       0.20840903632618141     
v  0.55928832550889862       0.81026902465809780       0.20927262981277273     
v  0.51098980615170209       0.84528038441706466       0.20994838047299252     
v  0.45986664570011671       0.87620268780948141       0.21033526821326018     
v  0.40645682722509163       0.90311002294410703       0.21050772420944064     
v  0.35154004095089214       0.92693490770743969       0.21071943767345014     
v  0.29468674222724339       0.94568300473549516       0.21054439571584771     
v  0.23516481832942890       0.95410117337360656       0.20886984292760993     
v  0.17473524803141421       0.95349938894072039       0.20604763103742035     
v  0.11606768021641939       0.95590334745199834       0.20467584618689741     
v   5.8585211391790654E-002  0.96852900199377834       0.20624347457765718     
v   0.0000000000000000       0.98089512552985636       0.20849569524151115     
v  -5.9251294633076802E-002  0.97954067066582107       0.20858835511623150     
v -0.11763632024365483       0.96882226036716967       0.20744201437720217     
v -0.17596778199795338       0.96022510912130365       0.20750103386735747     
v -0.23446701495510486       0.95127007379435802       0.20825006450061231     
v -0.29073162428134508       0.93299058499889254       0.20771858851593680     
v -0.34432322830634859       0.90790573667896501       0.20639355007857096     
v -0.39750118898655462       0.88321141105388290       0.20586951690632310     
v -0.44961503285580023       0.85666987147552665       0.20564635294317141     
v -0.49791685673742897       0.82365508470789450       0.20457714894451637     
v -0.54375089640934526       0.78775917249779381       0.20345888670409190     
v -0.59060958838892985       0.75385744153982115       0.20355781048541219     
v -0.63828230265688379       0.72047178296325298       0.20459426312998411     
v -0.68468654090221004       0.68468654090221015       0.20581702909382818     
v -0.72885506290526536       0.64570924060467927       0.20697488513754436     
v -0.76837445230051671       0.60198294000365871       0.20747771730387435     
v -0.80131343681482603       0.55310672954955054       0.20695962096947948     
v -0.83242720838427542       0.50321979036698961       0.20675594451710630     
v -0.86771680347110958       0.45541291002824597       0.20829820443432981     
v -0.90289781919745205       0.40636132207134612       0.21045826121308123     
v -0.92745286565269514       0.35173647648889156       0.21083718467602303     
v -0.93963906422838916       0.29280337419658653       0.20919878857747357     
v -0.94708104969905793       0.23343451324790623       0.20733301206506033     
v -0.95470655968852614       0.17495647028124545       0.20630849609483731     
v -0.96179075745814824       0.11678254121540896       0.20593644499960156     
v -0.96767127235383910        5.8533328307061809E-002  0.20606082528081099     
v -0.97239124481976158        0.0000000000000000       0.20668813959692137     
v -0.97321279423357665       -5.8868528626399373E-002  0.20724086503653585     
v -0.96626719757377133      -0.11732607945202295       0.20689493015504365     
v -0.95199268144414240      -0.17445913363513962       0.20572203721540319     
v -0.93566997230711668      -0.23062193527744734       0.20483492275440363     
v -0.92145713540915775      -0.28713765603910968       0.20515081140433578     
v -0.90767100334604800      -0.34423420569561264       0.20634018832090684     
v -0.88986622207438049      -0.40049627630089546       0.20742070013691333     
v -0.86741780748447750      -0.45525598482890162       0.20822642948782721     
v -0.84317746187583842      -0.50971854515771298       0.20942606244700979     
v -0.81692375458396249      -0.56388175391808781       0.21099138344878529     
v -0.78410429964974460      -0.61430648840476143       0.21172511622738738     
v -0.74207760671821410      -0.65742339223626400       0.21072972560747583     
v -0.69396173872158839      -0.69396173872158817       0.20860515701135152     
v -0.64551046032447978      -0.72863068635229333       0.20691116833890702     
v -0.60020422741349266      -0.76610409342247099       0.20686467131299435     
v -0.55654477528744906      -0.80629430596535256       0.20824605739264626     
v -0.50927503269949348      -0.84244380265863883       0.20924383822022111     
v -0.45524051530522702      -0.86738833276968730       0.20821935398791483     
v -0.39747583040477275      -0.88315506659651111       0.20585638346389440     
v -0.34086514850315291      -0.89878752961910879       0.20432071470656510     
v -0.28625378012433034      -0.91862067787263912       0.20451930990223680     
v -0.23153265026752390      -0.93936488826781728       0.20564380606560786     
v -0.17550748908495487      -0.95771337198627893       0.20695825692123324     
v -0.11815602367879492      -0.97310240323214092       0.20835846881270959     
v  -5.9481441302165379E-002 -0.98334544867085383       0.20939856382876285     
v   0.0000000000000000      -0.98558591930338613       0.20949275423751579     
v   5.9368608465151233E-002 -0.98148009950801807       0.20900134692369152     
v  0.11840874353837792      -0.97518373852973383       0.20880411958312378     
v  0.17729004871153689      -0.96744048505502356       0.20906024946354052     
v  0.23549987323581073      -0.95546054456524510       0.20916743363937257     
v  0.29184523718625760      -0.93656429445752276       0.20851422986157114     
v  0.34547381398002658      -0.91093958176345458       0.20708323187270375     
v  0.39744263348752917      -0.88308130607218216       0.20583919047553359     
v  0.45049565189898777      -0.85834775087772386       0.20604913328041605     
v  0.50507976661164211      -0.83550398489950006       0.20752014567255392     
v  0.55714576480391620      -0.80716498959511518       0.20847093363422811     
v  0.60360811226647426      -0.77044883143047682       0.20803784452494248     
v  0.64713974703107935      -0.73046977086642917       0.20743341799517481     
v  0.69080555405522737      -0.69080555405522770       0.20765640672564287     
v  0.73268031309973258      -0.64909811656082173       0.20806115147486851     
v  0.77055075507699322      -0.60368796434406924       0.20806536611347964     
v  0.80599244719052610      -0.55633641721923333       0.20816809466950423     
v  0.83936786609496672      -0.50741556422325573       0.20847984568959357     
v  0.86784451377726657      -0.45547993756757144       0.20832886170333037     
v  0.89167223394979822      -0.40130909626542255       0.20784166706246029     
v  0.91470465867734818      -0.34690171930702240       0.20793914406620959     
v  0.93691224422424779      -0.29195366271860068       0.20859169648940293     
v  0.95392146675961575      -0.23512052462724059       0.20883050192973174     
v  0.96417274850282075      -0.17669121376358329       0.20835410388731340     
v  0.96973520013461889      -0.11774717120078172       0.20763749095955580     
v  0.97130834590410664       -5.8753330725525084E-002  0.20683532215675124     
v  0.98900389927133159        0.0000000000000000       0.15664282906487398     
v  0.98559832746311815        5.7404565564235434E-002  0.15636798936949828     
v  0.97751084807310762       0.11425463188899161       0.15587648964262721     
v  0.96705147493926902       0.17051726676570908       0.15552873761887900     
v  0.95867841894249162       0.22721095915614478       0.15604598454430857     
v  0.95291477908116151       0.28528395731397899       0.15754543449745523     
v  0.94301345023901528       0.34322882639967411       0.15894416347518073     
v  0.92166687918777446       0.39756828391416221       0.15897966909096237     
v  0.88981936776280857       0.44688408274110741       0.15770858873512086     
v  0.85468255496097201       0.49345120317839419       0.15630998528575807     
v  0.82059514587467464       0.53971391785701206       0.15556121960964753     
v  0.78589715102598590       0.58507875120527553       0.15518050287309271     
v  0.74795797362054284       0.62761125980110322       0.15464495056687547     
v  0.70774229743146744       0.66772041990412778       0.15410974671870478     
v  0.66800649842583815       0.70804552294946199       0.15417577358744841     
v  0.62904704524782873       0.74966907608487243       0.15499873161520125     
v  0.58847350227999673       0.79045709307236811       0.15608089308179365     
v  0.54440890413405607       0.82773352571151093       0.15691445095526019     
v  0.49681614865100110       0.86051081148422559       0.15737589529656090     
v  0.44623316520779438       0.88852328439280859       0.15747887528251345     
v  0.39343269465222852       0.91207950563995910       0.15732592899407799     
v  0.33959907026163788       0.93304077721163348       0.15726327740558446     
v  0.28498852232112609       0.95192795748208536       0.15738228324719566     
v  0.22879555259240011       0.96536434437398388       0.15713426586569046     
v  0.17146896388165955       0.97244881749074119       0.15639678021565995     
v  0.11459613920031582       0.98043262985119750       0.15634240476568514     
v   5.7931264650562211E-002  0.99464140153671377       0.15780269889690512     
v   0.0000000000000000        1.0064461186993323       0.15940540522699562     
v  -5.8446787556298757E-002   1.0034925880001742       0.15920696490696248     
v -0.11564425617488867       0.98939984365912514       0.15777234062062728     
v -0.17235651329009183       0.97748236031479607       0.15720631371151136     
v -0.22962092663748607       0.96884687130630276       0.15770112367026609     
v -0.28536258622153299       0.95317741792274469       0.15758885658652499     
v -0.33781091833682769       0.92812787017566356       0.15643521085057860     
v -0.38900257237316782       0.90180932780997003       0.15555441098709930     
v -0.44062329818600199       0.87735312076570870       0.15549911309100325     
v -0.49057253813424079       0.84969656084652601       0.15539811378195806     
v -0.53702817245355094       0.81651166837258182       0.15478710981425384     
v -0.58162725019403472       0.78126098058583682       0.15426506087235703     
v -0.62637118592985019       0.74648011112939472       0.15433939332977301     
v -0.67141266493031315       0.71165584852203867       0.15496191617293617     
v -0.71585519061769065       0.67537453986361329       0.15587631615877115     
v -0.75692238491534680       0.63513329401229490       0.15649839820757061     
v -0.79109167387585022       0.58894593018427843       0.15620619518788909     
v -0.82042082440448971       0.53959926482242770       0.15552817327657767     
v -0.85258418612363018       0.49223970936529576       0.15592622174666962     
v -0.88968271118761622       0.44681545122951338       0.15768436818385423     
v -0.92273900793630093       0.39803075511315156       0.15916460214813577     
v -0.94284823448624333       0.34316869278343348       0.15891631649207505     
v -0.95253776484210051       0.28517108666022883       0.15748310271983096     
v -0.96009616358934669       0.22754697080998584       0.15627675364777391     
v -0.96896388655235555       0.17085447653131636       0.15583630652467040     
v -0.97758565034830336       0.11426337502103349       0.15588841781314089     
v -0.98416472682396361        5.7321067835403854E-002  0.15614054453395312     
v -0.98750591428287271        0.0000000000000000       0.15640557155086235     
v -0.98623983003686722       -5.7441928834371346E-002  0.15646976558485642     
v -0.97976276488515013      -0.11451784321489313       0.15623558630975917     
v -0.96883975618660667      -0.17083258899870984       0.15581634291406085     
v -0.95513784354654074      -0.22637182737244813       0.15546967807636497     
v -0.94070424033585742      -0.28162836198618407       0.15552666569009993     
v -0.92648927557261285      -0.33721451867528790       0.15615902703963633     
v -0.91084259795443567      -0.39289914475801180       0.15711257297686504     
v -0.89107866202464836      -0.44751652408987042       0.15793178181006631     
v -0.86641272411240000      -0.50022361949561123       0.15845527602185239     
v -0.83750370368567983      -0.55083485127633203       0.15876659547391314     
v -0.80399538547550087      -0.59855238754168238       0.15875411695137814     
v -0.76495998099705864      -0.64187763792001096       0.15816022105400157     
v -0.72127233984123051      -0.68048535656533138       0.15705589168761391     
v -0.67568116393558375      -0.71618019314670611       0.15594708493663179     
v -0.63062960629059650      -0.75155509889309025       0.15538867852964222     
v -0.58641151052452201      -0.78768735747228280       0.15553399077697475     
v -0.54092492419121452      -0.82243639155426695       0.15591026679199843     
v -0.49168862069369612      -0.85162967254494271       0.15575165400502847     
v -0.43883153888019283      -0.87378543466040137       0.15486678841803897     
v -0.38502536445811703      -0.89258912349473529       0.15396400444859065     
v -0.33207339021551141      -0.91236414121886167       0.15377824693171480     
v -0.27933117203989610      -0.93303109155180053       0.15425806372727438     
v -0.22565808002394500      -0.95212630668173026       0.15497948425769195     
v -0.17085544594500068      -0.96896938437055880       0.15583719072654276     
v -0.11490579904843382      -0.98308193916797360       0.15676487070260092     
v  -5.7747614619385594E-002 -0.99148825227432602       0.15730244276151722     
v   0.0000000000000000      -0.99224658765560569       0.15715642044976411     
v   5.7557652546129129E-002 -0.98822672943476841       0.15678499284861300     
v  0.11494283043906896      -0.98339876296291384       0.15681539227081462     
v  0.17241326435817936      -0.97780421161548681       0.15725807634027994     
v  0.22957787238725608      -0.96866521114038295       0.15767155448535136     
v  0.28554186414528970      -0.95377624789103010       0.15768786116659309     
v  0.33947211087197837      -0.93269195915535574       0.15720448440093954     
v  0.39149529058022159      -0.90758809815847741       0.15655119954325089     
v  0.44327869688135418      -0.88264045428128945       0.15643622228093990     
v  0.49598672237324898      -0.85907420303002624       0.15711315886297642     
v  0.54741632299445497      -0.83230608394431305       0.15778127637947431     
v  0.59402270638002896      -0.79791096775794401       0.15755270910829358     
v  0.63610204031841344      -0.75807689180597637       0.15673709966851801     
v  0.67710789599887988      -0.71769244078538297       0.15627637442719669     
v  0.71804574564261914      -0.67744122194037537       0.15635330599149733     
v  0.75688132140827280      -0.63509883763865449       0.15648990807276958     
v  0.79265896968686433      -0.59011273868419523       0.15651566793732782     
v  0.82555098369566327      -0.54297342366822265       0.15650070381144460     
v  0.85424236231251560      -0.49319705783431333       0.15622947994959127     
v  0.87828118064661265      -0.44108938737627174       0.15566359929953236     
v  0.90105510997408822      -0.38867723455591530       0.15542431484859351     
v  0.92550310690355897      -0.33685558263378634       0.15599280909851526     
v  0.94903279422136189      -0.28412176733923233       0.15690362580178221     
v  0.96680414026510786      -0.22913679048713900       0.15736862429384943     
v  0.97783872758650958      -0.17241935045513646       0.15726362746712272     
v  0.98447449272818799      -0.11506856521591081       0.15698693101122405     
v  0.98827290270699675       -5.7560341832991239E-002  0.15679231837011581     
v   1.0055491373848111        0.0000000000000000       0.10568747310689142     
v   1.0064246788643609        5.6519597636672907E-002  0.10594616914676445     
v  0.99961319637541091       0.11262935759856457       0.10572837841833857     
v  0.98608414612583239       0.16754243514174133       0.10512695691363029     
v  0.97217330327878093       0.22189221244969790       0.10480726862989496     
v  0.96197498609151477       0.27714021921625004       0.10521992157784749     
v  0.95150551942434514       0.33294618128065351       0.10595298884820203     
v  0.93348265633933758       0.38666117649581672       0.10619672508776998     
v  0.90643304069585906       0.43651514604765740       0.10574166872567080     
v  0.87533267240406087       0.48377926771970092       0.10511735498970852     
v  0.84394255965218190       0.53028425652726996       0.10475894916106619     
v  0.81053819113934866       0.57510751621565570       0.10445694487774851     
v  0.77202687047536556       0.61567088470626641       0.10378616830537389     
v  0.72972059430165614       0.65211819257860903       0.10285996237043309     
v  0.68850536523319972       0.68850536523319961       0.10233932386805908     
v  0.65075770683303913       0.72819821004969942       0.10264537011677814     
v  0.61358413508851317       0.76941016922006999       0.10343439635640045     
v  0.57286793120004897       0.80738179144664834       0.10405016840217111     
v  0.52794673016271998       0.84022240775427004       0.10429716512246359     
v  0.48045615508522810       0.86931995284965813       0.10439529674170799     
v  0.43093230883396239       0.89484015976804099       0.10438927917276523     
v  0.37937227778276705       0.91588569821152921       0.10419482466467249     
v  0.32706618591105957       0.93470145809876359       0.10408180630024266     
v  0.27504422743727119       0.95469963764828536       0.10442415078992051     
v  0.22239966399539660       0.97439659376738974       0.10504695532227382     
v  0.16815970196820118       0.98971711845899957       0.10551427003233095     
v  0.11286475685402240        1.0017024225522237       0.10594935438846835     
v   5.6927446133149401E-002   1.0136870941902847       0.10671068247666667     
v   0.0000000000000000        1.0215369173998965       0.10736785649897283     
v  -5.7127642370991973E-002   1.0172519184778863       0.10708595097403589     
v -0.11302070748311716        1.0030865226674166       0.10609574967544395     
v -0.16823005571935626       0.99013119098084124       0.10555841452480028     
v -0.22404625968723635       0.98161080086022967       0.10582469869187769     
v -0.27918168150097328       0.96906105847215562       0.10599498952760296     
v -0.33136988187305377       0.94700071453117207       0.10545136533381773     
v -0.38146900475193590       0.92094764489709047       0.10477069199003188     
v -0.43200329977719515       0.89706409537719922       0.10464871660707402     
v -0.48272917515065755       0.87343267297030047       0.10488918697855650     
v -0.53113539321057168       0.84529713592382871       0.10492709329025279     
v -0.57627664898625841       0.81218592957845248       0.10466929480177180     
v -0.61940028636268807       0.77670339223573193       0.10441484885143605     
v -0.66195712246452088       0.74073036192560493       0.10441187729835195     
v -0.70439779264985869       0.70439779264985880       0.10470157165663255     
v -0.74499303121237004       0.66576647663727251       0.10501273467562507     
v -0.78000245320357808       0.62203119969284626       0.10485835271114985     
v -0.80852394216130075       0.57367833034943927       0.10419736143458680     
v -0.83610795262953419       0.52536144665985407       0.10378643605647678     
v -0.86857088927526038       0.48004216228120955       0.10430534284858575     
v -0.90315601325643680       0.43493701280769598       0.10535938086286485     
v -0.93100286368500451       0.38563401274651887       0.10591461394515957     
v -0.94845695228065263       0.33187944150022214       0.10561352176789117     
v -0.96029443135277082       0.27665605973660223       0.10503610407700337     
v -0.97161863389458469       0.22176561278231122       0.10474747128413966     
v -0.98261438702596238       0.16695289935898763       0.10475704404480887     
v -0.99125794111337395       0.11168794642457512       0.10484464899846936     
v -0.99623768250259503        5.5947508192142566E-002  0.10487378562685815     
v -0.99693103342098532        0.0000000000000000       0.10478167388033342     
v -0.99385308030930120       -5.5813591805433105E-002  0.10462275892548241     
v -0.98876533134078415      -0.11140709675347343       0.10458100743167011     
v -0.98216814658790208      -0.16687708005903706       0.10470947011362927     
v -0.97229571409920001      -0.22192015192065317       0.10482046539604314     
v -0.95851500190146488      -0.27614341494297961       0.10484147175285069     
v -0.94318462412173643      -0.33003457408628234       0.10502643223953649     
v -0.92777613776100998      -0.38429745910673918       0.10554752868272115     
v -0.90965297594149785      -0.43806578513616073       0.10611729639012690     
v -0.88519744287226598      -0.48923133364136245       0.10630200011023208     
v -0.85421058757232693      -0.53673608608529011       0.10603352383746856     
v -0.81898379725467940      -0.58109999332410134       0.10554536023200614     
v -0.78097012792181952      -0.62280289452973769       0.10498844047753861     
v -0.74067237324179669      -0.66190530060836050       0.10440370332891626     
v -0.69929956173091468      -0.69929956173091445       0.10394377145417330     
v -0.65820181916853870      -0.73652817559786043       0.10381954547858334     
v -0.61696230554203946      -0.77364626098265565       0.10400386841681983     
v -0.57350380620118768      -0.80827797339294694       0.10416566256295014     
v -0.52643073973886856      -0.83780972281602173       0.10399767751409865     
v -0.47666002828162302      -0.86245137860205456       0.10357046021929696     
v -0.42628584693782257      -0.88519168222234812       0.10326371769106939     
v -0.37622157620468982      -0.90827923173074343       0.10332948257795709     
v -0.32566025005887178      -0.93068352427484091       0.10363439733734307     
v -0.27371318367296654      -0.95007948251427077       0.10391880255539555     
v -0.22054733993091302      -0.96628103178064295       0.10417203941750779     
v -0.16656672007387205      -0.98034149854673602       0.10451473019140817     
v -0.11164276174693553      -0.99085691600761483       0.10480223285761538     
v  -5.5861366066463372E-002 -0.99470377984231262       0.10471231193278664     
v   0.0000000000000000      -0.99213018791019281       0.10427708468429292     
v   5.5461972784153143E-002 -0.98759192355357495       0.10396364792927246     
v  0.11090514150901429      -0.98431035532876121       0.10410980778029327     
v  0.16667366623647345      -0.98097093857690743       0.10458183512884328     
v  0.22244552340706550      -0.97459751697797292       0.10506861628831203     
v  0.27765389166302229      -0.96375798260583267       0.10541494406400624     
v  0.33175198573960718      -0.94809270464386997       0.10557296170280468     
v  0.38430300980861276      -0.92778953834075284       0.10554905318633492     
v  0.43559165204934619      -0.90451538564876011       0.10551796103230958     
v  0.48633956756125496      -0.87996518613915187       0.10567366644264312     
v  0.53591664762813263      -0.85290645873859572       0.10587164177022380     
v  0.58220433718586484      -0.82054022427201223       0.10574594252773639     
v  0.62444608497399612      -0.78303062356614594       0.10526543983586778     
v  0.66450380160821254      -0.74358009720270635       0.10481357031024897     
v  0.70399379207721369      -0.70399379207721402       0.10464152107818457     
v  0.74218588213038506      -0.66325785484430388       0.10461704452901831     
v  0.77782956157470517      -0.62029837644189489       0.10456624358266230     
v  0.81068176391164626      -0.57520938653018938       0.10447544761250649     
v  0.84011993773938776      -0.52788234398496847       0.10428444547589903     
v  0.86510593105928624      -0.47812714756594732       0.10388924134307159     
v  0.88691638957177099      -0.42711642222217544       0.10346491670412764     
v  0.90902592955821815      -0.37653086857182444       0.10341442991293913     
v  0.93278617992445190      -0.32639600109214978       0.10386853434027882     
v  0.95545073115304868      -0.27526061374832023       0.10450630469289246     
v  0.97345882739014389      -0.22218562493928795       0.10494585736753612     
v  0.98588473921929864      -0.16750855454561236       0.10510569803693724     
v  0.99425078607922757      -0.11202515906554321       0.10516120008667484     
v   1.0006239287596803       -5.6193834498315061E-002  0.10533552508698039     
v   1.0101050132670417        0.0000000000000000        5.2937360587992664E-002
v   1.0152796116024336        5.5046861045130270E-002   5.3286699330589861E-002
v   1.0125217649699907       0.11011837801142786        5.3376914940170106E-002
v   1.0006189272921988       0.16404314653896584        5.3140257877246543E-002
v  0.98472860510358373       0.21675515684143074        5.2842876476670901E-002
v  0.97002851199510176       0.26932709060743898        5.2760147942071733E-002
v  0.95590062977605039       0.32208042248672297        5.2863886013588629E-002
v  0.93822035995418029       0.37382115819250883        5.2929254839702948E-002
v  0.91542774883008438       0.42352197588048013        5.2861210617242228E-002
v  0.88965454799948029       0.47166498997894790        5.2772137610127577E-002
v  0.86243215259155237       0.51890820919622327        5.2748760419760066E-002
v  0.83195769752286264       0.56408131534690376        5.2678065652312513E-002
v  0.79564772245165727       0.60483567405349759        5.2378461792454444E-002
v  0.75449111541035230       0.64087052985681203        5.1880310206232440E-002
v  0.71330543758470077       0.67567880087627574        5.1491716340148215E-002
v  0.67586476924702632       0.71350176200675319        5.1505888503878237E-002
v  0.64056609742309389       0.75413270984201641        5.1855665526281777E-002
v  0.60228497823571170       0.79229233948542566        5.2157572831754262E-002
v  0.55853336388901287       0.82377508130194244        5.2159957104514071E-002
v  0.51161406225270878       0.85030918606620398        5.2007285910836885E-002
v  0.46412530858674517       0.87543320025573612        5.1928561952787396E-002
v  0.41564066493578639       0.89839257439567222        5.1877517535150540E-002
v  0.36529923781153278       0.91683195260452799        5.1722638023925890E-002
v  0.31451534298864892       0.93344827393063134        5.1622210107980293E-002
v  0.26478188636553612       0.95365816582033425        5.1869759798462166E-002
v  0.21505969728290147       0.97702605467567694        5.2429539320922897E-002
v  0.16345770503691170       0.99704789210946110        5.2950609525288087E-002
v  0.10985535455875459        1.0101033042612639        5.3249421412621421E-002
v   5.5212446331215428E-002   1.0183336525005278        5.3446989911844815E-002
v   0.0000000000000000        1.0223933006989732        5.3581362443491903E-002
v  -5.5249345337768575E-002   1.0190142146312406        5.3482709046968439E-002
v -0.10967704112837794        1.0084637393448250        5.3162988784591692E-002
v -0.16345443259285808       0.99702793108379351        5.2949549447347789E-002
v -0.21753835557069343       0.98828671280180069        5.3033812989140526E-002
v -0.27150775705496966       0.97788256271270646        5.3187332166742707E-002
v -0.32368396308157305       0.96065976866643665        5.3127079245172917E-002
v -0.37385116826030840       0.93829567954483473        5.2933503958543612E-002
v -0.42360967236728325       0.91561730167991595        5.2872156312444123E-002
v -0.47357797369749466       0.89326281806745833        5.2986171388733003E-002
v -0.52225921771937300       0.86800157208184903        5.3089401678887538E-002
v -0.56803998480247297       0.83779629815703549        5.3047755347402026E-002
v -0.61081829062432114       0.80351771996185051        5.2896553345113201E-002
v -0.65159741397525306       0.76711977968238321        5.2748682287150843E-002
v -0.69147577783556535       0.72998210340261360        5.2695562687798465E-002
v -0.73036275844464293       0.69183635344426542        5.2723041213006396E-002
v -0.76605604223624324       0.65069386724446709        5.2675537583977347E-002
v -0.79637250667647119       0.60538664069713721        5.2426175223607395E-002
v -0.82300206929658537       0.55800924874462643        5.2111011374112795E-002
v -0.85048704987314927       0.51172107935459377        5.2018164558289573E-002
v -0.88008558125246150       0.46659184488573124        5.2204529844736031E-002
v -0.90760583561367136       0.41990317347382955        5.2409535646179777E-002
v -0.92924366078088638       0.37024451434108968        5.2422838630417294E-002
v -0.94662724740427717       0.31895585616764693        5.2351042927820723E-002
v -0.96333771001828783       0.26746939858296487        5.2396233172781331E-002
v -0.97931870062646842       0.21556434681788039        5.2552568149530618E-002
v -0.99162584911979945       0.16256880620796335        5.2662658983045348E-002
v -0.99844469313156659       0.10858740418782478        5.2634816654363384E-002
v -0.99987564816221808        5.4211682415176723E-002   5.2478226118917025E-002
v -0.99696037067722620        0.0000000000000000        5.2248479060391151E-002
v -0.99225043671910074       -5.3798255463672853E-002   5.2078018782082729E-002
v -0.98887751411435287      -0.10754691076638015        5.2130465520109665E-002
v -0.98658851767434952      -0.16174297763533454        5.2395139466151174E-002
v -0.98089138186347513      -0.21591052013550516        5.2636961961098211E-002
v -0.96866654788057094      -0.26894894313245016        5.2686070296635669E-002
v -0.95240737563810463      -0.32090340812607054        5.2670699627041191E-002
v -0.93593277395346319      -0.37290970062374001        5.2800201764788210E-002
v -0.91820483430995348      -0.42480679243877900        5.3021572918517300E-002
v -0.89483461678731968      -0.47441128863880455        5.3079406654630838E-002
v -0.86440306267594080      -0.52009406644807055        5.2869306788002356E-002
v -0.82974403897781057      -0.56258041761191080        5.2537900773118214E-002
v -0.79351158890192131      -0.60321182754584768        5.2237837510676004E-002
v -0.75607490649671294      -0.64221581413116202        5.1989214832389059E-002
v -0.71789380821100446      -0.68002513640016393        5.1822939216498498E-002
v -0.68058572740663936      -0.71848561694121993        5.1865660392671022E-002
v -0.64423481802504379      -0.75845186163654932        5.2152658996915686E-002
v -0.60578845426039485      -0.79690108337948418        5.2460972073848908E-002
v -0.56211608905142219      -0.82905920558665136        5.2494538354033941E-002
v -0.51389946690515964      -0.85410755814632366        5.2239604961370055E-002
v -0.46469040611895190      -0.87649908727358283        5.1991787770616492E-002
v -0.41656907583195307      -0.90039930166147697        5.1993395639986936E-002
v -0.36845112790213530      -0.92474260022447385        5.2168913442467921E-002
v -0.31854734831750475      -0.94541483931003645        5.2283993486383580E-002
v -0.26685785939496226      -0.96113514492457008        5.2276434982563610E-002
v -0.21447803130124785      -0.97438351948021973        5.2287734604176489E-002
v -0.16169296323160798      -0.98628344330786855        5.2378937763320699E-002
v -0.10807898268142285      -0.99376983458109835        5.2388373036222437E-002
v  -5.3885611277107066E-002 -0.99386161989377220        5.2162581332550688E-002
v   0.0000000000000000      -0.98876614849088740        5.1819038072653305E-002
v   5.3346634359923248E-002 -0.98392077558855273        5.1640838577618003E-002
v  0.10678471333882479      -0.98186922450329250        5.1761010866009725E-002
v  0.16073142668284396      -0.98041832982842436        5.2067456904548212E-002
v  0.21489309447584415      -0.97626917049266349        5.2388923117450345E-002
v  0.26879947694348194      -0.96812821932048676        5.2656790441332181E-002
v  0.32212254360473497      -0.95602564079945662        5.2870799460746153E-002
v  0.37449446668448982      -0.93991023684280073        5.3024588439679270E-002
v  0.42558672647132612      -0.91989063409440697        5.3118919123696672E-002
v  0.47515569709263022      -0.89623872008221228        5.3162694636987064E-002
v  0.52254134591510304      -0.86847047279075806        5.3118080956533385E-002
v  0.56678430840562388      -0.83594431402720515        5.2930491041934646E-002
v  0.60801741720566749      -0.79983323398983119        5.2653999131402139E-002
v  0.64790067014574926      -0.76276763639389056        5.2449420255753484E-002
v  0.68759459606561679      -0.72588478962398306        5.2399787963915513E-002
v  0.72604420509200374      -0.68774560241801241        5.2411295763557915E-002
v  0.76139556670525632      -0.64673522364757829        5.2355074014138407E-002
v  0.79332546112550295      -0.60307033688869649        5.2225584491719802E-002
v  0.82261705306636013      -0.55774820126321967        5.2086632838625468E-002
v  0.84934033643946005      -0.51103112477376234        5.1948028360326595E-002
v  0.87323767330142033      -0.46296131386403538        5.1798328649512046E-002
v  0.89536112576650140      -0.41423816745321934        5.1702467079593854E-002
v  0.91749198318479064      -0.36556221803077305        5.1759873334814285E-002
v  0.93987316908838014      -0.31668014221817281        5.1977524159136486E-002
v  0.96058082391932265      -0.26670395292545163        5.2246285293268295E-002
v  0.97713320669202175      -0.21508328322525019        5.2435289352692656E-002
v  0.98843462414539340      -0.16204563142899747        5.2493181359287863E-002
v  0.99586705779114060      -0.10830706945072273        5.2498931948401759E-002
v   1.0025737395482732       -5.4357968679490137E-002   5.2619834778060925E-002
v   1.0019992437909904        0.0000000000000000        0.0000000000000000     
v   1.0100037870943286        5.2932055549075312E-002   0.0000000000000000     
v   1.0114894738280660       0.10631182762598033        0.0000000000000000     
v   1.0042168184456211       0.15905231875399614        0.0000000000000000     
v  0.99134002635496843       0.21071582744788117        0.0000000000000000     
v  0.97650455870869945       0.26165360791130582        0.0000000000000000     
v  0.96005807422856704       0.31194177784429500        0.0000000000000000     
v  0.94076403085164828       0.36112547689889607        0.0000000000000000     
v  0.91890686571798608       0.40912369574460644        0.0000000000000000     
v  0.89587761261785925       0.45647244326111047        0.0000000000000000     
v  0.87167847003373278       0.50326379932077658        0.0000000000000000     
v  0.84446321049617945       0.54840082107216659        0.0000000000000000     
v  0.81259422057309061       0.59038425925771909        0.0000000000000000     
v  0.77666993690347541       0.62893491396700796        0.0000000000000000     
v  0.73955812949071253       0.66590113078678304        0.0000000000000000     
v  0.70413210217633782       0.70413210217633770        0.0000000000000000     
v  0.67021062837145373       0.74434431144087376        0.0000000000000000     
v  0.63399595876457759       0.78291980673309047        0.0000000000000000     
v  0.59187715794275841       0.81464901933227396        0.0000000000000000     
v  0.54469634702352288       0.83875882069931218        0.0000000000000000     
v  0.49643434862714436       0.85984951444457469        0.0000000000000000     
v  0.44908818900626740       0.88138519764198298        0.0000000000000000     
v  0.40130797197586116       0.90135246271870628        0.0000000000000000     
v  0.35204327001679658       0.91710407301980379        0.0000000000000000     
v  0.30275284749425901       0.93177745456601102        0.0000000000000000     
v  0.25484403189805138       0.95109087504923062        0.0000000000000000     
v  0.20716743345648175       0.97464614514273751        0.0000000000000000     
v  0.15760788276923496       0.99509700855898342        0.0000000000000000     
v  0.10583040174856898        1.0069090125726783        0.0000000000000000     
v   5.3026589676655626E-002   1.0118076057043410        0.0000000000000000     
v   0.0000000000000000        1.0136327078865055        0.0000000000000000     
v  -5.3062511855568470E-002   1.0124930417103049        0.0000000000000000     
v -0.10583589469970721        1.0069612745117402        0.0000000000000000     
v -0.15811650503229374       0.99830832314276907        0.0000000000000000     
v -0.21018989473867458       0.98886570749567648        0.0000000000000000     
v -0.26211826393282633       0.97823867858905722        0.0000000000000000     
v -0.31332285254218184       0.96430858508986284        0.0000000000000000     
v -0.36345137231975239       0.94682319557814310        0.0000000000000000     
v -0.41287892078869309       0.92734123926129108        0.0000000000000000     
v -0.46177402526117395       0.90628255314698103        0.0000000000000000     
v -0.50936400102560364       0.88224432932291164        0.0000000000000000     
v -0.55460845949467352       0.85402213541102767        0.0000000000000000     
v -0.59710986271774880       0.82185121957973406        0.0000000000000000     
v -0.63719177043123065       0.78686630547306236        0.0000000000000000     
v -0.67555715501971181       0.75028223084729762        0.0000000000000000     
v -0.71269051811170414       0.71269051811170425        0.0000000000000000     
v -0.74802504931198432       0.67352477963660218        0.0000000000000000     
v -0.78022795774231490       0.63181614243207584        0.0000000000000000     
v -0.80908109083539659       0.58783182109688425        0.0000000000000000     
v -0.83615517452137755       0.54300551942557251        0.0000000000000000     
v -0.86243850119978838       0.49792910082719560        0.0000000000000000     
v -0.88648553263564644       0.45168693948648597        0.0000000000000000     
v -0.90679731799131780       0.40373217773058129        0.0000000000000000     
v -0.92507921861315956       0.35510464158425736        0.0000000000000000     
v -0.94455287217881734       0.30690383230426066        0.0000000000000000     
v -0.96525024510090696       0.25863802366873156        0.0000000000000000     
v -0.98331839726639791       0.20901077754982283        0.0000000000000000     
v -0.99515995913886146       0.15761785316159710        0.0000000000000000     
v  -1.0001575536570493       0.10512079482231421        0.0000000000000000     
v -0.99933047340663195        5.2372690881112266E-002   0.0000000000000000     
v -0.99434710946882787        0.0000000000000000        0.0000000000000000     
v -0.98852752128572319       -5.1806532150753731E-002   0.0000000000000000     
v -0.98545353693832516      -0.10357534038975830        0.0000000000000000     
v -0.98465362579246529      -0.15595381343466486        0.0000000000000000     
v -0.98088133173032799      -0.20849276327891061        0.0000000000000000     
v -0.96996295119398723      -0.25990078946053691        0.0000000000000000     
v -0.95374003557089426      -0.30988892264285606        0.0000000000000000     
v -0.93661940027064428      -0.35953450228034040        0.0000000000000000     
v -0.91894054476710307      -0.40913869062336689        0.0000000000000000     
v -0.89692653526846811      -0.45700689604614675        0.0000000000000000     
v -0.86855666131734588      -0.50146142221801182        0.0000000000000000     
v -0.83618574658029754      -0.54302537315277410        0.0000000000000000     
v -0.80276454988450507      -0.58324258546617369        0.0000000000000000     
v -0.76862804265462970      -0.62242271640764968        0.0000000000000000     
v -0.73345299082467641      -0.66040403924088453        0.0000000000000000     
v -0.69877889110573332      -0.69877889110573310        0.0000000000000000     
v -0.66597976389207414      -0.73964546040152812        0.0000000000000000     
v -0.63275506599369258      -0.78138743177875902        0.0000000000000000     
v -0.59437442906796656      -0.81808621815952487        0.0000000000000000     
v -0.54910718618935350      -0.84555091739179478        0.0000000000000000     
v -0.50039624979832520      -0.86671172856762579        0.0000000000000000     
v -0.45253765878392133      -0.88815516326602884        0.0000000000000000     
v -0.40609206706194334      -0.91209771621189994        0.0000000000000000     
v -0.35871394948614987      -0.93448178715949248        0.0000000000000000     
v -0.30907831435386862      -0.95124523978477882        0.0000000000000000     
v -0.25824366958904033      -0.96377849563932527        0.0000000000000000     
v -0.20744756729532865      -0.97596407123565887        0.0000000000000000     
v -0.15643902171814414      -0.98771711032721343        0.0000000000000000     
v -0.10453509166446917      -0.99458496035131783        0.0000000000000000     
v  -5.2083068829159647E-002 -0.99380415544554279        0.0000000000000000     
v   0.0000000000000000      -0.98821448020254743        0.0000000000000000     
v   5.1517232817754610E-002 -0.98300736116910792        0.0000000000000000     
v  0.10304909176363329      -0.98044661571583858        0.0000000000000000     
v  0.15504433815362714      -0.97891142485925420        0.0000000000000000     
v  0.20738528089729438      -0.97567103677206191        0.0000000000000000     
v  0.25967578000654173      -0.96912320447949407        0.0000000000000000     
v  0.31155704062827094      -0.95887397483267178        0.0000000000000000     
v  0.36278844738228777      -0.94509621707284275        0.0000000000000000     
v  0.41314556540264180      -0.92794013286978416        0.0000000000000000     
v  0.46198923827604649      -0.90670493247089157        0.0000000000000000     
v  0.50795699098744695      -0.87980731645006593        0.0000000000000000     
v  0.54987793482057401      -0.84673776620492169        0.0000000000000000     
v  0.58848599771044874      -0.80998148769910250        0.0000000000000000     
v  0.62642320417000930      -0.77356823361712157        0.0000000000000000     
v  0.66562338207057969      -0.73924965829052003        0.0000000000000000     
v  0.70498347170376185      -0.70498347170376219        0.0000000000000000     
v  0.74144620760856172      -0.66760116396004587        0.0000000000000000     
v  0.77336140874200476      -0.62625572068847379        0.0000000000000000     
v  0.80186425444014231      -0.58258848253807527        0.0000000000000000     
v  0.82889996152794021      -0.53829392901736972        0.0000000000000000     
v  0.85513062389054362      -0.49370989589549857        0.0000000000000000     
v  0.88024446711166893      -0.44850695777005728        0.0000000000000000     
v  0.90426921186996645      -0.40260659236585217        0.0000000000000000     
v  0.92755240222412161      -0.35605400782454488        0.0000000000000000     
v  0.94951679855005910      -0.30851670975292711        0.0000000000000000     
v  0.96801029602558131      -0.25937757708506737        0.0000000000000000     
v  0.98045986217494718      -0.20840317715937109        0.0000000000000000     
v  0.98641606539129112      -0.15623295644413110        0.0000000000000000     
v  0.98917130333265835      -0.10396609338353238        0.0000000000000000     
v  0.99374259850091984       -5.2079842766392576E-002   0.0000000000000000     
v  0.98878460514577093        0.0000000000000000       -5.1820005344948405E-002
v  0.99830132090023405        5.4126324871265105E-002  -5.2395597941911433E-002
v   1.0010316467356370       0.10886875234716963       -5.2771192589435141E-002
v  0.99575806201301087       0.16324624812584285       -5.2882110017559374E-002
v  0.98578714535091427       0.21698815916932490       -5.2899680261231451E-002
v  0.97237689329413202       0.26997911546555775       -5.2887877120367792E-002
v  0.95407309218879399       0.32146465337863922       -5.2762818250173468E-002
v  0.93121050703683883       0.37102817751529593       -5.2533797325362445E-002
v  0.90667524251376841       0.41947263525940992       -5.2355798715093618E-002
v  0.88191563755500124       0.46756207933183086       -5.2313084320457830E-002
v  0.85546510000651210       0.51471627274137810       -5.2322636015033105E-002
v  0.82596150834667559       0.56001579820866076       -5.2298397734066623E-002
v  0.79422953521052042       0.60375759614071989       -5.2285100793448738E-002
v  0.76186660917899107       0.64713533073109719       -5.2387463831802629E-002
v  0.72947785166827306       0.69099812522106629       -5.2659162029818275E-002
v  0.69621154223391934       0.73498158909327715       -5.3056462921367016E-002
v  0.65957989826133279       0.77651748669521070       -5.3394887318720149E-002
v  0.61662950741808842       0.81116224492124489       -5.3399801764241472E-002
v  0.56723372351269141       0.83660715172016764       -5.2972460732954252E-002
v  0.51516719694670887       0.85621454186572143       -5.2368473973371257E-002
v  0.46407415866639851       0.87533672127121742       -5.1922839054771228E-002
v  0.41390279672588803       0.89463623381890933       -5.1660608324530226E-002
v  0.36299915548360506       0.91105918126096130       -5.1396969877489360E-002
v  0.31178990158060416       0.92535945208218418       -5.1174876417781713E-002
v  0.26185248714006454       0.94310742335579079       -5.1295901683525484E-002
v  0.21264863233327541       0.96607247618067338       -5.1841744275273292E-002
v  0.16188727202120276       0.98746867449070075       -5.2441882295931087E-002
v  0.10870384565707704       0.99951535476037134       -5.2691258517311150E-002
v   5.4362514520560699E-002   1.0026575826533730       -5.2624235262696877E-002
v   0.0000000000000000        1.0028456352482518       -5.2556912707051415E-002
v  -5.4361976659404836E-002   1.0026476623880769       -5.2623714600026142E-002
v -0.10872202728678791       0.99968253208478752       -5.2700071572135264E-002
v -0.16260779769692918       0.99186368668074376       -5.2675289914738119E-002
v -0.21573158756484867       0.98007848299971634       -5.2593339876776349E-002
v -0.26823900325033129       0.96610957551695020       -5.2546995786432578E-002
v -0.32037432907654445       0.95083712497605377       -5.2583860525333301E-002
v -0.37232000812832022       0.93445275739155831       -5.2716707335210729E-002
v -0.42401622137004330       0.91649604294856446       -5.2922899068864965E-002
v -0.47479899251914226       0.89556590388249879       -5.3122784821252669E-002
v -0.52353574294731542       0.87012317351474433       -5.3219164751093763E-002
v -0.56938275190359522       0.83977673146579002       -5.3173152823943109E-002
v -0.61233773818014070       0.80551651903907828       -5.3028136730753378E-002
v -0.65308081389928663       0.76886617308189520       -5.2868767771867595E-002
v -0.69222316357820379       0.73077110893824060       -5.2752519002850030E-002
v -0.72950624356485416       0.69102501945406336       -5.2661211569059223E-002
v -0.76404871896766668       0.64898883149195608       -5.2537510042325576E-002
v -0.79571016349928492       0.60488314050386838       -5.2382572362917830E-002
v -0.82530947280244749       0.55957370714016519       -5.2257112015683636E-002
v -0.85271184248730658       0.51305969265626195       -5.2154239091497662E-002
v -0.87623784874529775       0.46455190621682435       -5.1976291738370019E-002
v -0.89577072355341569       0.41442766756860405       -5.1726119230088283E-002
v -0.91485791932428273       0.36451271106512129       -5.1611273876426909E-002
v -0.93694757336098700       0.31569439424547296       -5.1815730815521557E-002
v -0.96040740658661750       0.26665580384003762       -5.2236853071414575E-002
v -0.97997107148147666       0.21570794450181405       -5.2587575919518390E-002
v -0.99262122862200475       0.16273199039435887       -5.2715520988739870E-002
v -0.99905922058343100       0.10865423807582995       -5.2667212579726216E-002
v  -1.0001583232189364        5.4227008611418888E-002  -5.2493062249361400E-002
v -0.99632609394929550        0.0000000000000000       -5.2215238025629045E-002
v -0.99035052560256964       -5.3695245276100277E-002  -5.1978302416989960E-002
v -0.98610942746407360      -0.10724586320111337       -5.1984540829114301E-002
v -0.98316308589322776      -0.16118140659934543       -5.2213223730574736E-002
v -0.97638944699382868      -0.21491956933575920       -5.2395377440256484E-002
v -0.96277890485317053      -0.26731424709259505       -5.2365839588656593E-002
v -0.94518931586851795      -0.31847136062269399       -5.2271521431093738E-002
v -0.92705799522788290      -0.36937366559028512       -5.2299535349026913E-002
v -0.90691005907220945      -0.41958127296776809       -5.2369358155003570E-002
v -0.88118998300588325      -0.46717736163842077       -5.2270040262728246E-002
v -0.85006612891849820      -0.51146781961916465       -5.1992419856487684E-002
v -0.81681681435330067      -0.55381554183554593       -5.1719372151410620E-002
v -0.78303169544643370      -0.59524521965733734       -5.1547933318835788E-002
v -0.74823218600434493      -0.63555414730062665       -5.1449933767715700E-002
v -0.71342532111519241      -0.67579236058837033       -5.1500370429154736E-002
v -0.68085826302441321      -0.71877332929484350       -5.1886429620156882E-002
v -0.64931676603558075      -0.76443479335878683       -5.2564057285579842E-002
v -0.61309678905653120      -0.80651503339088126       -5.3093870150644262E-002
v -0.56819420527321474      -0.83802375633417792       -5.3062157590237261E-002
v -0.51751887818199394      -0.86012306648339443       -5.2607530260909752E-002
v -0.46703302391489859      -0.88091773317834132       -5.2253891067070582E-002
v -0.41868277300261408      -0.90496798322427929       -5.2257213334657791E-002
v -0.36992879947574914      -0.92845127621914847       -5.2378136632688692E-002
v -0.31877970437578046      -0.94610444751634459       -5.2322130682318391E-002
v -0.26629994500014476      -0.95912571888055465       -5.2167141684428292E-002
v -0.21402785223207171      -0.97233833535036329       -5.2177985164801745E-002
v -0.16164744934347763      -0.98600582087207189       -5.2364193960831362E-002
v -0.10821700899784061      -0.99503896560205396       -5.2455277571904324E-002
v  -5.4001554880303351E-002 -0.99600007382531253       -5.2274817558295543E-002
v   0.0000000000000000      -0.99124165913024875       -5.1948774087853429E-002
v   5.3425876555469654E-002 -0.98538231188670644       -5.1717546948780099E-002
v  0.10665866634145248      -0.98071024150196873       -5.1699912982270960E-002
v  0.16013932992283991      -0.97680669936809483       -5.1875652643420603E-002
v  0.21398261935784102      -0.97213284033103020       -5.2166957813847468E-002
v  0.26789048880377492      -0.96485433992501812       -5.2478723138037656E-002
v  0.32133086830193697      -0.95367603223064035       -5.2740859762319667E-002
v  0.37400472532180634      -0.93868107870792417       -5.2955246068807374E-002
v  0.42570729305258576      -0.92015123448907876       -5.3133967446589388E-002
v  0.47526784733548805      -0.89645025788072930       -5.3175242543180394E-002
v  0.52055215974641933      -0.86516441966043545       -5.2915873508698030E-002
v  0.56087575071239404      -0.82722984339965488       -5.2378706429315067E-002
v  0.59887142233827950      -0.78780188349586511       -5.1861960626951580E-002
v  0.63827205266411757      -0.75143195156344744       -5.1669956013707531E-002
v  0.67972584092023303      -0.71757784581437167       -5.1800130689821741E-002
v  0.71995567378151437      -0.68197823921256839       -5.1971780079744206E-002
v  0.75550751585251696      -0.64173386817400646       -5.1950199922832105E-002
v  0.78639021463830550      -0.59779829957187236       -5.1769028741102077E-002
v  0.81523736967489535      -0.55274465177182652       -5.1619364554016008E-002
v  0.84397468131828379      -0.50780271720369730       -5.1619849899410250E-002
v  0.87257293578000172      -0.46260889233470859       -5.1758898041267418E-002
v  0.90048010917305810      -0.41660646136785645       -5.1998061855200846E-002
v  0.92761328676713317      -0.36959491396134742       -5.2330861856791831E-002
v  0.95295646937898748      -0.32108841934851295       -5.2701065993611400E-002
v  0.97282700404127576      -0.27010408809933084       -5.2912358781799354E-002
v  0.98264515864505286      -0.21629655559683525       -5.2731073789835492E-002
v  0.98225613947115842      -0.16103272028054755       -5.2165058174802131E-002
v  0.97852408572637728      -0.10642090757278438       -5.1584665829156016E-002
v  0.98004452202675207       -5.3136469998545183E-002  -5.1437394368045883E-002
v  0.97871518186050854        0.0000000000000000      -0.10286711073235606     
v  0.98812143964475796        5.5491709769985208E-002 -0.10401939000569425     
v  0.98901740168508967       0.11143549826022808      -0.10460766873310855     
v  0.98281362199143829       0.16698675074115640      -0.10477828459077365     
v  0.97390076613074228       0.22228649457290947      -0.10499350153977093     
v  0.96101183892343633       0.27686274129722094      -0.10511457344410316     
v  0.94089884223174036       0.32923474441007095      -0.10477190358136640     
v  0.91553591923978206       0.37922739458883636      -0.10415503240816702     
v  0.88942290450015493       0.42832349619334709      -0.10375731896586485     
v  0.86297303977917250       0.47694834022315152      -0.10363310570811271     
v  0.83400209649704615       0.52403824955265976      -0.10352503523837484     
v  0.80333020434555480       0.56999317684557993      -0.10352802593545810     
v  0.77392346324830585       0.61718336697223308      -0.10404113364954340     
v  0.74581504296792434       0.66650107125402891      -0.10512860381636793     
v  0.71560628772666723       0.71560628772666712      -0.10636760051517349     
v  0.68000077275620241       0.76092121592118622      -0.10725793988508718     
v  0.63748481555652359       0.79938067457010464      -0.10746343217291322     
v  0.58823141235621967       0.82903459179234329      -0.10684064193800724     
v  0.53465255904157094       0.85089467327780055      -0.10562191798464110     
v  0.48037378992668778       0.86917092431712539      -0.10437740013433569     
v  0.42714037904497371       0.88696613642690592      -0.10347072001803978     
v  0.37430329343986724       0.90364808746344372      -0.10280262506083380     
v  0.32158187159173968       0.91902818824770582      -0.10233654076909893     
v  0.26986630088117408       0.93672665689193502      -0.10245828301472268     
v  0.21886221792297170       0.95889802986812955      -0.10337609875329652     
v  0.16654264984261338       0.98019983131230015      -0.10449962697196234     
v  0.11182606233457748       0.99248375371864428      -0.10497430232784674     
v   5.5866457577392552E-002  0.99479444259409744      -0.10472185598654175     
v   0.0000000000000000       0.99329640435197897      -0.10439965897156075     
v  -5.5704905540048713E-002  0.99191774204947003      -0.10441902616838826     
v -0.11135932417836633       0.98834133800973656      -0.10453616195792612     
v -0.16635876970891120       0.97911759035956669      -0.10438424868659474     
v -0.22015291604666914       0.96455294783301859      -0.10398573954905513     
v -0.27298507927477805       0.94755217622757781      -0.10364236816454947     
v -0.32557706353561899       0.93044579084984125      -0.10360792500858199     
v -0.37858097265325913       0.91397531863589621      -0.10397749223409182     
v -0.43213614711655896       0.89733995571986580      -0.10468089761952484     
v -0.48526212481243713       0.87801570028141529      -0.10543955568291040     
v -0.53585079683362347       0.85280165779949713      -0.10585863278504372     
v -0.58224929546700543       0.82060358703957348      -0.10575410831337180     
v -0.62507015118588527       0.78381317784393023      -0.10537064123893800     
v -0.66639557074545797       0.74569698784434457      -0.10511196300115196     
v -0.70682629818666087       0.70682629818666098      -0.10506254431885971     
v -0.74464297030828830       0.66545364308721933      -0.10496339078742643     
v -0.77863659236246319       0.62094196201914054      -0.10467473544527583     
v -0.80984679238801249       0.57461694264004604      -0.10436784185700665     
v -0.83888956605328779       0.52710925021531096      -0.10413171891478473     
v -0.86408629343316190       0.47756361376941842      -0.10376679462802768     
v -0.88508175032367575       0.42623290652562457      -0.10325089337654177     
v -0.90575658274119553       0.37517666078011175      -0.10304249592703539     
v -0.92954198484703410       0.32526080813708491      -0.10350728350374416     
v -0.95374491289865149       0.27476917597519557      -0.10431972389240479     
v -0.97274323512955707       0.22202229567548476      -0.10486871137923114     
v -0.98540169372364861       0.16742648181485811      -0.10505420029893142     
v -0.99444643885585660       0.11204720383908551      -0.10518189414201612     
v  -1.0000510947713550        5.6161664831560695E-002 -0.10527522294227445     
v -0.99997984006393503        0.0000000000000000      -0.10510211637101320     
v -0.99524749809379121       -5.5891900628509385E-002 -0.10476954906841011     
v -0.98958646473653566      -0.11149961626722292      -0.10466785812823193     
v -0.98324485287772967      -0.16706001981568855      -0.10482425834563128     
v -0.97264304902654941      -0.22199942885124846      -0.10485791059733814     
v -0.95656565131594529      -0.27558181671390797      -0.10462825361443547     
v -0.93775183196620804      -0.32813355789147453      -0.10442147456465313     
v -0.91755000260651198      -0.38006165523508584      -0.10438416259730117     
v -0.89368372074824109      -0.43037539715382794      -0.10425437258149671     
v -0.86459152181166721      -0.47784284362418100      -0.10382746672732034     
v -0.83201922653640659      -0.52279232977904211      -0.10327890074613490     
v -0.79784709716925173      -0.56610270483108360      -0.10282139837572671     
v -0.76209634690376726      -0.60775155642024725      -0.10245117462810971     
v -0.72579765252321826      -0.64861243746888186      -0.10230699230646229     
v -0.69206232311206095      -0.69206232311206073      -0.10286802950018770     
v -0.66132068129357202      -0.74001818392660357      -0.10431149010529393     
v -0.62795870996727055      -0.78743531598879413      -0.10585757744997520     
v -0.58552188595981669      -0.82521587170564215      -0.10634850987321295     
v -0.53466293891690797      -0.85091119275476568      -0.10562396855434843     
v -0.48188767365922258      -0.87191009067196967      -0.10470634241099859     
v -0.43114504323108299      -0.89528190729544843      -0.10444081206996340     
v -0.38085984603245321      -0.91947700565487567      -0.10460338618070754     
v -0.32863244538126940      -0.93917757049934070      -0.10458023481965707     
v -0.27492559169931563      -0.95428784389026566      -0.10437910917495972     
v -0.22113305997331220      -0.96884723895902647      -0.10444869499341937     
v -0.16705343434673292      -0.98320609358354116      -0.10482012619659901     
v -0.11187906667170071      -0.99295418022184989      -0.10502405900525884     
v  -5.5895604982016858E-002 -0.99531346021923417      -0.10477649289107885     
v   0.0000000000000000      -0.99221294714802022      -0.10428578303069558     
v   5.5420479644172078E-002 -0.98685306974309728      -0.10388586890375383     
v  0.11051704488660771      -0.98086590253689632      -0.10374549045280775     
v  0.16562238212885938      -0.97478352348582775      -0.10392219150487608     
v  0.22097322060949515      -0.96814693694932474      -0.10437319740404377     
v  0.27629541475153885      -0.95904260491101245      -0.10489918047510553     
v  0.33092004833837452      -0.94571516414755441      -0.10530821544905197     
v  0.38446671587491577      -0.92818475974626435      -0.10559401515607751     
v  0.43652633413553166      -0.90645627299971709      -0.10574437893422195     
v  0.48559187476358223      -0.87861233789121218      -0.10551120497626641     
v  0.53000701225757285      -0.84350132792460042      -0.10470417887890704     
v  0.57069837756539699      -0.80432409174871666      -0.10365611174661628     
v  0.61121889116766814      -0.76644424715443293      -0.10303567747956190     
v  0.65393767716845141      -0.73175659849741859      -0.10314695346894016     
v  0.69723001985590960      -0.69723001985590993      -0.10363615509139720     
v  0.73738319665053276      -0.65896591269671789      -0.10394006754413870     
v  0.77269731664360963      -0.61620554768411961      -0.10387629863829088     
v  0.80464458295926311      -0.57092577820620771      -0.10369741459092374     
v  0.83539908277362707      -0.52491603420824229      -0.10369844373952609     
v  0.86568661309694039      -0.47844807918407456      -0.10395897455629700     
v  0.89541303506712022      -0.43120819103774094      -0.10445610902933088     
v  0.92492069640827801      -0.38311469657187747      -0.10522268223990688     
v  0.95339592461291878      -0.33360766266542757      -0.10616349112672203     
v  0.97573746116970694      -0.28110511998318677      -0.10672524819172095     
v  0.98455027024732922      -0.22471717439301173      -0.10614159461634270     
v  0.97909909488429647      -0.16635562720126892      -0.10438227687410849     
v  0.96988658767195557      -0.10927997320268626      -0.10258421611086860     
v  0.96931148907487541       -5.4435365604244675E-002 -0.10203926943972429     
v  0.97411849639525250        0.0000000000000000      -0.15428521286134084     
v  0.98121902331591881        5.7149500143527272E-002 -0.15567320025992482     
v  0.97769560931236177       0.11427622738066309      -0.15590595216312364     
v  0.96826053174686977       0.17073045610209833      -0.15572318753583647     
v  0.95806545477429284       0.22706568397957574      -0.15594621115291149     
v  0.94354389614880585       0.28247849912909678      -0.15599614608718795     
v  0.92108679366449397       0.33524817606957102      -0.15524844303114929     
v  0.89489101437246577       0.38601830325919817      -0.15436106097550795     
v  0.86951967741974701       0.43668919507340526      -0.15411073996743965     
v  0.84285591484294542       0.48662308932264275      -0.15414705130272716     
v  0.81237409698932050       0.53430684894475444      -0.15400274537603120     
v  0.78149760657103606       0.58180341171306127      -0.15431178421182715     
v  0.75387264788690334       0.63257426079654011      -0.15586784615967578     
v  0.72652095925158000       0.68543717358872347      -0.15819877012074884     
v  0.69333183407675347       0.73488881050291954      -0.16002085626934251     
v  0.65189913287152734       0.77690313360869290      -0.16062954193883480     
v  0.60371582629598419       0.81093108737570352      -0.16012361639191708     
v  0.55097534691972250       0.83771731693367690      -0.15880709039707983     
v  0.49588035107676670       0.85888996254005190      -0.15707946374645643     
v  0.44048545744763001       0.87707865728981604      -0.15545046810864993     
v  0.38566975794665187       0.89408299551515791      -0.15422168462006455     
v  0.33151327825173454       0.91082524624601735      -0.15351886741377369     
v  0.27821309638682612       0.92929645878810729      -0.15364061675891907     
v  0.22530574692925603       0.95063969646093871      -0.15473750576839512     
v  0.17118739039426720       0.97085193489080646      -0.15613995713919537     
v  0.11491144258301644       0.98313022269210282      -0.15677257012226831     
v   5.7421194181086314E-002  0.98588382978850109      -0.15641328512877095     
v   0.0000000000000000       0.98383087061786456      -0.15582350181681168     
v  -5.7098846504064237E-002  0.98034933391327406      -0.15553522155249588     
v -0.11381550958956449       0.97375391669777556      -0.15527739933506743     
v -0.16961611530560941       0.96194079104688401      -0.15470679769659948     
v -0.22423652853079609       0.94612830930097658      -0.15400317834730495     
v -0.27801148570564665       0.92862303221507014      -0.15352927911952013     
v -0.33145811399419922       0.91067368369407853      -0.15349332166675808     
v -0.38544130712138075       0.89355338697319253      -0.15413033166744072     
v -0.44083985019290711       0.87778431126300760      -0.15557553584293310     
v -0.49636076353139841       0.85972206132006357      -0.15723164346196009     
v -0.54787768510350565       0.83300755095239210      -0.15791425433314751     
v -0.59280357583623389       0.79627339124516927      -0.15722935897728227     
v -0.63403552629271376       0.75561411629170228      -0.15622790555455099     
v -0.67603689628022878       0.71655724740379489      -0.15602918789454451     
v -0.71844034270537416       0.67781350506855942      -0.15643922886712278     
v -0.75742546738391014       0.63555543032611816      -0.15660241362852448     
v -0.79199244573915850       0.58961652999014003      -0.15638405844969064     
v -0.82377551079175437       0.54180567676911584      -0.15616412525415663     
v -0.85203329400616845       0.49192165165298485      -0.15582547096115898     
v -0.87516937230552538       0.43952657848881255      -0.15511207286656539     
v -0.89602524623166846       0.38650756312521545      -0.15455670628914597     
v -0.91880610927696493       0.33441807483875502      -0.15486403550012751     
v -0.94184497839366976       0.28196987654187705      -0.15571526395398561     
v -0.96004620175295330       0.22753512963723821      -0.15626862126073388     
v -0.97321621597170160       0.17160427693880745      -0.15652019920636240     
v -0.98485740467519955       0.11511332120367122      -0.15704799117261248     
v -0.99428241216486679        5.7910355900659738E-002 -0.15774574420784296     
v -0.99743296979033069        0.0000000000000000      -0.15797786268148159     
v -0.99424492485045080       -5.7908172513230952E-002 -0.15773979673835284     
v -0.98823151738993287      -0.11550769841895585      -0.15758603619448402     
v -0.98001744338412944      -0.17280351683355266      -0.15761402548254921     
v -0.96731068465751124      -0.22925684371351679      -0.15745107552761672     
v -0.94979116087102988      -0.28434880741003543      -0.15702900658708749     
v -0.92901906315526239      -0.33813528605438864      -0.15658542071513706     
v -0.90511787811101152      -0.39042974166299632      -0.15612510767145210     
v -0.87757822372832917      -0.44073634914287857      -0.15553900958218000     
v -0.84740334125652617      -0.48924854718664385      -0.15497871465149804     
v -0.81520376789928273      -0.53616795277986651      -0.15453916953118321     
v -0.77961303919742242      -0.58040040328622466      -0.15393966412925170     
v -0.74086914188072805      -0.62166302370274684      -0.15317929063323754     
v -0.70336729974079093      -0.66359282246407059      -0.15315709800963079     
v -0.67062543405514519      -0.71082143254254748      -0.15478022343572920     
v -0.63906569964034965      -0.76160884345011870      -0.15746735257934538     
v -0.60061448801415718      -0.80676526710785978      -0.15930104809121901     
v -0.55202957103945349      -0.83932018683695897      -0.15911094839366147     
v -0.49803138020770282      -0.86261565428339315      -0.15776084283650652     
v -0.44425193756167980      -0.88457833580424738      -0.15677968587725369     
v -0.39153421180095588      -0.90767832769010603      -0.15656676336723588     
v -0.33816414043834753      -0.92909833992364210      -0.15659878275109734     
v -0.28369061421097369      -0.94759264247980268      -0.15666552546285673     
v -0.22857729205500388      -0.96444343075394623      -0.15698436693224241     
v -0.17256805623702751      -0.97868207998382062      -0.15739926195724102     
v -0.11535980239023493      -0.98696618599748698      -0.15738426307239758     
v  -5.7577925279968689E-002 -0.98857479883253541      -0.15684021505260137     
v   0.0000000000000000      -0.98643800188581943      -0.15623643084353933     
v   5.7262289324434230E-002 -0.98315553876491035      -0.15598043396629810     
v  0.11443238994805373      -0.97903166546311238      -0.15611900324399400     
v  0.17161631424985749      -0.97328448295501868      -0.15653117843343714     
v  0.22863332072187470      -0.96467983428822579      -0.15702284680362313     
v  0.28495218120209875      -0.95180656969100319      -0.15736221419935564     
v  0.34005484929929686      -0.93429301982586188      -0.15747434189754472     
v  0.39364623522914372      -0.91257454834097163      -0.15741131963419960     
v  0.44499026461997415      -0.88604846584822705      -0.15704024677634498     
v  0.49294110252903872      -0.85379903471931407      -0.15614840127404322     
v  0.53773184396505469      -0.81758154892878943      -0.15498992837221989     
v  0.58172712512572278      -0.78139513590101606      -0.15429155071170220     
v  0.62710403762173117      -0.74735348976603289      -0.15451996978039254     
v  0.67339669200341490      -0.71375879436138356      -0.15541982924643863     
v  0.71801786283509361      -0.67741491586821234      -0.15634723455501368     
v  0.75861903735358527      -0.63655695444745708      -0.15684919162336966     
v  0.79462786983374922      -0.59157853053454545      -0.15690444007437088     
v  0.82714580452564179      -0.54402235382916120      -0.15680303593541275     
v  0.85774334955659626      -0.49521835376211271      -0.15686976359810070     
v  0.88747114661220849      -0.44570476175420054      -0.15729239792481037     
v  0.91705486711771955      -0.39557885610083027      -0.15818413637811596     
v  0.94616175197342411      -0.34437471451948748      -0.15947480721670546     
v  0.97015562455936522      -0.29044552761746822      -0.16039586409682208     
v  0.98056241491910801      -0.23239756148052107      -0.15960808590224007     
v  0.97507533295751481      -0.17193208942369981      -0.15681919685579726     
v  0.96498232018386898      -0.11279025699748242      -0.15387865713609902     
v  0.96450464538393155       -5.6175998487602817E-002 -0.15302141646731834     
v  0.97156595681913560        0.0000000000000000      -0.20651271921712042     
v  0.97365508762569219        5.8895282447731838E-002 -0.20733504923317272     
v  0.96478297116234613       0.11714586173759704      -0.20657713097848310     
v  0.95252059942858813       0.17455587819630280      -0.20583611830589826     
v  0.94100903454806262       0.23193789592919076      -0.20600373914701289     
v  0.92453812824426151       0.28809773223468044      -0.20583675560701592     
v  0.90076020974713111       0.34161328739318869      -0.20476916264377160     
v  0.87585372927378535       0.39418976522190524      -0.20415450012250233     
v  0.85233340972637717       0.44733908215793855      -0.20460537137829568     
v  0.82496850947311318       0.49871084968763463      -0.20490337371846601     
v  0.79233992491518723       0.54691276150739188      -0.20464198278173518     
v  0.76061948144394376       0.59590730833487326      -0.20538370748058726     
v  0.73235454608421480       0.64880951216893323      -0.20796864256047612     
v  0.70136827552671899       0.70136827552671888      -0.21083156473231704     
v  0.66162704284452112       0.74682254737547260      -0.21207715885930184     
v  0.61407002854002590       0.78380248093199711      -0.21164361864712480     
v  0.56247439766652541       0.81488484705578790      -0.21046478360678036     
v  0.50869152182083943       0.84147855776748448      -0.20900409339070186     
v  0.45346525662289822       0.86400585995162738      -0.20740738052868049     
v  0.39776074756052998       0.88378812654737871      -0.20600394467588329     
v  0.34229934853666832       0.90256920431000520      -0.20518040006063185     
v  0.28724247489248622       0.92179351093614847      -0.20522570117364419     
v  0.23209513383224317       0.94164697379793327      -0.20614339547973357     
v  0.17579324618440328       0.95927269801110404      -0.20729522140926171     
v  0.11782253788952796       0.97035590065973443      -0.20777039394137398     
v   5.8921312993882605E-002  0.97408542385365127      -0.20742668721067078     
v   0.0000000000000000       0.97319918364932334      -0.20685987229657235     
v  -5.8586626255366862E-002  0.96855239247706226      -0.20624845546571965     
v -0.11639797515534196       0.95862357100754925      -0.20525829425503492     
v -0.17311114867196248       0.94463696556442756      -0.20413249468482678     
v -0.22924974350614449       0.93010277144605946      -0.20361616272994609     
v -0.28513867751743488       0.91504218779226953      -0.20372260421145652     
v -0.34023322823196805       0.89712129280391018      -0.20394193030454255     
v -0.39516754432892082       0.87802626532835193      -0.20466090090312800     
v -0.45172325928588869       0.86068676133224209      -0.20661062024929810     
v -0.50801751798088368       0.84036361923431380      -0.20872716807256897     
v -0.55785529821362068       0.80819292620244598      -0.20873642446572999     
v -0.59943528004852709       0.76512260462745785      -0.20659964811481368     
v -0.63940944871967709       0.72174406785998346      -0.20495555721129724     
v -0.68329725485628701       0.68329725485628712      -0.20539940919121283     
v -0.72820297231632891       0.64513153875362905      -0.20678970926155238     
v -0.76931034000226095       0.60271616119356475      -0.20773042722080226     
v -0.80666859582387762       0.55680312892291939      -0.20834272728946054     
v -0.84032947202558894       0.50799687527357862      -0.20871868668426100     
v -0.86688918125457037       0.45497854038076374      -0.20809953106420981     
v -0.88637109926648971       0.39892324921541861      -0.20660601496076683     
v -0.90438934302150875       0.34298963609824135      -0.20559417086868595     
v -0.92376792573937860       0.28785772742769694      -0.20566527973174126     
v -0.94193938665442734       0.23216720712823521      -0.20620740989362427     
v -0.95770315965973707       0.17550561760665923      -0.20695605007588436     
v -0.97223200404306098       0.11805033808306173      -0.20817210092204308     
v -0.98339610772667407        5.9484505610500539E-002 -0.20940935142486922     
v -0.98725067212184237        0.0000000000000000      -0.20984660837263697     
v -0.98437628643800434       -5.9543795499482847E-002 -0.20961807564759838     
v -0.97809346529878749      -0.11876204833331182      -0.20942714364744561     
v -0.96882474685402797      -0.17754372410094452      -0.20935938323093284     
v -0.95518277262600082      -0.23543140860181561      -0.20910662438461100     
v -0.93710165262526746      -0.29201268476337328      -0.20863386588140440     
v -0.91480464081400092      -0.34693963752988821      -0.20796187293253804     
v -0.88861837410966082      -0.39993466552068752      -0.20712983675533272     
v -0.86072172181071738      -0.45174160796045015      -0.20661901262439500     
v -0.83250958421516197      -0.50326958829278046      -0.20677640479585310     
v -0.80087683412819566      -0.55280536447438744      -0.20684685719641865     
v -0.76244740851777537      -0.59733939774222200      -0.20587728731726843     
v -0.72057827585054302      -0.63837664712244557      -0.20462450419468453     
v -0.68227418099369963      -0.68227418099369941      -0.20509187280724375     
v -0.64851624175878353      -0.73202351222284667      -0.20787463800604503     
v -0.61228679115762485      -0.78152634658337827      -0.21102901315430245     
v -0.56685293379255408      -0.82122825176218750      -0.21210312956901817     
v -0.51298702540712693      -0.84858418860193530      -0.21076897012679310     
v -0.45627749894958580      -0.86936414002793783      -0.20869365286348721     
v -0.40050721256213623      -0.88989052145005398      -0.20742636412706122     
v -0.34594501176166204      -0.91218202820298511      -0.20736567631718419     
v -0.29145269494807474      -0.93530458212541734      -0.20823377079610092     
v -0.23585103535093069      -0.95688526527159923      -0.20947933053087242     
v -0.17829747873496715      -0.97293785277311695      -0.21024820994719934     
v -0.11899439636802553      -0.98000702352397040      -0.20983687037349086     
v  -5.9222602422402917E-002 -0.97906633187776071      -0.20848734701056254     
v   0.0000000000000000      -0.97531891640675161      -0.20731043540315061     
v   5.8874893115856280E-002 -0.97331801178721367      -0.20726327059569172     
v  0.11812884402983995      -0.97287855868412365      -0.20831053972824490     
v  0.17765480502387387      -0.96943089583272235      -0.20949036974499288     
v  0.23624822400590753      -0.95849672299072797      -0.20983210750051889     
v  0.29294588176144037      -0.94009638708285703      -0.20930060574407006     
v  0.34792170625038671      -0.91739414321132384      -0.20855054262712050     
v  0.40121122430817591      -0.89145477138149143      -0.20779097827682805     
v  0.45179988229300216      -0.86083275427478123      -0.20664566632385759     
v  0.49960321204802061      -0.82644465711822390      -0.20527001514673449     
v  0.54685730594782778      -0.79225958366701466      -0.20462123260645279     
v  0.59558705688593006      -0.76021071067100765      -0.20527333053271313     
v  0.64518065228688171      -0.72825841003522529      -0.20680545205608686     
v  0.69367168984232086      -0.69367168984232119      -0.20851796821026258     
v  0.73921112191905725      -0.65488390830170806      -0.20991572239579576     
v  0.77962013261011220      -0.61079336788142524      -0.21051429416191289     
v  0.81374726997829760      -0.56168918490453534      -0.21017097532906476     
v  0.84375497621730056      -0.51006766474789222      -0.20956950384577513     
v  0.87303556779406999      -0.45820441288768665      -0.20957499088568110     
v  0.90253487636242791      -0.40619797476100694      -0.21037366214067771     
v  0.93086050411105747      -0.35302882329041768      -0.21161184064568128     
v  0.95467276284550251      -0.29748806414757395      -0.21254585199604406     
v  0.96790526551046274      -0.23856722146041862      -0.21189180604519861     
v  0.96763726934676142      -0.17732611077138163      -0.20910277380871362     
v  0.96217517932627961      -0.11682921848103160      -0.20601875653388163     
v  0.96365095477228424       -5.8290143895555153E-002 -0.20520471847841382     
v  0.96596838125284057        0.0000000000000000      -0.25883044767069735     
v  0.96161478319296434        6.0499674110775899E-002 -0.25817335071993736     
v  0.94863080547617951       0.11983994003063672      -0.25620511207610536     
v  0.93609095902049577       0.17856890063772185      -0.25534772677294537     
v  0.92527906851873509       0.23757128595731095      -0.25596953274938339     
v  0.90878389430488649       0.29528178687890139      -0.25603936927112547     
v  0.88606132358836065       0.35081649552101302      -0.25535106523277673     
v  0.86330868487821333       0.40624223076401067      -0.25565423171361135     
v  0.83931323433772709       0.46141635522412611      -0.25663766859142334     
v  0.80779124122732116       0.51263991006999809      -0.25635420101863993     
v  0.77131928597249833       0.56039626392974884      -0.25546358261924917     
v  0.73784645187473130       0.61039967007129570      -0.25658917970801637     
v  0.70647793227553513       0.66342693738742475      -0.25968221992385671     
v  0.66892926192468893       0.71233731277808676      -0.26183597005074349     
v  0.62229815799561561       0.75222925305909061      -0.26159085878151656     
v  0.57106244992720145       0.78600003153977505      -0.26032589570585835     
v  0.51886587464210410       0.81760179157805812      -0.25946759921901552     
v  0.46566128020030484       0.84703472420461123      -0.25899867646836100     
v  0.41080606796712321       0.87300733261950691      -0.25852632182505408     
v  0.35459205358530532       0.89559729472553118      -0.25809920503199985     
v  0.29752657103803959       0.91569262955597786      -0.25798582565887168     
v  0.23969204851670964       0.93353889334395623      -0.25825453364591100     
v  0.18077713114169955       0.94766690871176151      -0.25850542465520637     
v  0.12080864737694381       0.95629891370423004      -0.25827610588806915     
v   6.0418860304867962E-002  0.96033028453095814      -0.25782848983659662     
v   0.0000000000000000       0.96141873131435640      -0.25761137264383621     
v  -6.0230239306686570E-002  0.95733223961686797      -0.25702357781298002     
v -0.11945885435599791       0.94561420174293553      -0.25539039122463886     
v -0.17756861601333607       0.93084728338609968      -0.25391735225615825     
v -0.23597416660934983       0.91905869934979323      -0.25424872759569966     
v -0.29468542894207689       0.90694849330045757      -0.25552226622993102     
v -0.35142599449356615       0.88760074226804409      -0.25579470518097414     
v -0.40644509558115000       0.86373979455916217      -0.25578189753720121     
v -0.46264312487452308       0.84154472004776826      -0.25731999226593555     
v -0.51779644903634725       0.81591664646839035      -0.25893281497509013     
v -0.56507227731287812       0.77775526625291891      -0.25759520127575675     
v -0.60511560704265421       0.73145911690662735      -0.25436795734417367     
v -0.64675724975325277       0.68872651793314221      -0.25315727912581504     
v -0.69337152216230613       0.65111919906422377      -0.25486465731086283     
v -0.73993644298706085       0.61212866108585740      -0.25731598283046420     
v -0.78336652150711461       0.56914909289054516      -0.25945366818602023     
v -0.82367492523017782       0.52272000245430417      -0.26139492059316555     
v -0.85632058787592269       0.47076622695323622      -0.26183802452813942     
v -0.87666698588248027       0.41252817007430015      -0.25961006609830395     
v -0.88954022260766419       0.35219388908253396      -0.25635363756808510     
v -0.90366538139207719       0.29361868121810686      -0.25459728735702614     
v -0.92164545990269964       0.23663833383405689      -0.25496432996107249     
v -0.94113605608331030       0.17953130437363660      -0.25672393284984901     
v -0.95885959888460814       0.12113213714417699      -0.25896769278345894     
v -0.97055615497825376        6.1062217541438327E-002 -0.26057392104621285     
v -0.97345278492099307        0.0000000000000000      -0.26083588758940734     
v -0.96926509828134888       -6.0980991138947165E-002 -0.26022729946838868     
v -0.96077809116520119      -0.12137449908153815      -0.25948583696234184     
v -0.94878174958957040      -0.18098979841299218      -0.25880953194426720     
v -0.93407550736928546      -0.23982982758077573      -0.25840298274197693     
v -0.91722628756334013      -0.29802488673191713      -0.25841791609461051     
v -0.89685015022679715      -0.35508809416923337      -0.25846026129110333     
v -0.87292638818447821      -0.41076797840723583      -0.25850235150283768     
v -0.84806381284279642      -0.46622702646666619      -0.25931334195684963     
v -0.82122155219432902      -0.52116304458168028      -0.26061633764709385     
v -0.78660016990590520      -0.57149847597288306      -0.26052466358301007     
v -0.74329777600292102      -0.61490939759095020      -0.25848490040006655     
v -0.69891348286651500      -0.65632344657026054      -0.25690173248710269     
v -0.65942612159572767      -0.70221749618431450      -0.25811619860674578     
v -0.62157672884407866      -0.75135719501935050      -0.26128759696260262     
v -0.57767937226923582      -0.79510744382051257      -0.26334230176744716     
v -0.52454444372526854      -0.82654978465853901      -0.26230726310715297     
v -0.46580086403890214      -0.84728862626444901      -0.25907631236163842     
v -0.40719020753217733      -0.86532323805620892      -0.25625080748539253     
v -0.35150849940435352      -0.88780912588565719      -0.25585475856251549     
v -0.29752080439810175      -0.91567488166317601      -0.25798082539499451     
v -0.24229376845622819      -0.94367192348892592      -0.26105773873266996     
v -0.18400267789972513      -0.96457581696679551      -0.26311785173136693     
v -0.12298573114302591      -0.97353230622829234      -0.26293048063279673     
v  -6.1080135447117274E-002 -0.97084095193357489      -0.26065038304067795     
v   0.0000000000000000      -0.96302151050746865      -0.25804083603427602     
v   6.0319648664502325E-002 -0.95875336066412686      -0.25740511893418777     
v  0.12124881123795182      -0.95978316943652431      -0.25921712965120342     
v  0.18266273144291897      -0.95755157165135285      -0.26120177182875726     
v  0.24224538332292825      -0.94348347583671910      -0.26100560650670240     
v  0.29888500441847188      -0.91987345760728445      -0.25916372568988655     
v  0.35391724184072437      -0.89389291481406552      -0.25760802545518285     
v  0.40769361983280566      -0.86639304365074088      -0.25656761227624392     
v  0.45902056032538358      -0.83495529959504311      -0.25530513841498875     
v  0.50893419576358745      -0.80195196983933903      -0.25450109631188084     
v  0.56014317886922471      -0.77097094427085056      -0.25534821065760249     
v  0.61250839801710943      -0.74039546608472562      -0.25747561002633629     
v  0.66374108212281935      -0.70681246244093798      -0.25980518418362269     
v  0.71273321521552380      -0.66930103905964711      -0.26198149310125929     
v  0.75742617324582184      -0.62659742427155629      -0.26339810944231901     
v  0.79395371172144946      -0.57684113683334071      -0.26296018175467195     
v  0.82306226246521785      -0.52233119484077339      -0.26120049081280966     
v  0.85106625407185776      -0.46787763250027792      -0.26023140149122242     
v  0.88097053453180862      -0.41455326635113299      -0.26088448907453221     
v  0.90941281340209679      -0.36006200438542568      -0.26208065340006254     
v  0.93255893316939364      -0.30300676528468190      -0.26273771196118928     
v  0.94820124065832601      -0.24345669944759449      -0.26231073065583227     
v  0.95520004801221980      -0.18221415431799576      -0.26056032111297017     
v  0.95747422221811584      -0.12095712337098498      -0.25859353185377237     
v  0.96166319138548706       -6.0502719696100715E-002 -0.25818634730181639     
v  0.95434107054108686        0.0000000000000000      -0.31008421074279652     
v  0.94549973312989177        6.1971326600216724E-002 -0.30787066079420061     
v  0.93140118220553725       0.12262129189321212      -0.30524197661768937     
v  0.92077133825126034       0.18315280670689404      -0.30503796243920533     
v  0.91174516185459409       0.24430137982192174      -0.30669431644636558     
v  0.89670909366123075       0.30439172080482252      -0.30768737549521358     
v  0.87646082494389810       0.36304196058047367      -0.30824298512894560     
v  0.85442386795397141       0.42135522237347589      -0.30954128804864650     
v  0.82576718896882839       0.47675690883911354      -0.30981541999388834     
v  0.78725024253685316       0.52602379475991223      -0.30763975721975173     
v  0.74677232097952218       0.57301855576327387      -0.30584233199136290     
v  0.71077296917446664       0.62333116449748360      -0.30717199985608118     
v  0.67392748071937669       0.67392748071937669      -0.30967361386480441     
v  0.62931379516229136       0.71759485199261130      -0.31012018651892970     
v  0.57884155455380537       0.75436100074936618      -0.30895029335032231     
v  0.52771338193174344       0.78977888843474098      -0.30862789538483404     
v  0.47675130907853963       0.82575748989900377      -0.30981178104887891     
v  0.42374739856336935       0.85927472140128969      -0.31129865869398415     
v  0.36737791120098184       0.88692873573770881      -0.31192445038023542     
v  0.30817314812704166       0.90784881933408190      -0.31150974439973944     
v  0.24741806312777831       0.92337678230315168      -0.31060697979999125     
v  0.18588382299129330       0.93450108427145917      -0.30958642477379900     
v  0.12391607647005061       0.94123604748015022      -0.30846509225630481     
v   6.1959867531873943E-002  0.94532490153188353      -0.30781373267701506     
v   0.0000000000000000       0.94833694867553575      -0.30813335329009628     
v  -6.2018524707035928E-002  0.94621983708522261      -0.30810513878800644     
v -0.12308291131257243       0.93490752980865854      -0.30639108883005639     
v -0.18310710551943563       0.92054158286671517      -0.30496184786933372     
v -0.24398728432104122       0.91057294148687962      -0.30630000305766669     
v -0.30505601915649899       0.89866605349994655      -0.30835886621721070     
v -0.36242166835123224       0.87496330703142944      -0.30771632223827622     
v -0.41658471882290238       0.84475024370693108      -0.30603672055956416     
v -0.47188737256289748       0.81733290472912268      -0.30665100349856195     
v -0.52621529111725662       0.78753683708878486      -0.30775175194977883     
v -0.57338530011422384       0.74725027152302659      -0.30603807774237063     
v -0.61585183310159819       0.70224442626424877      -0.30348625251451750     
v -0.66098363938293991       0.66098363938294002      -0.30372584316450846     
v -0.70860291265212372       0.62142807600402505      -0.30623417493774896     
v -0.75459928040163982       0.57902439296168151      -0.30904788133325928     
v -0.79860233424895644       0.53360901993764076      -0.31207590032844612     
v -0.83752490148699754       0.48354522732653327      -0.31422673675561735     
v -0.86334840626868092       0.42575631762281657      -0.31277447615209913     
v -0.87615056584644724       0.36291344705445999      -0.30813386993789554     
v -0.88690832887856674       0.30106480945922925      -0.30432444362004840     
v -0.90374370629640910       0.24215739626683280      -0.30400277384689428     
v -0.92499668979557292       0.18399328138558488      -0.30643775907939436     
v -0.94399266752387989       0.12427899238370735      -0.30936850119222592     
v -0.95500135289659960        6.2594095662080948E-002 -0.31096454845348959     
v -0.95654185175111250        0.0000000000000000      -0.31079928790503314     
v -0.95041872599452493       -6.2293734426128046E-002 -0.30947236783928189     
v -0.93833086680867384      -0.12353360217870772      -0.30751299652405212     
v -0.92279537779909748      -0.18355541320502403      -0.30570849688561974     
v -0.90815311297414703      -0.24333889322523244      -0.30548601721745633     
v -0.89526291897339572      -0.30390081064797603      -0.30719115024518201     
v -0.88008281120205611      -0.36454223641133110      -0.30951680344978394     
v -0.86063154556537080      -0.42441651019381432      -0.31179020991950279     
v -0.83745063509790718      -0.48350234960679939      -0.31419887312427558     
v -0.80692515736476200      -0.53917015255080225      -0.31532827313747624     
v -0.76509435933510783      -0.58707755026830022      -0.31334616519471103     
v -0.71690887753858745      -0.62871221171189728      -0.30982373159727228     
v -0.67128337873930155      -0.67128337873930088      -0.30845863356050962     
v -0.62966067057164865      -0.71799038759019562      -0.31029112360544453     
v -0.58580703263674028      -0.76343858852101576      -0.31266804042656110     
v -0.53399709253273053      -0.79918312593109941      -0.31230286070576402     
v -0.47477891993655535      -0.82234121169278906      -0.30853004488714547     
v -0.41401428178196448      -0.83953791301246583      -0.30414839367941299     
v -0.35677276192323665      -0.86132564052038374      -0.30292008387151664     
v -0.30259776544169303      -0.89142427157905513      -0.30587399694478029     
v -0.24749121831087662      -0.92364980116330953      -0.31069881832702306     
v -0.18884778311815370      -0.94940191807030905      -0.31452285121522033     
v -0.12680382178708816      -0.96317065084853515      -0.31565357538946592     
v  -6.3075103627258863E-002 -0.96234011628378546      -0.31335417359483780     
v   0.0000000000000000      -0.95120540012829213      -0.30906536966478471     
v   6.1731601651905645E-002 -0.94184223720255289      -0.30667971842949532     
v  0.12375873680622110      -0.94004093408152578      -0.30807342561141754     
v  0.18614462317935818      -0.93581221535647607      -0.31002078316230375     
v  0.24607374548729044      -0.91835972056734250      -0.30891933243534453     
v  0.30288725924120447      -0.89227709281182177      -0.30616662509891795     
v  0.35894695894054812      -0.86657461644685130      -0.30476609907538815     
v  0.41451623475065069      -0.84055577294219530      -0.30451714470044422     
v  0.46846204012994436      -0.81140005492243539      -0.30442508755133851     
v  0.52243479170372942      -0.78187891988074654      -0.30554076466492086     
v  0.57758254747404447      -0.75272023077843653      -0.30827831221219920     
v  0.63126856360509753      -0.71982383820295537      -0.31108347885217369     
v  0.68186193440531384      -0.68186193440531406      -0.31331954167938814     
v  0.72929712264443769      -0.63957641108751473      -0.31517751148044826     
v  0.76949164746381316      -0.59045170812337611      -0.31514708472257630     
v  0.79933804163159905      -0.53410060389448266      -0.31236339829078613     
v  0.82494352570876339      -0.47628136663419407      -0.30950639393635127     
v  0.85327278858854627      -0.42078757284941865      -0.30912427419547200     
v  0.88189424578392162      -0.36529255718249276      -0.31015386786497429     
v  0.90533137954264087      -0.30731859246840504      -0.31064593645146366     
v  0.92305007627904911      -0.24733052251245827      -0.31049708189766823     
v  0.93633079642041750      -0.18624777536646631      -0.31019258141940936     
v  0.94605504137046526      -0.12455050905156981      -0.31004438939323259     
v  0.95310098665744358       -6.2469539078149602E-002 -0.31034575715265733     
v  0.93755235751989230        0.0000000000000000      -0.35989263101455238     
v  0.92880321568195923        6.3531880456106166E-002 -0.35736725568228517     
v  0.91666844748082521       0.12599317808546490      -0.35518425435171697     
v  0.90780582118000341       0.18864421894596620      -0.35591836281569933     
v  0.89878965327294869       0.25182905072800610      -0.35829974961164007     
v  0.88431559699638795       0.31428583867511894      -0.36025791300403714     
v  0.86576767846446201       0.37605597105896693      -0.36233425592678087     
v  0.84188547673618130       0.43622989277473495      -0.36397672744137266     
v  0.80628318037084235       0.49031166365723655      -0.36223792829543511     
v  0.76144606350526978       0.53748732350128847      -0.35777543444337206     
v  0.71781905690070014       0.58398911869151104      -0.35521581664358420     
v  0.67745072907809278       0.63269481403360905      -0.35582399212997345     
v  0.63383765484916388       0.67867441279818186      -0.35646671935381025     
v  0.58504764876476700       0.71912016514838117      -0.35585967559981929     
v  0.53514635884694917       0.75812967213581361      -0.35621718439801847     
v  0.48588100102131604       0.79899726607177401      -0.35896459385700774     
v  0.43468948693960091       0.83891262842303571      -0.36269146046611472     
v  0.37861941341286809       0.87166931467399944      -0.36480416213594541     
v  0.31751506532018980       0.89340176995445175      -0.36395949388555043     
v  0.25397310966601977       0.90644189984229040      -0.36135029433005933     
v  0.19030770340903166       0.91581094790718764      -0.35905688818356724     
v  0.12689576301742561       0.92323524054750061      -0.35772870922553640     
v   6.3544617036941226E-002  0.92898941790281964      -0.35743889903530907     
v   0.0000000000000000       0.93380482945445398      -0.35845408976994475     
v  -6.3862373252880245E-002  0.93363484934681895      -0.35922627989120259     
v -0.12694232712495723       0.92357401958941421      -0.35785997695022226     
v -0.18899609421151500       0.90949913792291448      -0.35658225206250094     
v -0.25184713832385330       0.89885420874799515      -0.35832548445456014     
v -0.31414863947828597       0.88392955545482099      -0.36010064503254580     
v -0.37149809204673212       0.85527438854266569      -0.35794268704448962     
v -0.42554676264718516       0.82126797149540398      -0.35506305415336670     
v -0.48151372690377287       0.79181558975027133      -0.35573809029631953     
v -0.53685345159659137       0.76054807159830906      -0.35735350115086739     
v -0.58608152914794631       0.72039097485672754      -0.35648854119485923     
v -0.63189451127598895       0.67659381406218444      -0.35537390637644328     
v -0.67851906418542829       0.63369256937292506      -0.35638512410091694     
v -0.72424535704744142       0.58921730164801622      -0.35839589863315635     
v -0.76798685747087425       0.54210432004331854      -0.36084871240067884     
v -0.80947610779959434       0.49225332583950915      -0.36367241117334514     
v -0.84220696602396439       0.43639647509669355      -0.36411571857746927     
v -0.86126562330323075       0.37410045254339902      -0.36045009133209516     
v -0.87389138675975242       0.31058107346700298      -0.35601123428738785     
v -0.89013076665084612       0.24940294447448502      -0.35484791091131984     
v -0.91013208832978210       0.18912762281856912      -0.35683040939670163     
v -0.92663413042881970       0.12736292967870522      -0.35904568721407482     
v -0.93449923892832731        6.3921499120053238E-002 -0.35955886329247472     
v -0.93400223966678997        0.0000000000000000      -0.35852986845060919     
v -0.92651221163397246       -6.3375171486063892E-002 -0.35648576666979837     
v -0.91264728184563293      -0.12544048159047977      -0.35362616132289543     
v -0.89665013552776651      -0.18632604080965787      -0.35154461538998916     
v -0.88463854023728472      -0.24786409480140068      -0.35265845162946952     
v -0.87575009838763218      -0.31124165973824741      -0.35676844763317822     
v -0.86348120472187351      -0.37506281536032121      -0.36137733898147939     
v -0.84483531440770343      -0.43775837545641694      -0.36525204610624179     
v -0.81859304082231488      -0.49779745562746402      -0.36776836531322865     
v -0.78080265076634603      -0.55115069478615808      -0.36687038121450949     
v -0.73231248166475971      -0.59578039432485752      -0.36238794959831017     
v -0.68195773145295135      -0.63690406041421377      -0.35819124853509066     
v -0.63588564966599059      -0.68086727980298978      -0.35761850007876822     
v -0.59146247065023339      -0.72700504048018255      -0.35976153973005270     
v -0.54230794347176947      -0.76827532614957983      -0.36098425319837119     
v -0.48526790524410862      -0.79798907301874422      -0.35851164410964559     
v -0.42381808260875892      -0.81793177046383714      -0.35362069700728099     
v -0.36429575161586308      -0.83869293781663312      -0.35100314915176134     
v -0.30819576960837614      -0.86717978494322934      -0.35327702076503537     
v -0.25179487353599256      -0.89866767327711061      -0.35825112265892950     
v -0.19232437951568776      -0.92551572613620769      -0.36286178643182088     
v -0.12972767671222785      -0.94383894282297354      -0.36571208713028508     
v  -6.4876526233318410E-002 -0.94846124111519703      -0.36493089724014810     
v   0.0000000000000000      -0.93809081419779350      -0.36009932516762327     
v   6.3242776568844375E-002 -0.92457666645616643      -0.35574104436827864     
v  0.12614433016235316      -0.91776816051101229      -0.35561036343586977     
v  0.18901487543284820      -0.90958951812195099      -0.35661768692282181     
v  0.24936386988846934      -0.88999130762689704      -0.35479231599744859     
v  0.30725260283696743      -0.86452596799098891      -0.35219589253439437     
v  0.36515280360977626      -0.84066606940394539      -0.35182892861121451     
v  0.42284505964954511      -0.81605392139512378      -0.35280883675128871     
v  0.47992696631493287      -0.78920627312803560      -0.35456580558231765     
v  0.53810412810580888      -0.76231987655634736      -0.35818600698285352     
v  0.59562067460011503      -0.73211615974965294      -0.36229079886271837     
v  0.64826700061451548      -0.69412446959023699      -0.36458170196496625     
v  0.69617753802699045      -0.65018443268305681      -0.36566005493725706     
v  0.73917353521464935      -0.60136227540948017      -0.36578317116052711     
v  0.77268388733371896      -0.54541984576521185      -0.36305567357667706     
v  0.79770166763734551      -0.48509313015995914      -0.35838252182051267     
v  0.82213709805005031      -0.42599710772881261      -0.35543880815772255     
v  0.84826122443320118      -0.36845184499341438      -0.35500759295111567     
v  0.87203639716309789      -0.30992181000597357      -0.35525553724551184     
v  0.89241545710609316      -0.25004308471915421      -0.35575869578192243     
v  0.91072658519820293      -0.18925116068844422      -0.35706349046665153     
v  0.92612725948994834      -0.12729326187172157      -0.35884928842128305     
v  0.93626052875450116       -6.4041974644680880E-002 -0.36023653893034241     
v  0.91893082800470727        0.0000000000000000      -0.40913436444202017     
v  0.91347199656654621        6.5332806613871988E-002 -0.40774281806641233     
v  0.90420138456380683       0.13000453250047694      -0.40671617795882037     
v  0.89495226935993355       0.19468494951730483      -0.40777741420169938     
v  0.88305988703355787       0.25928977768421385      -0.40976182563544183     
v  0.86731882846942543       0.32349319793225401      -0.41214081336421771     
v  0.84852651289576442       0.38750907420495928      -0.41531998183372942     
v  0.82078229081833631       0.44818103870345866      -0.41636614822664991     
v  0.77899181772274073       0.50062764278383098      -0.41227702391165189     
v  0.73036185894570504       0.54674203921397579      -0.40619774926576108     
v  0.68350514956017816       0.59226058351247834      -0.40266790676039982     
v  0.63737158495978763       0.63737158495978752      -0.40132002743415746     
v  0.58907654055384262       0.67983056810189257      -0.40050313005757543     
v  0.54022836038877475       0.72166060271490817      -0.40135846220080351     
v  0.49196405033683377       0.76551100473613221      -0.40514237970668976     
v  0.44195996143918814       0.80938923844133848      -0.41058668467362230     
v  0.38672298632711122       0.84680522054360818      -0.41447747768381388     
v  0.32487658469851055       0.87102783192637279      -0.41390329291768774     
v  0.25932587939223756       0.88318283815987586      -0.40981887802647865     
v  0.19409300277011318       0.89223113407930277      -0.40653755198064234     
v  0.12981641051032136       0.90289296738254488      -0.40612764265659318     
v   6.5263923857973777E-002  0.91250888979338640      -0.40731291997291513     
v   0.0000000000000000       0.91852078765206613      -0.40895180271489034     
v  -6.5643974394591090E-002  0.91782269063056621      -0.40968481986271926     
v -0.13043798077000757       0.90721608349705396      -0.40807221086117906     
v -0.19411870050572944       0.89234926466342912      -0.40659137717979810     
v -0.25826651175968229       0.87957496333239038      -0.40814473406672885     
v -0.32126124278231299       0.86133472513057097      -0.40929723020151465     
v -0.37946742840285763       0.83091776480541368      -0.40670119995024862     
v -0.43570688603421287       0.79793758584487195      -0.40477749442212874     
v -0.49411642656361349       0.76886016751907171      -0.40691490521123547     
v -0.55034852285402469       0.73517955706782145      -0.40887715825991433     
v -0.59980255449893627       0.69220904806462580      -0.40779556467738287     
v -0.64581015254278107       0.64581015254278118      -0.40663335839183679     
v -0.69104309951943010       0.59879225433343308      -0.40710867876235157     
v -0.73430495498760151       0.54969380393766409      -0.40839073992886776     
v -0.77555226559046686       0.49841717684948272      -0.41045666035401113     
v -0.81240877861034833       0.44360875511382336      -0.41211843593537634     
v -0.83965425047352860       0.38345724772093942      -0.41097736223136500     
v -0.85892193814013984       0.32036131976226118      -0.40815069912197399     
v -0.87744539811678912       0.25764121499394171      -0.40715656266027317     
v -0.89606016242283582       0.19492595690105724      -0.40828221628318406     
v -0.90853233163666802       0.13062722868199550      -0.40866426858385946     
v -0.91163657077748372        6.5201534370626896E-002 -0.40692354644517265     
v -0.90809265775577552        0.0000000000000000      -0.40430890015093823     
v -0.90007487448813972       -6.4374625531998686E-002 -0.40176279861232800     
v -0.88806113245311480      -0.12768391458735268      -0.39945617840361153     
v -0.87581348392583558      -0.19052156158743799      -0.39905698887571045     
v -0.86664540058976136      -0.25447004959633723      -0.40214509427798778     
v -0.85646337876922451      -0.31944432452694838      -0.40698241748715541     
v -0.83986822634116620      -0.38355496722541038      -0.41108209490867037     
v -0.81671310304725397      -0.44595909407535905      -0.41430193210306943     
v -0.78557894922542237      -0.50486093515208064      -0.41576322609023092     
v -0.74298947168419727      -0.55619495170452371      -0.41322071714141045     
v -0.69249200668349575      -0.60004773953789259      -0.40796226181907008     
v -0.64224538124870756      -0.64224538124870734      -0.40438880568931179     
v -0.59522308880630492      -0.68692406292415864      -0.40468206376939253     
v -0.54796784492252670      -0.73199934366754982      -0.40710845209111213     
v -0.49513894253482355      -0.77045123342712751      -0.40775696786516430     
v -0.43549167232491276      -0.79754345136331051      -0.40457755802266360     
v -0.37404387650475007      -0.81904184270203506      -0.40088840839067608     
v -0.31478322519758889      -0.84396648784366457      -0.40104402595047761     
v -0.25587202678446080      -0.87142009640856644      -0.40436067229743544     
v -0.19490173582057213      -0.89594881991279252      -0.40823148401243553     
v -0.13170769909513058      -0.91604716842540335      -0.41204449532192533     
v  -6.6250331928185677E-002 -0.92630067673821315      -0.41346910439476076     
v   0.0000000000000000      -0.92026157668387321      -0.40972685192692126     
v   6.4826642263896367E-002 -0.90639489421434050      -0.40458384037724504     
v  0.12889428180673443      -0.89647942137386183      -0.40324278430053906     
v  0.19268618232869153      -0.88576408488133440      -0.40359089584070229     
v  0.25436445714571410      -0.86628578572815118      -0.40197822400748545     
v  0.31419114302004458      -0.84237905409276204      -0.40028969407644993     
v  0.37359666536541491      -0.81806258690172529      -0.40040910162180765     
v  0.43213507598070955      -0.79139630411960460      -0.40145923535771894     
v  0.49111210586809800      -0.76418535326669201      -0.40444078614674361     
v  0.55166657601411595      -0.73694026995826900      -0.40985639561252657     
v  0.60870997005387106      -0.70248875360397278      -0.41385156515419819     
v  0.65774330689927818      -0.65774330689927851      -0.41414705047779266     
v  0.70095970436317079      -0.60738504134461435      -0.41295076863858510     
v  0.73866880917205069      -0.55296054426153907      -0.41081773926643728     
v  0.76795022321758832      -0.49353164086965312      -0.40643332232421919     
v  0.79111258476460333      -0.43198015349194874      -0.40131531030433920     
v  0.81312911762435658      -0.37134362543886379      -0.39799436461652371     
v  0.83563239552017998      -0.31167476947278427      -0.39708375266214729     
v  0.85886748305923077      -0.25218624694948411      -0.39853594643450646     
v  0.88202450122708920      -0.19187268569890725      -0.40188698625253000     
v  0.90190417386266908      -0.12967424346492051      -0.40568287633787281     
v  0.91510757607660687       -6.5449785569147961E-002 -0.40847288510854440     
v  0.90007473997470921        0.0000000000000000      -0.45861098646419474     
v  0.89651456486520387        6.7184478762866776E-002 -0.45807786525932226     
v  0.88794378246441530       0.13383599101653634      -0.45754030202832596     
v  0.87628347730134426       0.20000598540994088      -0.45797102234697168     
v  0.86097332415229322       0.26557509881716002      -0.45908361700446815     
v  0.84367929929270946       0.33111972476316104      -0.46179847141179647     
v  0.82275324624034119       0.39621708093084906      -0.46529212334450365     
v  0.79007073251749760       0.45614755009782210      -0.46483757099875045     
v  0.74441962515110516       0.50753670669955908      -0.45906916488105581     
v  0.69432329639638046       0.55370435215722336      -0.45249570735377181     
v  0.64442844572477220       0.59794221537412662      -0.44792559175285174     
v  0.59428013930623003       0.64048166637405546      -0.44518228722010494     
v  0.54481479052863369       0.68317613869492078      -0.44523102095294781     
v  0.49617374691337701       0.72775322417364052      -0.44879131819378665     
v  0.44594224847772618       0.77239463160492683      -0.45443784920833935     
v  0.39137827668773978       0.81270536569569973      -0.45960973959811069     
v  0.33040066549757841       0.84184716616391275      -0.46079563030972071     
v  0.26443227905070837       0.85726839346560213      -0.45710809356758159     
v  0.19814233130639017       0.86811827517002227      -0.45370365218124936     
v  0.13305739132684016       0.88277811104641080      -0.45487853119615324     
v   6.7200813867971804E-002  0.89673254169430183      -0.45818924143151435     
v   0.0000000000000000       0.90228253515345391      -0.45973591429503624     
v  -6.7237689229414949E-002  0.89722460919600944      -0.45844066537885386     
v -0.13315061288897825       0.88339659569962947      -0.45519722440694210     
v -0.19804499717386995       0.86769182647184950      -0.45348077779032486     
v -0.26339611958749720       0.85390924698927129      -0.45531694734836492     
v -0.32747137304934887       0.83438345073012654      -0.45671027183136925     
v -0.38794043485066854       0.80556661356298986      -0.45557255693971688     
v -0.44790088377755349       0.77578708745772484      -0.45643379827141933     
v -0.50815720779483786       0.74532973310321171      -0.45963041082811212     
v -0.56214230884871874       0.70490415941843143      -0.45939133525856124     
v -0.60818819019823045       0.65547098037287510      -0.45560097278160194     
v -0.65224881496483211       0.60519845761400159      -0.45336132871142126     
v -0.69640207683436717       0.55536212423784714      -0.45385046417901737     
v -0.73846785564254391       0.50347885895703481      -0.45539882389924047     
v -0.77694162723653071       0.44856745762963679      -0.45711307095462761     
v -0.80973863084449715       0.38994957248266904      -0.45793196030690275     
v -0.83635774030970755       0.32824622461053027      -0.45779092405400768     
v -0.85974887243965281       0.26519740548397630      -0.45843072137423502     
v -0.87968548420329784       0.20078247128514215      -0.45974900928758750     
v -0.89075705455679388       0.13426002355769287      -0.45898992686748219     
v -0.89089239444526602        6.6763155335470642E-002 -0.45520519377687235     
v -0.88469449123778532        0.0000000000000000      -0.45077435831317747     
v -0.87661363499544476       -6.5693110242382086E-002 -0.44790940193626916     
v -0.86818420297325327      -0.13085771361261112      -0.44735857189306111     
v -0.86023758753346447      -0.19634361577963855      -0.44958497749754267     
v -0.84999150260535872      -0.26218765548912082      -0.45322794852364945     
v -0.83172816301445673      -0.32642924941502865      -0.45525686671726628     
v -0.80596720619561313      -0.38813335009502115      -0.45579910432495202     
v -0.77723750450579776      -0.44873828245069547      -0.45728715014209687     
v -0.74354153405327039      -0.50693803432591400      -0.45852766310792531     
v -0.70079594146314961      -0.55886611435365308      -0.45671397876010184     
v -0.65161076929767925      -0.60460643775165968      -0.45291783962443133     
v -0.60137864034398458      -0.64813203102990047      -0.45049985837688478     
v -0.55227569283673550      -0.69253181427245625      -0.45132818499771094     
v -0.50176597422300839      -0.73595551516588564      -0.45384951218639807     
v -0.44536317353278060      -0.77139164437889141      -0.45384774236511088     
v -0.38369605648056104      -0.79675307106231241      -0.45058822910744573     
v -0.32153870974594229      -0.81926727115991971      -0.44843624089928413     
v -0.25995979509653455      -0.84276895660426587      -0.44937678095649214     
v -0.19735453492367983      -0.86466671369683945      -0.45189976659226727     
v -0.13326515784118909      -0.88415655180228869      -0.45558881512654137     
v  -6.7210412806133032E-002 -0.89686063062239219      -0.45825468900486399     
v   0.0000000000000000      -0.89511339224641084      -0.45608305353283535     
v   6.6276583844133374E-002 -0.88439954912050234      -0.45188764731149628     
v  0.13198939647050989      -0.87569242815065218      -0.45122741548789919     
v  0.19762219194157288      -0.86583939571374491      -0.45251264404126823     
v  0.26153380900310663      -0.84787178435972443      -0.45209768363397440     
v  0.32326347160051888      -0.82366189269434009      -0.45084169224641346     
v  0.38283828550610899      -0.79497189128050483      -0.44958091746629114     
v  0.44064136326701137      -0.76321322909487788      -0.44903597736892348     
v  0.49995891320717389      -0.73330504345364089      -0.45221501761590088     
v  0.56021765673395263      -0.70249072200271623      -0.45781847996730701     
v  0.61361359357249923      -0.66131817458999942      -0.45966520667316091     
v  0.65745104049094960      -0.61002541749852968      -0.45697726150066537     
v  0.69689358066366036      -0.55575408546224248      -0.45417078091627427     
v  0.73282042787484702      -0.49962850790005048      -0.45191616457451289     
v  0.76134325467726904      -0.43956173303362672      -0.44793577920901773     
v  0.78293169312902422      -0.37704003167094308      -0.44277181718137487     
v  0.80361619575410581      -0.31539611529688433      -0.43986942800673740     
v  0.82859043715014769      -0.25558630105266761      -0.44181658621854991     
v  0.85621238178259496      -0.19542488883392523      -0.44748128886180610     
v  0.87982866652819980      -0.13261283409490876      -0.45335873933282983     
v  0.89486510104166328       -6.7060868537705834E-002 -0.45723506482225013     
v  0.87830483251783298        0.0000000000000000      -0.50708953148471969     
v  0.87215965539820972        6.8640453503410165E-002 -0.50509866242859813     
v  0.86101452192542149       0.13637130316645607      -0.50330346687122363     
v  0.84692837090451145       0.20332951231649934      -0.50286862300930857     
v  0.83070359450989573       0.26991195958773867      -0.50428858400065379     
v  0.81277423541673821       0.33666211145703573      -0.50791841045846853     
v  0.78812066109889034       0.40156753410225843      -0.51068276548685920     
v  0.75097901237575959       0.46020053066041317      -0.50851221075112718     
v  0.70484137773765965       0.51209723642430072      -0.50300594672579080     
v  0.65543103051958940       0.55979098382019721      -0.49764638762021712     
v  0.60400409852501014       0.60400409852501002      -0.49316728131200377     
v  0.55249771520917768       0.64689171013083491      -0.49116277340862496     
v  0.50196672735606562       0.69089792821097162      -0.49305528512827401     
v  0.44979518697784021       0.73399903473219785      -0.49701451796911911     
v  0.39420247685404286       0.77366592236989540      -0.50131645102148215     
v  0.33421230804609942       0.80685988679690768      -0.50422241910074383     
v  0.26930468349176745       0.82883459086680478      -0.50315398291442348     
v  0.20261721827042106       0.84396145267814449      -0.50110699813720638     
v  0.13649668308950938       0.86180613960450891      -0.50376620462090782     
v   6.9135491254966791E-002  0.87844970642162323      -0.50874145459270392     
v   0.0000000000000000       0.88198574626914872      -0.50921470802990565     
v  -6.8542333766091271E-002  0.87091292592717706      -0.50437663706967295     
v -0.13524130096142584       0.85387996879182604      -0.49913298514846977     
v -0.20153386237953910       0.83944895063492830      -0.49842767392661774     
v -0.26858187780122883       0.82661002369245795      -0.50180353272041944     
v -0.33408811718240272       0.80656006352944853      -0.50403505371587998     
v -0.39700178432244404       0.77915987261551889      -0.50487639538453211     
v -0.45974574286727077       0.75023686614823470      -0.50800967950506015     
v -0.51886546339009176       0.71415704296702009      -0.50965401699532464     
v -0.56775966665038813       0.66476115935380709      -0.50473043566520948     
v -0.61047658858620601       0.61047658858620613      -0.49845204731705900     
v -0.65477464570130672       0.55923037822467070      -0.49714801705413614     
v -0.69936821276452454       0.50812074930852891      -0.49910005439901700     
v -0.73965833938002490       0.45326321332635261      -0.50084661643040174     
v -0.77494584000626854       0.39485462746303179      -0.50214580610681525     
v -0.80624842114927009       0.33395903068192273      -0.50384030233785360     
v -0.83412658097739534       0.27102415531096813      -0.50636654900544853     
v -0.85682120440201437       0.20570457150636620      -0.50874255016708769     
v -0.86960542672443664       0.13773196881492955      -0.50832525460975786     
v -0.87043205460956585        6.8504488372632441E-002 -0.50409814739427661     
v -0.86386094391093460        0.0000000000000000      -0.49875034850938199     
v -0.85622723779399790       -6.7386545044115981E-002 -0.49587163298355125     
v -0.85035590954566220      -0.13468314481005159      -0.49707300684277583     
v -0.84354233860108974      -0.20251659788288856      -0.50085814672774498     
v -0.82803362669467406      -0.26904443445626514      -0.50266774800359781     
v -0.80015833715467211      -0.33143643529536865      -0.50003449053021332     
v -0.76687319156255285      -0.39074140763613685      -0.49691492886234379     
v -0.73436805365080171      -0.45002132206199896      -0.49726439263008271     
v -0.69964518885820992      -0.50832198421983177      -0.49929771677614887     
v -0.65837958521286477      -0.56230928743375630      -0.49988512445671673     
v -0.61061941862345814      -0.61061941862345792      -0.49856866755412899     
v -0.55936606182619730      -0.65493351078728212      -0.49726863788603681     
v -0.50742450338983380      -0.69840991246983086      -0.49841616897145141     
v -0.45285702238621123      -0.73899549600905934      -0.50039778371684129     
v -0.39246449702453134      -0.77025494489813984      -0.49910622168190272     
v -0.32853204853926399      -0.79314652725770574      -0.49565267429870108     
v -0.26441655307857381      -0.81379047236655278      -0.49402127027640230     
v -0.20013501298863431      -0.83362232358860222      -0.49496808038809265     
v -0.13486815427890533      -0.85152401335986494      -0.49775581843814715     
v  -6.7950865653892856E-002 -0.86339761099865764      -0.50002425101898862     
v   0.0000000000000000      -0.86368994687219025      -0.49865162332303231     
v   6.7490542247878940E-002 -0.85754864755699556      -0.49663690835449864     
v  0.13515187951769453      -0.85331538401602391      -0.49880295880423525     
v  0.20315796400342989      -0.84621382075552620      -0.50244435472188820     
v  0.26927473704750066      -0.82874242518828867      -0.50309803263345731     
v  0.33203407891704600      -0.80160117649159035      -0.50093614886363580     
v  0.39099570384602245      -0.76737227597558466      -0.49723832326226097     
v  0.44810904018815434      -0.73124749324870320      -0.49515136011825051     
v  0.50717317469918666      -0.69806398820392901      -0.49816930213252664     
v  0.56486583966009740      -0.66137292327781982      -0.50215786377723715     
v  0.61312341371242629      -0.61312341371242662      -0.50061317098293157     
v  0.65361440089887912      -0.55823943554850863      -0.49626708281727938     
v  0.69335701614692236      -0.50375335932163900      -0.49481019892075750     
v  0.73012456563582384      -0.44742090926195816      -0.49439098946403981     
v  0.75751730123990157      -0.38597434341406767      -0.49085254250528348     
v  0.77917035510781008      -0.32274292848471609      -0.48691869279025779     
v  0.80492748799540836      -0.26153679488898463      -0.48864088927398081     
v  0.83542889473339255      -0.20056873234726558      -0.49604074246337398     
v  0.86125950263794615      -0.13641010429949982      -0.50344666961495266     
v  0.87559681152776969       -6.8910963557429816E-002 -0.50708924173693171     
v  0.84963705474907625        0.0000000000000000      -0.55176075481601872     
v  0.83828316740463082        6.9462123653859328E-002 -0.54625318573824455     
v  0.82352498240640393       0.13742201422290359      -0.54219825424782420     
v  0.80879734322801766       0.20481530362293102      -0.54181864241733069     
v  0.79409995215007756       0.27261485791375134      -0.54523698231255635     
v  0.77526294792908468       0.34006185812768097      -0.54976666218131864     
v  0.74623657959284828       0.40384304154488582      -0.55102463313376715     
v  0.70759777351997777       0.46229669840759652      -0.54889843177574527     
v  0.66411993372721490       0.51690529276957597      -0.54652438015907479     
v  0.61562576021588233       0.56672343573939976      -0.54339955172369492     
v  0.56296921186736937       0.61154758596105563      -0.53979983545914689     
v  0.51014511161938625       0.65543445280789048      -0.53937683521312374     
v  0.45592400089986984       0.69784363384449133      -0.54133194107784199     
v  0.39790956898343011       0.73527248261984968      -0.54292869187679227     
v  0.33704981203498491       0.76839617449563136      -0.54489718773971252     
v  0.27308675941568872       0.79547455426448799      -0.54618079789485463     
v  0.20654988011657457       0.81564703089719404      -0.54640729309103797     
v  0.13936923809277924       0.83519405531476287      -0.54988102173487119     
v   7.0603241588974741E-002  0.85205441289371953      -0.55522698720832342     
v   0.0000000000000000       0.85365363244799564      -0.55436915087236460     
v  -6.9533761145092923E-002  0.83914770335454669      -0.54681654611000163     
v -0.13720876615690911       0.82224705680773380      -0.54135688447342722     
v -0.20547024385620039       0.81138364372056593      -0.54355122207215867     
v -0.27447375325221229       0.79951472928519196      -0.54895482253789718     
v -0.34099207127124459       0.77738362029102559      -0.55127050674027611     
v -0.40514909549860922       0.74864995591712968      -0.55280668166913449     
v -0.46787204558699330       0.71613147766350982      -0.55551820503806282     
v -0.52284420078300042       0.67175024289885210      -0.55280359235956866     
v -0.56765144005927892       0.61663384163422708      -0.54428936340187650     
v -0.61149658027518083       0.56292225782579208      -0.53975481384271862     
v -0.65836595865258507       0.51242679420404125      -0.54178926003782790     
v -0.70167352428650287       0.45842619320864009      -0.54430286740938683     
v -0.73842596492011059       0.39961614826193476      -0.54525723817848015     
v -0.77162579700830913       0.33846645581455176      -0.54718742848144208     
v -0.80176593943938768       0.27524659467432611      -0.55050052598203125     
v -0.82572757373408912       0.20910262025489221      -0.55316031482194206     
v -0.83993656190269339       0.14016062247297673      -0.55300342706278360     
v -0.84303873606870683        6.9856181308161791E-002 -0.54935207240775885     
v -0.83842528263918781        0.0000000000000000      -0.54447974487465700     
v -0.83244194057866361       -6.8978105799448602E-002 -0.54244684811108790     
v -0.82799949752775459      -0.13816867873677174      -0.54514421744169428     
v -0.81974269475851780      -0.20758704306513995      -0.54915100516146020     
v -0.79882504271225507      -0.27423698355265846      -0.54848127682774883     
v -0.76543465466265548      -0.33575076899420214      -0.54279706818942564     
v -0.72845479877001296      -0.39422002299023878      -0.53789448175507992     
v -0.69247271919593201      -0.45241500722807410      -0.53716560995284368     
v -0.65571428180844271      -0.51036291127289768      -0.53960711496126956     
v -0.61488802892582928      -0.56604430624487556      -0.54274837226010841     
v -0.56732989958197400      -0.61628455556575290      -0.54398105613909165     
v -0.51487031591153198      -0.66150539540654973      -0.54437279749676215     
v -0.46045839326964255      -0.70478403803982548      -0.54671575815764673     
v -0.40176213724131071      -0.74239140523000657      -0.54818533812925796     
v -0.33723682926373288      -0.76882253083230112      -0.54519953225486961     
v -0.27031548323213589      -0.78740210252214660      -0.54063817166003258     
v -0.20360466248855141      -0.80401662950317099      -0.53861601095239031     
v -0.13675285236709137      -0.81951491525194220      -0.53955807762050156     
v  -6.8738796095203406E-002 -0.82955390194244905      -0.54056490610520025     
v   0.0000000000000000      -0.83065999602725882      -0.53943690878551531     
v   6.8674115527565277E-002 -0.82877332357460143      -0.54005625528560286     
v  0.13832699930515915      -0.82894826067922944      -0.54576887089534076     
v  0.20845250425094131      -0.82316032369230008      -0.55144049718896559     
v  0.27598603847706188      -0.80391986565186202      -0.55197943329720434     
v  0.33931168113245608      -0.77355271664355085      -0.54855387605769768     
v  0.39859222850405629      -0.73653392692690089      -0.54386014834183283     
v  0.45634599924083363      -0.69848955039012972      -0.54183299208764812     
v  0.51470337145006617      -0.66129090515807409      -0.54419628698390865     
v  0.56853545115878268      -0.61759413367590266      -0.54513699243024460     
v  0.61300077652053087      -0.56430696801708180      -0.54108253535512130     
v  0.65368547019130019      -0.50878382380740395      -0.53793754451893183     
v  0.69471867041826352      -0.45388236039639124      -0.53890784141528902     
v  0.72967207620270713      -0.39487878059374826      -0.53879332519041312     
v  0.75630184381319843      -0.33174474673338000      -0.53632066563407144     
v  0.78381075084188490      -0.26908257064300661      -0.53817231361877815     
v  0.81546462010788490      -0.20650368743121367      -0.54628509490745925     
v  0.84112534629892977      -0.14035899550317990      -0.55378610741624779     
v  0.85221632925112001       -7.0616658360868709E-002 -0.55533249729070655     
v  0.81379302692795630        0.0000000000000000      -0.59125524305737198     
v  0.79916593955972859        6.9917959987520012E-002 -0.58284594681714619     
v  0.78306213057184659       0.13807498119087147      -0.57770457045120416     
v  0.76950071002401033       0.20618709382610909      -0.57879702141378775     
v  0.75586527398826253       0.27511246084719515      -0.58441266308508633     
v  0.73410116963177008       0.34231699725983611      -0.58849292395453090     
v  0.70187352443889550       0.40522686827186760      -0.58882910657987608     
v  0.66498318716623628       0.46562624043651690      -0.58980328408283977     
v  0.62310121250582562       0.52284399759975420      -0.59097032059127608     
v  0.57209793755274030       0.57209793755274019      -0.58782279123209824     
v  0.51718948463108638       0.61636242636104499      -0.58457902728539157     
v  0.46216694719225454       0.66004280441470642      -0.58542143800354929     
v  0.40320275101557440       0.69836765051051841      -0.58588789204314273     
v  0.34035179724045178       0.72988678459001488      -0.58511445804480233     
v  0.27584516690821181       0.75787836734600300      -0.58596912729997019     
v  0.20934220175640256       0.78127573312322907      -0.58765386612897152     
v  0.14123351262738457       0.80097505248443401      -0.59091983965529693     
v   7.1383089915186035E-002  0.81591245126329037      -0.59505947593116748     
v   0.0000000000000000       0.81672232936104749      -0.59338350585240229     
v  -7.0274526335053059E-002  0.80324151156143730      -0.58581833403308037     
v -0.13924475901397659       0.78969627027301481      -0.58259891111300832     
v -0.20952864968515025       0.78197156626628184      -0.58817725245643493     
v -0.27989357570472290       0.76900127909913907      -0.59456903353010016     
v -0.34671986040214270       0.74354314011050326      -0.59606208886637702     
v -0.41068856602706594       0.71133346244648410      -0.59676541796840221     
v -0.47044979031825285       0.67187193031525905      -0.59591321800434371     
v -0.52061293886423676       0.62044234024248390      -0.58844855596886558     
v -0.56560959007754885       0.56560959007754896      -0.58115610311281252     
v -0.61375067588552001       0.51499796577034640      -0.58210195456454372     
v -0.66063690247021589       0.46258293912915838      -0.58594837009893064     
v -0.69952338923763480       0.40387001708078774      -0.58685748639088753     
v -0.73340238854360107       0.34199115028704902      -0.58793274540858609     
v -0.76430606156639458       0.27818465627939926      -0.59093883026967420     
v -0.78810801711036005       0.21117290673321465      -0.59279292002416706     
v -0.80192035786696225       0.14140019547133348      -0.59161723928508092     
v -0.80622810036223536        7.0535818997736519E-002 -0.58799650641404244     
v -0.80420014691765573        0.0000000000000000      -0.58428560776383609     
v -0.80137651090003303       -7.0111359919711777E-002 -0.58445815584917327     
v -0.79909122123201881      -0.14090134235048163      -0.58953004198536685     
v -0.78956888089040456      -0.21156434400332921      -0.59389174110849663     
v -0.76547086378564477      -0.27860860961601330      -0.59183942087800789     
v -0.73034576429548270      -0.34056582299204896      -0.58548239957667869     
v -0.69125583559249215      -0.39909674275822471      -0.57992151280453175     
v -0.65121265688355190      -0.45598401132743593      -0.57758958584048237     
v -0.61145014172053169      -0.51306758840099365      -0.57992004994659752     
v -0.56936726212535171      -0.56936726212535149      -0.58501705964959527     
v -0.52098170915905595      -0.62088182356617649      -0.58886537685684404     
v -0.46794950116150885      -0.66830114733977519      -0.59274613112706176     
v -0.41112669176301914      -0.71209231848125731      -0.59740205192796869     
v -0.34734110902855220      -0.74487541208919428      -0.59713010600716976     
v -0.27794336370169009      -0.76364311565765541      -0.59042626011022858     
v -0.20794974788593559      -0.77607902453145072      -0.58374504653349268     
v -0.13897724342145160      -0.78817911395666340      -0.58147962810361919     
v  -6.9732798078533345E-002 -0.79704952925553108      -0.58130241110504721     
v   0.0000000000000000      -0.79950433956799505      -0.58087390402098749     
v   7.0060270811065584E-002 -0.80079255971610608      -0.58403226985498491     
v  0.14154741898218187      -0.80275530388746053      -0.59223322122736899     
v  0.21314624050141251      -0.79547259899356826      -0.59833235358469716     
v  0.28162578271877886      -0.77376047875608012      -0.59824870587566381     
v  0.34615222657340999      -0.74232584543647184      -0.59508624339483995     
v  0.40699733931688625      -0.70494007024219696      -0.59140175159749209     
v  0.46537061835331983      -0.66461812099763906      -0.58947949059557336     
v  0.52160953346504013      -0.62163003543835149      -0.58957500636982674     
v  0.57171919540515304      -0.57171919540515337      -0.58743363886545241     
v  0.61489739829271495      -0.51596018011928657      -0.58318954498325593     
v  0.65610012547272822      -0.45940625367634119      -0.58192449998625539     
v  0.69473412088011177      -0.40110493170535100      -0.58283958215324605     
v  0.72726453773298816      -0.33912902344944784      -0.58301233127527796     
v  0.75839467690587159      -0.27603308821967160      -0.58636832257357629     
v  0.79066316215867138      -0.21185755578545373      -0.59471482902824913     
v  0.81420703127601624      -0.14356666749650268      -0.60068174018090159     
v  0.82093032082238648       -7.1822096616658726E-002 -0.59871909753089114     
v  0.77448882452730339        0.0000000000000000      -0.62716868399017967     
v  0.76063046840527926        7.0482792645216202E-002 -0.61858518381690075     
v  0.74651129947531070       0.13954714667911083      -0.61498420568086554     
v  0.73462827910806039       0.20901976660659466      -0.61850113373234683     
v  0.71921946918549384       0.27862710674908797      -0.62458958470155646     
v  0.69267231685037844       0.34490983107388007      -0.62660632740261102     
v  0.65924964261763919       0.40819009715854088      -0.62789822981297028     
v  0.62349915736161043       0.47084470752589103      -0.63269268517265675     
v  0.57764910567795180       0.52659673920466044      -0.63297074185061530     
v  0.52156976216665851       0.57213477455115613      -0.62692830150087853     
v  0.46531390211421197       0.61617518735920085      -0.62526072284802936     
v  0.40778487483928350       0.65859518610090639      -0.62727489676615300     
v  0.34454040334964009       0.69193040596641975      -0.62593517880471239     
v  0.27862454685786042       0.71921286134452889      -0.62458384627424623     
v  0.21155937557673085       0.74355407879498692      -0.62601597815480037     
v  0.14254621829872124       0.76255491559541033      -0.62820111280980384     
v   7.1764867112817113E-002  0.77446625535728653      -0.62983718221883522     
v   0.0000000000000000       0.77517638348836049      -0.62772545825872383     
v  -7.0926302557587542E-002  0.76541670260129835      -0.62247760422722487     
v -0.14121732869130726       0.75544598408876296      -0.62234469697399808     
v -0.21270092873194524       0.74756622196948319      -0.62939389753619879     
v -0.28331989291057708       0.73133294662653348      -0.63510925521709327     
v -0.35009591820546554       0.70308738381915326      -0.63602802176543916     
v -0.41284208718217980       0.66676286447650623      -0.63505415133405485     
v -0.46840074625462486       0.62026282961086265      -0.62940863759930632     
v -0.51635036605248441       0.56640936975262790      -0.62065457288761217     
v -0.56491973204145352       0.51499238184790419      -0.61902227210524707     
v -0.61474277035838076       0.46423219100707874      -0.62380718478332553     
v -0.65715067335196764       0.40689047041155429      -0.62589907956525237     
v -0.69205752041283763       0.34460369882309061      -0.62605016927638579     
v -0.72323401313364166       0.28018234936015946      -0.62807592294011871     
v -0.74725690724667271       0.21261292110549199      -0.62913347806668063     
v -0.76105991926093874       0.14226675505025085      -0.62696951841344706     
v -0.76604925733643281        7.0984917385792740E-002 -0.62299203140751902     
v -0.76607328114442752        0.0000000000000000      -0.62035391132806683     
v -0.76700119577503989       -7.1073127472512182E-002 -0.62376619841566261     
v -0.76792702825451031      -0.14355044019562074      -0.63262671820761474     
v -0.75752163059313649      -0.21553348670196479      -0.63777559436928877     
v -0.73052879052164388      -0.28300836117585687      -0.63441090436716840     
v -0.69408556563365009      -0.34561354535153443      -0.62788478275335868     
v -0.65328540753469055      -0.40449719914145826      -0.62221763113125983     
v -0.60997848064851778      -0.46063436642540384      -0.61897264537154972     
v -0.56691738857677509      -0.51681348640292013      -0.62121124483401313     
v -0.52193820732972529      -0.57253893964199654      -0.62737117360933448     
v -0.47193666180071875      -0.62494513850857913      -0.63415998738755641     
v -0.41710496977894623      -0.67364765626347489      -0.64161152853414505     
v -0.35513289324198388      -0.71320299333251469      -0.64517882045106845     
v -0.28517178140633531      -0.73611322187128703      -0.63926057516573276     
v -0.21256361642068697      -0.74708361925416200      -0.62898758275761324     
v -0.14136341505274647      -0.75622747709746363      -0.62298849949586033     
v  -7.0843453115491825E-002 -0.76452261473129013      -0.62175048438074154     
v   0.0000000000000000      -0.76893639361286981      -0.62267241409025298     
v   7.1555433828633844E-002 -0.77220611027691843      -0.62799911193626612     
v  0.14455201009263743      -0.77328495396729002      -0.63704063624326512     
v  0.21711515179547011      -0.76308060678295331      -0.64245582949441538     
v  0.28667425139042457      -0.73999154396647759      -0.64262861467322452     
v  0.35281650304245932      -0.70855105470484814      -0.64097057636815380     
v  0.41441015411893473      -0.66929537953469187      -0.63746622958061316     
v  0.47140445015132892      -0.62424037638716545      -0.63344483351165992     
v  0.52483854435994892      -0.57572045780749725      -0.63085738676821213     
v  0.57315815642976153      -0.52250269801809057      -0.62804969298323354     
v  0.61622271217448865      -0.46534979118878450      -0.62530894841921381     
v  0.65569303932872691      -0.40598794163473856      -0.62451076508809367     
v  0.69165572034543821      -0.34440362616246728      -0.62568669226357809     
v  0.72636406661557962      -0.28139493853913428      -0.63079414580273296     
v  0.75929584992783217      -0.21603829562614268      -0.63926935209847868     
v  0.78030478638682810      -0.14586424419411761      -0.64282365127274510     
v  0.78336444618352830       -7.2589405919734021E-002 -0.63707366463246884     
v  0.73554542988851745        0.0000000000000000      -0.66228807983641391     
v  0.72464577002966357        7.1371378827054480E-002 -0.65563102460368539     
v  0.71404480273813098       0.14203234212778251      -0.65552454858512810     
v  0.70282160652789383       0.21319860350782108      -0.66129871770261572     
v  0.68277306062968868       0.28281386173580458      -0.66542401200026047     
v  0.65142212702089486       0.34819238109741940      -0.66507424350189215     
v  0.61773055808392618       0.41275436290164613      -0.66894458264668666     
v  0.57907959950117083       0.47523834551216576      -0.67451301737643699     
v  0.52612252860274356       0.52612252860274356      -0.66994528288244393     
v  0.46749119327351968       0.56963966718511383      -0.66351736628491542     
v  0.41040157005153610       0.61420935474609328      -0.66513144783181355     
v  0.34859439584741314       0.65217424371773136      -0.66584212261195752     
v  0.28185986901215387       0.68046991845784588      -0.66317939194629805     
v  0.21390313407724712       0.70514413255998332      -0.66348402827443964     
v  0.14402161942380931       0.72404557504923539      -0.66470569762451648     
v   7.2255272370543452E-002  0.73362009178121312      -0.66375063836317882     
v   0.0000000000000000       0.73452769581479227      -0.66137170796041200     
v  -7.1782076396087038E-002  0.72881565242582758      -0.65940377037954490     
v -0.14333662185804336       0.72060185973485058      -0.66154421543423758     
v -0.21508910667720083       0.70905376026993705      -0.66716267413175701     
v -0.28507952735417164       0.68824286129335299      -0.67075482675018705     
v -0.35150387635665381       0.65761749889718679      -0.67139945428753312     
v -0.41264042368108894       0.61756003598984710      -0.66875992312229837     
v -0.46584257215573244       0.56763081654073144      -0.66117745323881905     
v -0.51543671487314890       0.51543671487314902      -0.65633835652459571     
v -0.56650001614904244       0.46491454825761269      -0.65986029479478892     
v -0.61311932244372824       0.40967323375245368      -0.66395104450865794     
v -0.65079414475258301       0.34785671758182724      -0.66443310035568048     
v -0.68222124278755814       0.28258529130163473      -0.66488621567586359     
v -0.70653087711283569       0.21432379843836549      -0.66478884358754986     
v -0.72183972426219778       0.14358284842167357      -0.66268062953932894     
v -0.72881164478068572        7.1781681677493006E-002 -0.65940014441966333     
v -0.73064287121201132        0.0000000000000000      -0.65787379617668029     
v -0.73443214977011506       -7.2335253101477662E-002 -0.66448535652937968     
v -0.73760388244630459      -0.14671853444582147      -0.67715282041283487     
v -0.72468097945873089      -0.21982957179212639      -0.68186663302377337     
v -0.69315655127553222      -0.28711484438608703      -0.67554366141605915     
v -0.65481513927579371      -0.35000598393208032      -0.66853836448430259     
v -0.61301210425420916      -0.40960159284862047      -0.66383493720896003     
v -0.56730608660607185      -0.46557607318561006      -0.66079920719415031     
v -0.52049181072572548      -0.52049181072572537      -0.66277533163369495     
v -0.47157921143777420      -0.57462093173092499      -0.66931955268906396     
v -0.41789940047343888      -0.62543065096300166      -0.67728306509656089     
v -0.35750657353533155      -0.66884775543431196      -0.68286506784431855     
v -0.28921124036477514      -0.69821769887938401      -0.68047620685183663     
v -0.21639800792153127      -0.71336862941162338      -0.67122261964844132     
v -0.14371689203761812      -0.72251360702630274      -0.66329928356922352     
v  -7.1925210843960502E-002 -0.73026892086342465      -0.66071863056940972     
v   0.0000000000000000      -0.73610964750550500      -0.66279610366061359     
v   7.2914311241998986E-002 -0.74031142573516384      -0.66980469445187241     
v  0.14699234268819591      -0.73898040943646337      -0.67841653276026581     
v  0.22007215338297789      -0.72548066379338982      -0.68261907179367609     
v  0.29041134906192462      -0.70111501757236483      -0.68329990558849818     
v  0.35694215353811193      -0.66779179989053195      -0.68178698221394107     
v  0.41714831432933519      -0.62430657111147847      -0.67606579145306289     
v  0.47222625824166353      -0.57540936054268510      -0.67023791606650784     
v  0.52507442954587902      -0.52507442954587924      -0.66861067168264476     
v  0.57384363846272224      -0.47094130333830625      -0.66841416001390586     
v  0.61628158583076498      -0.41178619059514598      -0.66737548083284060     
v  0.65381236580831914      -0.34946999034687948      -0.66751457548847237     
v  0.68976038917570925      -0.28570810798432350      -0.67223379472655753     
v  0.72263894749592184      -0.21921012816838842      -0.67994524485646235     
v  0.74223774201950077      -0.14764026642363112      -0.68140690740188392     
v  0.74385661926340640       -7.3263482327768650E-002 -0.67301224628129230     
v  0.69864458895867698        0.0000000000000000      -0.69864458895867687     
v  0.68997400733760539        7.2519190394413249E-002 -0.69377457706158052     
v  0.68170931848124749       0.14490178879478802      -0.69693911018115207     
v  0.66897239943309694       0.21736230881200033      -0.70339920706193459     
v  0.64304543327446784       0.28630227285044935      -0.70390085998987184     
v  0.60869022736861411       0.35142746662436380      -0.70285493324872761     
v  0.57429469894811369       0.41724952239384017      -0.70986728701764534     
v  0.53014384055664965       0.47734365809679641      -0.71337890325225162     
v  0.47266737708680867       0.52495030434409895      -0.70639031094224769     
v  0.41337891057192810       0.56896725881527199      -0.70328220886739246     
v  0.35200754083004587       0.60969494536501534      -0.70401508166009152     
v  0.28512979081118228       0.64041199549753158      -0.70101820346204902     
v  0.21641551782563176       0.66605847640120441      -0.70033532706956170     
v  0.14592797685351000       0.68653715372029767      -0.70187480213135311     
v   7.3171530040358201E-002  0.69618060447706265      -0.70001536187322011     
v   0.0000000000000000       0.69790989383697588      -0.69790989383697577     
v  -7.3101220385324420E-002  0.69551165279442306      -0.69934272541769793     
v -0.14615168362967337       0.68758961135513141      -0.70295077229581915     
v -0.21795320002123766       0.67079097558002854      -0.70531137118233378     
v -0.28691665796050897       0.64442536482500135      -0.70541138312694074     
v -0.35252831742717528       0.61059695689063676      -0.70505663485435077     
v -0.41290516774826125       0.56831520775782396      -0.70247622943558619     
v -0.46715886017028019       0.51883247651845454      -0.69815796158596366     
v -0.51929007722671616       0.46757088569867311      -0.69877372407609206     
v -0.56910060430604892       0.41347579174189547      -0.70344703295848598     
v -0.61146376392273005       0.35302876870049027      -0.70605753740097998     
v -0.64449612141685098       0.28694816082487545      -0.70548883585932298     
v -0.66805845034814715       0.21706534875294617      -0.70243822412423274     
v -0.68417454677379685       0.14542578924438426      -0.69945941314023519     
v -0.69394707217908214        7.2936776336237810E-002 -0.69776952665492820     
v -0.69778567573753514        0.0000000000000000      -0.69778567573753503     
v -0.70266994623375068       -7.3853587343072069E-002 -0.70654044873848709     
v -0.70526453147157908      -0.14990860387741775      -0.72102056064186015     
v -0.68774907598461787      -0.22346322085338394      -0.72314217315259921     
v -0.65146714065920941      -0.29005185855741067      -0.71311956642017205     
v -0.61151339124194881      -0.35305742104659982      -0.70611484209319997     
v -0.56849113392146389      -0.41303298558793444      -0.70269368613286576     
v -0.52027314002995717      -0.46845603942250941      -0.70009656555939115     
v -0.46979206632156456      -0.52175694822419538      -0.70209322643001681     
v -0.41585690028316075      -0.57237791905292590      -0.70749801676928847     
v -0.35591671445063583      -0.61646583269148447      -0.71183342890127088     
v -0.28990782244683483      -0.65114363025808375      -0.71276544019862631     
v -0.21917859032406073      -0.67456233914164065      -0.70927681750123772     
v -0.14619341028667457      -0.68778591984202486      -0.70315146643108695     
v  -7.3076932595595459E-002 -0.69528056991114817      -0.69911036966529971     
v   0.0000000000000000      -0.70135439342634842      -0.70135439342634831     
v   7.4142361543379581E-002 -0.70541744922045357      -0.70930308573974232     
v  0.14887330428226556      -0.70039382982389686      -0.71604104462195861     
v  0.22170107827054250      -0.68232575876725143      -0.71743975996847742     
v  0.29154932039242054      -0.65483049500815982      -0.71680121610800418     
v  0.35678603315887553      -0.61797153686212769      -0.71357206631775194     
v  0.41562241359685242      -0.57205517581730048      -0.70709908419077694     
v  0.47156635979417905      -0.52372750075986174      -0.70474486641741774     
v  0.52630130895158000      -0.47388382709925037      -0.70820826695992367     
v  0.57481518685812605      -0.41762767899577696      -0.71051064545588749     
v  0.61471137664498898      -0.35490377877991025      -0.70980755755981972     
v  0.64990312374674286      -0.28935551336367382      -0.71140753676758950     
v  0.68163220833468952      -0.22147573007467258      -0.71671051788803453     
v  0.70189122568395912      -0.14919158559774026      -0.71757189319628323     
v  0.70528871981893038       -7.4128831538077214E-002 -0.70917364726068755     
v  0.66359872589597235        0.0000000000000000      -0.73700104980477354     
v  0.65538320627261326        7.3843952611896232E-002 -0.73248248703057017     
v  0.64696164172329418       0.14766477290408003      -0.73700187155819796     
v  0.63047212853913714       0.22061173930760516      -0.74183981613257799     
v  0.59950433387546065       0.28870607105953638      -0.73900113490773511     
v  0.56433718782808540       0.35459655714180549      -0.74021735053352844     
v  0.52784374964196212       0.42094134382737075      -0.74981615267801893     
v  0.47815402346265057       0.47815402346265051      -0.75100940424081719     
v  0.41823935128505035       0.52445555816123191      -0.74500313613223079     
v  0.35540021587785070       0.56561620337953034      -0.74189498143080368     
v  0.28823510042566958       0.59852635327707904      -0.73779559104210579     
v  0.21897931753819869       0.62580693515069141      -0.73635055491253554     
v  0.14816494692471505       0.64915304729127987      -0.73949826377187933     
v   7.4499667207682752E-002  0.66120283427173887      -0.73898673607081655     
v   0.0000000000000000       0.66393587802820309      -0.73737549518223033     
v  -7.4723108795240606E-002  0.66318593321063235      -0.74120312677000721     
v -0.14948772543591446       0.65494851861738823      -0.74610031393752207     
v -0.22167168196321935       0.63350127061612693      -0.74540403110690256     
v -0.28966549284917387       0.60149659374998077      -0.74145696754331247     
v -0.35444914714245213       0.56410258615805420      -0.73990963339142479     
v -0.41536311339799054       0.52084886992917623      -0.73987973911198857     
v -0.47129037958283826       0.47129037958283831      -0.74022906809772582     
v -0.52315103077016456       0.41719902540560599      -0.74315002011049769     
v -0.57006485441067956       0.35819548858642764      -0.74773008985667033     
v -0.60732760631938787       0.29247356050454815      -0.74864478031290027     
v -0.63087165261343570       0.22075153882757845      -0.74230991283059533     
v -0.64584462103667961       0.14740982022160154      -0.73572939065127552     
v -0.65727277268871143        7.4056855615134615E-002 -0.73459434204093066     
v -0.66298246560249730        0.0000000000000000      -0.73631662341044790     
v -0.66720274123202283       -7.5175694364024964E-002 -0.74569247208931433     
v -0.66647299664657000      -0.15211811234182782      -0.75922869949932170     
v -0.64423568848581836      -0.22542781722993518      -0.75803459512119731     
v -0.60532262180327712      -0.29150801085048689      -0.74617326217841051     
v -0.56413122648568970      -0.35446714305304250      -0.73994719970443434     
v -0.51909631434732628      -0.41396549695892776      -0.73739018707196058     
v -0.46871754470512905      -0.46871754470512889      -0.73618806228389644     
v -0.41432333873388200      -0.51954503374027727      -0.73802760496140773     
v -0.35420708125319400      -0.56371734050221856      -0.73940432286995339     
v -0.28954336540146003      -0.60124299349169386      -0.74114435782875832     
v -0.22141465966012910      -0.63276674307457326      -0.74453975534956995     
v -0.14896981929443676      -0.65267942355185926      -0.74351541986933012     
v  -7.4468961217457913E-002 -0.66093031107094058      -0.73868215324052156     
v   0.0000000000000000      -0.66637037981995995      -0.74007928333952966     
v   7.5380813594569718E-002 -0.66902322475474474      -0.74772711729468266     
v  0.15036455766481721      -0.65879017162081221      -0.75047662509850366     
v  0.22204890188194398      -0.63457930320782918      -0.74667248924075602     
v  0.29030110802006559      -0.60281646225232366      -0.74308395214716860     
v  0.35429633939335331      -0.56385939401851459      -0.73959064849182354     
v  0.41422307449435336      -0.51941930636062283      -0.73784900585861868     
v  0.47302907290143337      -0.47302907290143359      -0.74295993507631908     
v  0.52758455636361790      -0.42073464408531425      -0.74944796169934413     
v  0.57153316988593028      -0.35911809234806491      -0.74965601750113486     
v  0.60639834155908257      -0.29202605018183292      -0.74749928782236885     
v  0.63705862285192760      -0.22291645334730636      -0.74958976019637091     
v  0.66001125100525737      -0.15064326106602946      -0.75186764696691000     
v  0.66805899272835501       -7.5272170737410826E-002 -0.74664945301216101     
v  0.62832631645017778        0.0000000000000000      -0.77591838156046689     
v  0.61969547446175011        7.5244653503005410E-002 -0.77088076806581096     
v  0.60945636131813929       0.15021750154893970      -0.77514008987597094     
v  0.58852486084210587       0.22319803900011359      -0.77727813060956941     
v  0.55479402579920156       0.29117836688743143      -0.77374092566217745     
v  0.51915499794656239       0.35834682141974755      -0.77899829794234543     
v  0.47764544786931090       0.42315694178289864      -0.78802209166259196     
v  0.42209976154269641       0.47645213806046666      -0.78605336256497016     
v  0.35871249658363263       0.51968476988148171      -0.77979322708148924     
v  0.29136221671096957       0.55514432237113942      -0.77422946515832136     
v  0.22175867318794568       0.58472956511234953      -0.77226559746744483     
v  0.15054720840261482       0.61079403460700687      -0.77684141626973424     
v   7.5951901811616762E-002  0.62552018832197953      -0.77812652034153518     
v   0.0000000000000000       0.62793449014379066      -0.77543451636885374     
v  -7.6010945778343844E-002  0.62600645913687170      -0.77873142522582151     
v -0.15207767099401959       0.61700336542713941      -0.78473878440873823     
v -0.22491270339962544       0.59304605928826748      -0.78324937993167809     
v -0.29245758963728113       0.55723138111123738      -0.77714017199073271     
v -0.35682640672694155       0.51695229698888578      -0.77569311874982483     
v -0.41764657446771908       0.47142552895909806      -0.77776043517353277     
v -0.47227945098684687       0.41840308337070437      -0.77916924043991886     
v -0.52176571897914537       0.36014887203534462      -0.78291571614852418     
v -0.56424268163982894       0.29613740402376704      -0.78691844988994653     
v -0.59133202495975978       0.22426265592269432      -0.78098561592219051     
v -0.60597303801181801       0.14935893946414841      -0.77070980788680754     
v -0.61778997631387433        7.5013284138864267E-002 -0.76851039110435526     
v -0.62462148531682071        0.0000000000000000      -0.77134329612844177     
v -0.62673762289596180       -7.6099725132032781E-002 -0.77964096887010714     
v -0.62114067159105602      -0.15309742537601059      -0.79000083773246854     
v -0.59564912528043257      -0.22589991611313370      -0.78668730822131439     
v -0.55650489099669331      -0.29207629821149822      -0.77612697590791258     
v -0.51448411696172203      -0.35512274506342251      -0.77198958503103021     
v -0.46781812262327233      -0.41445069132961798      -0.77180891632432114     
v -0.41487172857579141      -0.46829337542940741      -0.77259299102246792     
v -0.35487197729693387      -0.51412081713173940      -0.77144444928097755     
v -0.29015262844092177      -0.55283964447534306      -0.77101525677552973     
v -0.22335598284350838      -0.58894132453000858      -0.77782816364697871     
v -0.15158438793870474      -0.61500203740016413      -0.78219338545130401     
v  -7.5892905650947085E-002 -0.62503431122539233      -0.77752210522985787     
v   0.0000000000000000      -0.62956655140553031      -0.77744994418026714     
v   7.6472486142109566E-002 -0.62980758601289411      -0.78345990191551940     
v  0.15135396111701432      -0.61406715903479836      -0.78100435577478122     
v  0.22158563867287898      -0.58427331059346299      -0.77166301177715646     
v  0.28835183230836947      -0.54940851411115610      -0.76623004666042516     
v  0.35241209761800302      -0.51055706616946117      -0.76609699824056410     
v  0.41461579152343653      -0.46800448221762925      -0.77211637340990935     
v  0.47368970774980218      -0.41965246184087063      -0.78149588981778417     
v  0.52268108974669769      -0.36078070685590957      -0.78428924095851316     
v  0.55955022812268562      -0.29367461443289411      -0.78037414126522586     
v  0.59069572012399996      -0.22402133732938184      -0.78014523369512612     
v  0.61720236845001009      -0.15212672083383430      -0.78499188738841685     
v  0.63059738320355563       -7.6568384883343887E-002 -0.78444238361829810     
v  0.58938780054964834        0.0000000000000000      -0.81122271282280567     
v  0.58049938289197112        7.6424193605670002E-002 -0.80588329879490350     
v  0.56843752182977914       0.15231237492183797      -0.80998675744052850     
v  0.54452123424362742       0.22554808022384748      -0.81121959709224478     
v  0.50997605288898762       0.29443481141571975      -0.81050950237987218     
v  0.47121829160109485       0.36157851237485944      -0.81751258136377380     
v  0.42167806151508286       0.42167806151508280      -0.82079549450053113     
v  0.36071644329346508       0.47009482130107971      -0.81556348235505294     
v  0.29436121745024157       0.50984858440164871      -0.81030691557279200     
v  0.22482892698915674       0.54278504475101252      -0.80863304793290613     
v  0.15283671880901303       0.57039439985735407      -0.81277518224957346     
v   7.7165636487848230E-002  0.58613120071362657      -0.81370171869005814     
v   0.0000000000000000       0.58658533627687637      -0.80736545166499596     
v  -7.6525312000461199E-002  0.58126745335507946      -0.80694957927126332     
v -0.15301678274708283       0.57106640762284222      -0.81373274991539246     
v -0.22642275513311538       0.54663288627224993      -0.81436550472656788     
v -0.29404533923167220       0.50930146727808256      -0.80943737743457345     
v -0.35777320327408296       0.46625911622945959      -0.80890895045266031     
v -0.41622769745582067       0.41622769745582072      -0.81018637187471498     
v -0.46776267803236149       0.35892692682354432      -0.81151746695687754     
v -0.51368891281281825       0.29657843209220708      -0.81641038386680220     
v -0.54697459230075285       0.22656429440446621      -0.81487457326115176     
v -0.56507982028624848       0.15141268150482437      -0.80520224959005671     
v -0.57785959279259225        7.6076658645980538E-002 -0.80221858731353146     
v -0.58489999122705094        0.0000000000000000      -0.80504577320866066     
v -0.58375009022198032       -7.6852157344591221E-002 -0.81039612141578832     
v -0.57274825640328619      -0.15346743276959388      -0.81612927580937633     
v -0.54523031707819347      -0.22584179195077031      -0.81227597810218011     
v -0.50701436857696058      -0.29272488218091608      -0.80580247101173474     
v -0.46485189341820493      -0.35669340323290760      -0.80646757164057326     
v -0.41623423683614102      -0.41623423683614053      -0.81019910076529156     
v -0.35801375574796535      -0.46657261031692221      -0.80945282866208490     
v -0.29255595107882210      -0.50672177132515417      -0.80533744358227866     
v -0.22508096555297252      -0.54339351967001670      -0.80953954477378898     
v -0.15335501173679134      -0.57232869539702491      -0.81553142847179039     
v  -7.6893504877648511E-002 -0.58406415591624605      -0.81083212583748521     
v   0.0000000000000000      -0.58766252893772786      -0.80884808016825627     
v   7.7073343792952595E-002 -0.58543016809680071      -0.81272850408473674     
v  0.15167797256646035      -0.56606990000706936      -0.80661304925031452     
v  0.22092646988477430      -0.53336367988303424      -0.79459723935167270     
v  0.28700232668241715      -0.49710261170442827      -0.79004962715768168     
v  0.35179062489908836      -0.45846246829615606      -0.79538261267769261     
v  0.41453325967258792      -0.41453325967258808      -0.80688815215422061     
v  0.46909886419899205      -0.35995221853016418      -0.81383560490214535     
v  0.51037130188806545      -0.29466300853173472      -0.81113767514944457     
v  0.54367216991724487      -0.22519638626453306      -0.80995467374777663     
v  0.57312195794826082      -0.15356756579678085      -0.81666177637635218     
v  0.59019423760487588       -7.7700545442371455E-002 -0.81934226486382522     
v  0.54513648383753710        0.0000000000000000      -0.83943657195849786     
v  0.53609463097938281        7.7078771462080434E-002 -0.83400228021486078     
v  0.52284070770041957       0.15351988336748787      -0.83909326027787035     
v  0.49798026630471687       0.22741996747930160      -0.84300285024036448     
v  0.46239362668285605       0.29716233996041269      -0.84638425567595821     
v  0.41720812507171862       0.36151289827168731      -0.85007546972903159     
v  0.36037907216302711       0.41589961998873820      -0.84740934698066417     
v  0.29644543828034647       0.46127810589423568      -0.84434236068025803     
v  0.22775248827416608       0.49870838528131251      -0.84423544199975087     
v  0.15479811921668954       0.52719397922033617      -0.84607971090943579     
v   7.8002037214500705E-002  0.54251608533641227      -0.84399213511468396     
v   0.0000000000000000       0.54137196306858104      -0.83363971832082995     
v  -7.6649048062319147E-002  0.53310583908443776      -0.82935261742879995     
v -0.15303819982720912       0.52120024421410915      -0.83646052370089430     
v -0.22655869403122292       0.49609434051821166      -0.83981027229914773     
v -0.29406966391650535       0.45758132882476249      -0.83757562833839538     
v -0.35632949550560189       0.41122615939395513      -0.83788701514763142     
v -0.41164859781117313       0.35669554047781715      -0.83874774751205150     
v -0.45993374655221392       0.29558147099193749      -0.84188159021241904     
v -0.49861859343157661       0.22771148171039515      -0.84408343841571842     
v -0.52292388636748777       0.15354430682778641      -0.83922675152655835     
v -0.53826201491361370        7.7390394226576273E-002 -0.83737407884665715     
v -0.54492026317663766        0.0000000000000000      -0.83910362133832583     
v -0.53996375699285359       -7.7635067799548707E-002 -0.84002147856381293     
v -0.52382763614562478      -0.15380967170563442      -0.84067715570634682     
v -0.49457395286463640      -0.22586435625495371      -0.83723649335215256     
v -0.45693045739979699      -0.29365137425052595      -0.83638424659182531     
v -0.41376985072552480      -0.35853361659127397      -0.84306987107393438     
v -0.36047687740201795      -0.41601249325156392      -0.84763933001826686     
v -0.29609622274063885      -0.46073471590773585      -0.84334771736615155     
v -0.22709612558124995      -0.49727115146128492      -0.84180242951165407     
v -0.15448048755960023      -0.52611222513911993      -0.84434363231903875     
v  -7.7446788820140972E-002 -0.53865424792735805      -0.83798427564575706     
v   0.0000000000000000      -0.54132934474867100      -0.83357409186318387     
v   7.7239580731240862E-002 -0.53721308401351187      -0.83574225731381591     
v  0.15169034600363254      -0.51660987564726701      -0.82909356227287223     
v  0.22070601049287944      -0.48327875119540215      -0.81811548024080605     
v  0.28690049980929183      -0.44642589172509350      -0.81715625881966436     
v  0.35219717887403729      -0.40645721177880756      -0.82817012532588419     
v  0.41218071943047685      -0.35715662648565633      -0.83983196305891961     
v  0.45908699977522005      -0.29503729988082023      -0.84033167018922716     
v  0.49515537099162699      -0.22612988101663403      -0.83822074347489639     
v  0.52635806700517063      -0.15455267324454616      -0.84473817744503821     
v  0.54525135056339535       -7.8395308982460207E-002 -0.84824738652828002     
v  0.49794902571704891        0.0000000000000000      -0.86247301212134952     
v  0.48819082663668928        7.7321830848424755E-002 -0.85611146833452589     
v  0.47363486904132279       0.15389329777421898      -0.86257719006176203     
v  0.44811800233500210       0.22832752656628741      -0.87110826549503795     
v  0.40917404906675103       0.29728234800314690      -0.87601403561348890     
v  0.35713047429722583       0.35713047429722578      -0.87478743362634537     
v  0.29634578818407709       0.40788498506434362      -0.87325423654634726     
v  0.22949806918708227       0.45041532157971553      -0.87557408425733507     
v  0.15624687078417338       0.48087842194759939      -0.87576904716596238     
v   7.8624920663251607E-002  0.49641821192880975      -0.87053934882444939     
v   0.0000000000000000       0.49605804858246361      -0.85919774364829671     
v  -7.7129057543732130E-002  0.48697370389219752      -0.85397707194058126     
v -0.15346087177741319       0.47230399866990719      -0.86015342758068492     
v -0.22636854682023713       0.44427328810533206      -0.86363442528669876     
v -0.29302334157348719       0.40331202961779711      -0.86346384743309146     
v -0.35323367355222396       0.35323367355222401      -0.86524226017179351     
v -0.40519636844438045       0.29439239386817190      -0.86749808974074383     
v -0.44766888410663080       0.22809868939910047      -0.87023521286407890     
v -0.47792404569294816       0.15528693574895441      -0.87038857850815354     
v -0.49677118049339913        7.8680825391806292E-002 -0.87115832898470447     
v -0.50304607014045255        0.0000000000000000      -0.87130135203112025     
v -0.49479200045395055       -7.8367354068956591E-002 -0.86768755764443972     
v -0.47452435567190737      -0.15418230950003167      -0.86419711065578431     
v -0.44313846539992602      -0.22579032577116862      -0.86142841384908730     
v -0.40415351764007734      -0.29363471840848093      -0.86526541652086575     
v -0.35711895337851152      -0.35711895337851141      -0.87475921325412698     
v -0.29775248512542624      -0.40982113730199854      -0.87739940787170057     
v -0.22928085250613642      -0.44998900983972012      -0.87474536575360939     
v -0.15574337693267448      -0.47932882720977216      -0.87294694693209440     
v  -7.8044876309247196E-002 -0.49275595601013528      -0.86411706655103337     
v   0.0000000000000000      -0.49490063771451626      -0.85719304921977957     
v   7.7489252466641706E-002 -0.48924788513229650      -0.85796516949278878     
v  0.15211165713979863      -0.46815154299160516      -0.85259103345608078     
v  0.22157887908526416      -0.43487303589079518      -0.84536102997753304     
v  0.28861431945360327      -0.39724353128503148      -0.85047160189179960     
v  0.35273741689077853      -0.35273741689077870      -0.86402668456979526     
v  0.40538531766292607      -0.29452967351107873      -0.86790261727087847     
v  0.44424085164599930      -0.22635201961871579      -0.86357137120790517     
v  0.47652670276478287      -0.15483291150920181      -0.86784375713769746     
v  0.49718816134576466       -7.8746868670734313E-002 -0.87188956371978832     
v  0.45124755337007594        0.0000000000000000      -0.88562318882760682     
v  0.44010435190831010        7.7602271568648074E-002 -0.87707821341966774     
v  0.42334741169144313       0.15408585660932494      -0.88418921175431620     
v  0.39516091055780400       0.22814625808376574      -0.89552448581377586     
v  0.35044734287531965       0.29406023615373844      -0.89784821615975541     
v  0.29322675092516176       0.34945403385978907      -0.89530335244250703     
v  0.22888945674741976       0.39644816840336988      -0.89844170482370511     
v  0.15686754044542264       0.43099002521918328      -0.90015131815727378     
v   7.9197628829735509E-002  0.44915207253891015      -0.89510929766547920     
v   0.0000000000000000       0.45178616713620051      -0.88668027786341252     
v  -7.8147947796188957E-002  0.44319903557696039      -0.88324556807414822     
v -0.15454449011925717       0.42460749690378707      -0.88682098348570393     
v -0.22625003204446426       0.39187655071509891      -0.88808137952268507     
v -0.29113954163849665       0.34696659469390995      -0.88893051822562708     
v -0.34776818638968532       0.29181215693477663      -0.89098420100785469     
v -0.39395832401579400       0.22745194442001243      -0.89279915123257980     
v -0.42899030583806258       0.15613970211380951      -0.89597477129648506     
v -0.45160566780943179        7.9630263875667281E-002 -0.89999903562647166     
v -0.45806683430653350        0.0000000000000000      -0.89900678123348943     
v -0.44757826436654452       -7.8920123986487775E-002 -0.89197287591891272     
v -0.42421390615600663      -0.15440123480258247      -0.88599894304463134     
v -0.38997584293593207      -0.22515265789651140      -0.88377394346020111     
v -0.34726754409138749      -0.29139206816692304      -0.88970155240571991     
v -0.29440288023960032      -0.35085569019562651      -0.89889440446896918     
v -0.22991405952461572      -0.39822283247104912      -0.90246349717269359     
v -0.15703776692793561      -0.43145771863608012      -0.90112812694884414     
v  -7.8938220102370796E-002 -0.44768089253955673      -0.89217740226418019     
v   0.0000000000000000      -0.45054528125272958      -0.88424490219237950     
v   7.8185708193825060E-002 -0.44341318543357650      -0.88367234452575671     
v  0.15327717435607344      -0.42112557546112162      -0.87954875908853491     
v  0.22358638003421788      -0.38726297009966887      -0.87762595668604559     
v  0.29063008869905810      -0.34635945232307652      -0.88737501579226497     
v  0.34875377937711793      -0.29263916764702236      -0.89350929621435715     
v  0.39136755651262206      -0.22595616410464869      -0.88692788291085756     
v  0.42511821474987077      -0.15473037621334054      -0.88788765165772254     
v  0.44866610875283169       -7.9111940302602629E-002 -0.89414082678480689     
v  0.40528903241612901        0.0000000000000000      -0.91029407086668279     
v  0.39285061392073672        7.8142845641525766E-002 -0.89964331964082700     
v  0.37305268604097658       0.15452348203788469      -0.90692565639399569     
v  0.33935796193726897       0.22675174077431365      -0.91670272821822452     
v  0.28781039328519681       0.28781039328519675      -0.91419393001104021     
v  0.22592513377756393       0.33812085714247364      -0.91336095502390546     
v  0.15633235117327335       0.37741968244018986      -0.91754222939835617     
v   7.9649240772051627E-002  0.40042377365117526      -0.91698615256162930     
v   0.0000000000000000       0.40675114331746037      -0.91357802571859936     
v  -7.9271328289456849E-002  0.39852387930285949      -0.91263531996033287     
v -0.15569941175650806       0.37589163151607469      -0.91382739597344842     
v -0.22586874966841708       0.33803647235980200      -0.91313300763745353     
v -0.28721157266592695       0.28721157266592695      -0.91229185076694741     
v -0.33757011068976728       0.22555713676295563      -0.91187323163922251     
v -0.37689962951420236       0.15611693819817751      -0.91627793253384016     
v -0.40346585821309550        8.0254349014032403E-002 -0.92395264556669354     
v -0.41077686612966585        0.0000000000000000      -0.92261994719635798     
v -0.39859758938556128       -7.9285990136506876E-002 -0.91280411894178548     
v -0.37252467582561294      -0.15430477304560949      -0.90564201462147997     
v -0.33489091054857578      -0.22376695246190095      -0.90463594725416663     
v -0.28698850526925884      -0.28698850526925879      -0.91158330491601525     
v -0.22761509823197593      -0.34065006768364658      -0.92019307468332301     
v -0.15729496488298284      -0.37974363751349627      -0.92319197957883625     
v  -7.9746893241000011E-002 -0.40091470576482230      -0.91811040636393815     
v   0.0000000000000000      -0.40634594913034955      -0.91266794467377632     
v   7.9198434371852422E-002 -0.39815741683215078      -0.91179610652400445     
v  0.15479906226371945      -0.37371799555970836      -0.90854308549867391     
v  0.22515830195028710      -0.33697321221077620      -0.91026083845700023     
v  0.28825913277716508      -0.28825913277716525      -0.91561929521425989     
v  0.33673086767072363      -0.22499637250560781      -0.90960619667471621     
v  0.37343701381187161      -0.15468267581298634      -0.90785999282670871     
v  0.40031975419368965       -7.9628550015509780E-002 -0.91674794392271275     
v  0.35792146711278994        0.0000000000000000      -0.93241729999469014     
v  0.34492954071661353        7.8727916792958555E-002 -0.92168063236568920     
v  0.32139395370888840       0.15477517074440245      -0.92928835178843372     
v  0.28017986847427273       0.22343598920880448      -0.93356884172225840     
v  0.22206556618894382       0.27846141236154748      -0.92784288756486766     
v  0.15489980050815025       0.32165275007996041      -0.93003664356662996     
v   7.9868332745882745E-002  0.34992602947043783      -0.93503166894163847     
v   0.0000000000000000       0.35966706842609125      -0.93696474688728659     
v  -8.0175326257646631E-002  0.35127105592775143      -0.93862569232725446     
v -0.15648670877050999       0.32494799904114796      -0.93956462765138404     
v -0.22415156208941489       0.28107716848526526      -0.93655867584739128     
v -0.27958602409631611       0.22296241412024670      -0.93159013207723207     
v -0.32307881600332500       0.15558655766158896      -0.93416001438979568     
v -0.35344756964856477        8.0672101311342961E-002 -0.94444151934625720     
v -0.36188376587249182        0.0000000000000000      -0.94273944116463948     
v -0.34793036184900050       -7.9412834634237914E-002 -0.92969907785217509     
v -0.31909302422974828      -0.15366710150758248      -0.92263537360207892     
v -0.27750677273337143      -0.22130426648950074      -0.92466199588699061     
v -0.22301059241823340      -0.27964643777112747      -0.93179143249444263     
v -0.15601050114914131      -0.32395914372616486      -0.93670542101350762     
v  -8.0027800909164809E-002 -0.35062470514433436      -0.93689858888012079     
v   0.0000000000000000      -0.36000251799865768      -0.93783862290053566     
v   8.0231467409481685E-002 -0.35151702638533011      -0.93928294599828943     
v  0.15595791980303808      -0.32384995743592132      -0.93638971641941837     
v  0.22395597965010999      -0.28083191586363365      -0.93574148577890859     
v  0.27957846314551649      -0.22295638446318944      -0.93156493873226165     
v  0.32124980514732654      -0.15470575245581672      -0.92887155620892581     
v  0.35093121971430558       -8.0097760859566283E-002 -0.93771762149209581     
v  0.30838871488612363        0.0000000000000000      -0.94912287085565517     
v  0.29504705537687953        7.9057620217415595E-002 -0.94009440508913933     
v  0.26647841643708142       0.15385138546317412      -0.94701175242322977     
v  0.21724067035789790       0.21724067035789785      -0.94554040854125232     
v  0.15316734448870645       0.26529362271484436      -0.94280122913148467     
v   7.9898037149712497E-002  0.29818353406775244      -0.95008801802387821     
v   0.0000000000000000       0.31094128370313179      -0.95697886988126812     
v  -8.0858629805466209E-002  0.30176851466440319      -0.96151067125781575     
v -0.15628313733090113       0.27069033422338523      -0.96198007780282735     
v -0.21931540750862472       0.21931540750862474      -0.95457070572217173     
v -0.26769393867879482       0.15455316755663351      -0.95133147881467761     
v -0.30136054967298764        8.0749315915476363E-002 -0.96021079180159774     
v -0.31102563408495787        0.0000000000000000      -0.95723847366276882     
v -0.29546352640945117       -7.9169213294264004E-002 -0.94142138693988908     
v -0.26349483040920169      -0.15212881126682726      -0.93640867593191091     
v -0.21624880900867152      -0.21624880900867130      -0.94122333023441951     
v -0.15358532329482355      -0.26601758324352592      -0.94537404211243337     
v  -7.9824934270475059E-002 -0.29791071040825806      -0.94921873296851977     
v   0.0000000000000000      -0.31144771730425636      -0.95853751223812156     
v   8.1156284530608941E-002 -0.30287937722174929      -0.96505015981041298     
v  0.15623282527044541      -0.27060319117844273      -0.96167038860245624     
v  0.21955336274951065      -0.21955336274951073      -0.95560640633620131     
v  0.26781821063211264      -0.15462491600233433      -0.95177311683498023     
v  0.30009825297524750       -8.0411084534708605E-002 -0.95618879584711480     
v  0.25795437279046157        0.0000000000000000      -0.96269882528856432     
v  0.24313977772380985        7.9000902720156654E-002 -0.95410734089818550     
v  0.20761161805586617       0.15083866982559244      -0.95772661416674609     
v  0.15057201314148722       0.20724459661689099      -0.95603351913011980     
v   7.9692868426182548E-002  0.24526942918553557      -0.96246432843929941     
v   0.0000000000000000       0.26078221982197902      -0.97325249408622028     
v  -8.1093395757953990E-002  0.24957980909789262      -0.97937873526709329     
v -0.15368258546172620       0.21152593212078602      -0.97578361305383232     
v -0.20963248659610254       0.15230691676358230      -0.96704901915949482     
v -0.24713251719643287        8.0298222416738493E-002 -0.96977529155926956     
v -0.25862623595038636        0.0000000000000000      -0.96520625273713745     
v -0.24198672780319097       -7.8626254090207764E-002 -0.94958264566327344     
v -0.20543816717307922      -0.14925956532671686      -0.94770033637689144     
v -0.14999240438617681      -0.20644683360513483      -0.95235338371519784     
v  -7.9397196314464874E-002 -0.24435944399490014      -0.95889344604966364     
v   0.0000000000000000      -0.26149382452165004      -0.97590823898029733     
v   8.1852451926964165E-002 -0.25191594377304660      -0.98854598574234531     
v  0.15516950132874946      -0.21357249623741861      -0.98522455350048033     
v  0.21208227818573225      -0.15408679453819818      -0.97835007555759534     
v  0.24843633083515340       -8.0721857148175910E-002 -0.97489160027482458     
v  0.20735816631844026        0.0000000000000000      -0.97554347270797426     
v  0.18928329057983775        7.8403706088776309E-002 -0.96387877071211603     
v  0.14488194786588013       0.14488194786588010      -0.96395055511408545     
v   7.8885179638277333E-002  0.19044567055296702      -0.96979790586751224     
v   0.0000000000000000       0.20885874843061830      -0.98260315649467189     
v  -8.0341582039808429E-002  0.19396173698301622      -0.98770261250039115     
v -0.14732692153182678       0.14732692153182680      -0.98021782482742748     
v -0.19170299180646447        7.9405979153735928E-002 -0.97620050622647081     
v -0.20643643272117920        0.0000000000000000      -0.97120705707338206     
v -0.18842059703317859       -7.8046366721578303E-002 -0.95948571524109205     
v -0.14428753897188376      -0.14428753897188371      -0.95999574368469343     
v  -7.8764341801022889E-002 -0.19015394220741921      -0.96831235075999555     
v   0.0000000000000000      -0.21039017775388430      -0.98980796499944723     
v   8.1911089101174575E-002 -0.19775086221680654       -1.0069978041743737     
v  0.15102139867596101      -0.15102139867596107       -1.0047984806399877     
v  0.19530114889266684       -8.0896384618389938E-002 -0.99452323940832577     
v  0.15613544046648437        0.0000000000000000      -0.98580037373971674     
v  0.13306555251222707        7.6825432562800569E-002 -0.97011338241789125     
v   7.6975160301472459E-002  0.13332488856290914      -0.97200406989154786     
v   0.0000000000000000       0.15592890371208351      -0.98449635199378227     
v  -7.8275426882071730E-002  0.13557701634389102      -0.98842319007702861     
v -0.13496806107388895        7.7923846393011711E-002 -0.98398360638636162     
v -0.15531574900024439        0.0000000000000000      -0.98062504550317797     
v -0.13366749702353459       -7.7172965388441137E-002 -0.97450185422646651     
v  -7.7541983449235408E-002 -0.13430665505374054      -0.97916163090702957     
v   0.0000000000000000      -0.15828613832818492      -0.99937934562163699     
v   8.0465977467331473E-002 -0.13937116125411081       -1.0160843742283412     
v  0.13842026544392827       -7.9916977515351539E-002  -1.0091518756715996     
v  0.10421091583657947        0.0000000000000000      -0.99150063337752914     
v   7.2594556374397726E-002   7.2594556374397712E-002 -0.97678467399170310     
v   0.0000000000000000       0.10351637068896118      -0.98489247771317701     
v  -7.3647087098337477E-002   7.3647087098337477E-002 -0.99094683616192802     
v -0.10426460979836091        0.0000000000000000      -0.99201149729890892     
v  -7.3713121934796996E-002  -7.3713121934796969E-002 -0.99183535755285057     
v   0.0000000000000000      -0.10557413148705175       -1.0044707639058226     
v   7.5209083873775229E-002  -7.5209083873775270E-002  -1.0119640389285278     
v   5.2142418606938495E-002   0.0000000000000000      -0.99493661666771172     
v   0.0000000000000000        5.1878742703224470E-002 -0.98990538070768430     
v  -5.2342936906039375E-002   0.0000000000000000      -0.99876273374124636     
v   0.0000000000000000       -5.2635187341327890E-002  -1.0043392042440344     
v   0.0000000000000000        0.0000000000000000      -0.99837669800574447     
# List of faces
f           1           2           3
f           1           3           4
f           1           4           5
f           1           5           2
f           2           6           7
f           7           3           2
f           3           7           8
f           3           8           9
f           9           4           3
f           4           9          10
f           4          10          11
f          11           5           4
f           5          11          12
f           5          12          13
f          13           2           5
f           2          13           6
f           6          14          15
f          15           7           6
f           7          15          16
f          16           8           7
f           8          16          17
f           8          17          18
f          18           9           8
f           9          18          19
f          19          10           9
f          10          19          20
f          10          20          21
f          21          11          10
f          11          21          22
f          22          12          11
f          12          22          23
f          12          23          24
f          24          13          12
f          13          24          25
f          25           6          13
f           6          25          14
f          14          26          27
f          27          15          14
f          15          27          28
f          28          16          15
f          16          28          29
f          29          17          16
f          17          29          30
f          17          30          31
f          31          18          17
f          18          31          32
f          32          19          18
f          19          32          33
f          33          20          19
f          20          33          34
f          20          34          35
f          35          21          20
f          21          35          36
f          36          22          21
f          22          36          37
f          37          23          22
f          23          37          38
f          23          38          39
f          39          24          23
f          24          39          40
f          40          25          24
f          25          40          41
f          41          14          25
f          14          41          26
f          26          42          43
f          43          27          26
f          27          43          44
f          44          28          27
f          28          44          45
f          45          29          28
f          29          45          46
f          46          30          29
f          30          46          47
f          30          47          48
f          48          31          30
f          31          48          49
f          49          32          31
f          32          49          50
f          50          33          32
f          33          50          51
f          51          34          33
f          34          51          52
f          34          52          53
f          53          35          34
f          35          53          54
f          54          36          35
f          36          54          55
f          55          37          36
f          37          55          56
f          56          38          37
f          38          56          57
f          38          57          58
f          58          39          38
f          39          58          59
f          59          40          39
f          40          59          60
f          60          41          40
f          41          60          61
f          61          26          41
f          26          61          42
f          42          62          63
f          63          43          42
f          43          63          64
f          64          44          43
f          44          64          65
f          65          45          44
f          45          65          66
f          66          46          45
f          46          66          67
f          67          47          46
f          47          67          68
f          47          68          69
f          69          48          47
f          48          69          70
f          70          49          48
f          49          70          71
f          71          50          49
f          50          71          72
f          72          51          50
f          51          72          73
f          73          52          51
f          52          73          74
f          52          74          75
f          75          53          52
f          53          75          76
f          76          54          53
f          54          76          77
f          77          55          54
f          55          77          78
f          78          56          55
f          56          78          79
f          79          57          56
f          57          79          80
f          57          80          81
f          81          58          57
f          58          81          82
f          82          59          58
f          59          82          83
f          83          60          59
f          60          83          84
f          84          61          60
f          61          84          85
f          85          42          61
f          42          85          62
f          62          86          87
f          87          63          62
f          63          87          88
f          88          64          63
f          64          88          89
f          89          65          64
f          65          89          90
f          90          66          65
f          66          90          91
f          91          67          66
f          67          91          92
f          92          68          67
f          68          92          93
f          68          93          94
f          94          69          68
f          69          94          95
f          95          70          69
f          70          95          96
f          96          71          70
f          71          96          97
f          97          72          71
f          72          97          98
f          98          73          72
f          73          98          99
f          99          74          73
f          74          99         100
f          74         100         101
f         101          75          74
f          75         101         102
f         102          76          75
f          76         102         103
f         103          77          76
f          77         103         104
f         104          78          77
f          78         104         105
f         105          79          78
f          79         105         106
f         106          80          79
f          80         106         107
f          80         107         108
f         108          81          80
f          81         108         109
f         109          82          81
f          82         109         110
f         110          83          82
f          83         110         111
f         111          84          83
f          84         111         112
f         112          85          84
f          85         112         113
f         113          62          85
f          62         113          86
f          86         114         115
f         115          87          86
f          87         115         116
f         116          88          87
f          88         116         117
f         117          89          88
f          89         117         118
f         118          90          89
f          90         118         119
f         119          91          90
f          91         119         120
f         120          92          91
f          92         120         121
f         121          93          92
f          93         121         122
f          93         122         123
f         123          94          93
f          94         123         124
f         124          95          94
f          95         124         125
f         125          96          95
f          96         125         126
f         126          97          96
f          97         126         127
f         127          98          97
f          98         127         128
f         128          99          98
f          99         128         129
f         129         100          99
f         100         129         130
f         100         130         131
f         131         101         100
f         101         131         132
f         132         102         101
f         102         132         133
f         133         103         102
f         103         133         134
f         134         104         103
f         104         134         135
f         135         105         104
f         105         135         136
f         136         106         105
f         106         136         137
f         137         107         106
f         107         137         138
f         107         138         139
f         139         108         107
f         108         139         140
f         140         109         108
f         109         140         141
f         141         110         109
f         110         141         142
f         142         111         110
f         111         142         143
f         143         112         111
f         112         143         144
f         144         113         112
f         113         144         145
f         145          86         113
f          86         145         114
f         114         146         147
f         147         115         114
f         115         147         148
f         148         116         115
f         116         148         149
f         149         117         116
f         117         149         150
f         150         118         117
f         118         150         151
f         151         119         118
f         119         151         152
f         152         120         119
f         120         152         153
f         153         121         120
f         121         153         154
f         154         122         121
f         122         154         155
f         122         155         156
f         156         123         122
f         123         156         157
f         157         124         123
f         124         157         158
f         158         125         124
f         125         158         159
f         159         126         125
f         126         159         160
f         160         127         126
f         127         160         161
f         161         128         127
f         128         161         162
f         162         129         128
f         129         162         163
f         163         130         129
f         130         163         164
f         130         164         165
f         165         131         130
f         131         165         166
f         166         132         131
f         132         166         167
f         167         133         132
f         133         167         168
f         168         134         133
f         134         168         169
f         169         135         134
f         135         169         170
f         170         136         135
f         136         170         171
f         171         137         136
f         137         171         172
f         172         138         137
f         138         172         173
f         138         173         174
f         174         139         138
f         139         174         175
f         175         140         139
f         140         175         176
f         176         141         140
f         141         176         177
f         177         142         141
f         142         177         178
f         178         143         142
f         143         178         179
f         179         144         143
f         144         179         180
f         180         145         144
f         145         180         181
f         181         114         145
f         114         181         146
f         146         182         183
f         183         147         146
f         147         183         184
f         184         148         147
f         148         184         185
f         185         149         148
f         149         185         186
f         186         150         149
f         150         186         187
f         187         151         150
f         151         187         188
f         188         152         151
f         152         188         189
f         189         153         152
f         153         189         190
f         190         154         153
f         154         190         191
f         191         155         154
f         155         191         192
f         155         192         193
f         193         156         155
f         156         193         194
f         194         157         156
f         157         194         195
f         195         158         157
f         158         195         196
f         196         159         158
f         159         196         197
f         197         160         159
f         160         197         198
f         198         161         160
f         161         198         199
f         199         162         161
f         162         199         200
f         200         163         162
f         163         200         201
f         201         164         163
f         164         201         202
f         164         202         203
f         203         165         164
f         165         203         204
f         204         166         165
f         166         204         205
f         205         167         166
f         167         205         206
f         206         168         167
f         168         206         207
f         207         169         168
f         169         207         208
f         208         170         169
f         170         208         209
f         209         171         170
f         171         209         210
f         210         172         171
f         172         210         211
f         211         173         172
f         173         211         212
f         173         212         213
f         213         174         173
f         174         213         214
f         214         175         174
f         175         214         215
f         215         176         175
f         176         215         216
f         216         177         176
f         177         216         217
f         217         178         177
f         178         217         218
f         218         179         178
f         179         218         219
f         219         180         179
f         180         219         220
f         220         181         180
f         181         220         221
f         221         146         181
f         146         221         182
f         182         222         223
f         223         183         182
f         183         223         224
f         224         184         183
f         184         224         225
f         225         185         184
f         185         225         226
f         226         186         185
f         186         226         227
f         227         187         186
f         187         227         228
f         228         188         187
f         188         228         229
f         229         189         188
f         189         229         230
f         230         190         189
f         190         230         231
f         231         191         190
f         191         231         232
f         232         192         191
f         192         232         233
f         192         233         234
f         234         193         192
f         193         234         235
f         235         194         193
f         194         235         236
f         236         195         194
f         195         236         237
f         237         196         195
f         196         237         238
f         238         197         196
f         197         238         239
f         239         198         197
f         198         239         240
f         240         199         198
f         199         240         241
f         241         200         199
f         200         241         242
f         242         201         200
f         201         242         243
f         243         202         201
f         202         243         244
f         202         244         245
f         245         203         202
f         203         245         246
f         246         204         203
f         204         246         247
f         247         205         204
f         205         247         248
f         248         206         205
f         206         248         249
f         249         207         206
f         207         249         250
f         250         208         207
f         208         250         251
f         251         209         208
f         209         251         252
f         252         210         209
f         210         252         253
f         253         211         210
f         211         253         254
f         254         212         211
f         212         254         255
f         212         255         256
f         256         213         212
f         213         256         257
f         257         214         213
f         214         257         258
f         258         215         214
f         215         258         259
f         259         216         215
f         216         259         260
f         260         217         216
f         217         260         261
f         261         218         217
f         218         261         262
f         262         219         218
f         219         262         263
f         263         220         219
f         220         263         264
f         264         221         220
f         221         264         265
f         265         182         221
f         182         265         222
f         222         266         267
f         267         223         222
f         223         267         268
f         268         224         223
f         224         268         269
f         269         225         224
f         225         269         270
f         270         226         225
f         226         270         271
f         271         227         226
f         227         271         272
f         272         228         227
f         228         272         273
f         273         229         228
f         229         273         274
f         274         230         229
f         230         274         275
f         275         231         230
f         231         275         276
f         276         232         231
f         232         276         277
f         277         233         232
f         233         277         278
f         233         278         279
f         279         234         233
f         234         279         280
f         280         235         234
f         235         280         281
f         281         236         235
f         236         281         282
f         282         237         236
f         237         282         283
f         283         238         237
f         238         283         284
f         284         239         238
f         239         284         285
f         285         240         239
f         240         285         286
f         286         241         240
f         241         286         287
f         287         242         241
f         242         287         288
f         288         243         242
f         243         288         289
f         289         244         243
f         244         289         290
f         244         290         291
f         291         245         244
f         245         291         292
f         292         246         245
f         246         292         293
f         293         247         246
f         247         293         294
f         294         248         247
f         248         294         295
f         295         249         248
f         249         295         296
f         296         250         249
f         250         296         297
f         297         251         250
f         251         297         298
f         298         252         251
f         252         298         299
f         299         253         252
f         253         299         300
f         300         254         253
f         254         300         301
f         301         255         254
f         255         301         302
f         255         302         303
f         303         256         255
f         256         303         304
f         304         257         256
f         257         304         305
f         305         258         257
f         258         305         306
f         306         259         258
f         259         306         307
f         307         260         259
f         260         307         308
f         308         261         260
f         261         308         309
f         309         262         261
f         262         309         310
f         310         263         262
f         263         310         311
f         311         264         263
f         264         311         312
f         312         265         264
f         265         312         313
f         313         222         265
f         222         313         266
f         266         314         315
f         315         267         266
f         267         315         316
f         316         268         267
f         268         316         317
f         317         269         268
f         269         317         318
f         318         270         269
f         270         318         319
f         319         271         270
f         271         319         320
f         320         272         271
f         272         320         321
f         321         273         272
f         273         321         322
f         322         274         273
f         274         322         323
f         323         275         274
f         275         323         324
f         324         276         275
f         276         324         325
f         325         277         276
f         277         325         326
f         326         278         277
f         278         326         327
f         278         327         328
f         328         279         278
f         279         328         329
f         329         280         279
f         280         329         330
f         330         281         280
f         281         330         331
f         331         282         281
f         282         331         332
f         332         283         282
f         283         332         333
f         333         284         283
f         284         333         334
f         334         285         284
f         285         334         335
f         335         286         285
f         286         335         336
f         336         287         286
f         287         336         337
f         337         288         287
f         288         337         338
f         338         289         288
f         289         338         339
f         339         290         289
f         290         339         340
f         290         340         341
f         341         291         290
f         291         341         342
f         342         292         291
f         292         342         343
f         343         293         292
f         293         343         344
f         344         294         293
f         294         344         345
f         345         295         294
f         295         345         346
f         346         296         295
f         296         346         347
f         347         297         296
f         297         347         348
f         348         298         297
f         298         348         349
f         349         299         298
f         299         349         350
f         350         300         299
f         300         350         351
f         351         301         300
f         301         351         352
f         352         302         301
f         302         352         353
f         302         353         354
f         354         303         302
f         303         354         355
f         355         304         303
f         304         355         356
f         356         305         304
f         305         356         357
f         357         306         305
f         306         357         358
f         358         307         306
f         307         358         359
f         359         308         307
f         308         359         360
f         360         309         308
f         309         360         361
f         361         310         309
f         310         361         362
f         362         311         310
f         311         362         363
f         363         312         311
f         312         363         364
f         364         313         312
f         313         364         365
f         365         266         313
f         266         365         314
f         314         366         367
f         367         315         314
f         315         367         368
f         368         316         315
f         316         368         369
f         369         317         316
f         317         369         370
f         370         318         317
f         318         370         371
f         371         319         318
f         319         371         372
f         372         320         319
f         320         372         373
f         373         321         320
f         321         373         374
f         374         322         321
f         322         374         375
f         375         323         322
f         323         375         376
f         376         324         323
f         324         376         377
f         377         325         324
f         325         377         378
f         378         326         325
f         326         378         379
f         379         327         326
f         327         379         380
f         327         380         381
f         381         328         327
f         328         381         382
f         382         329         328
f         329         382         383
f         383         330         329
f         330         383         384
f         384         331         330
f         331         384         385
f         385         332         331
f         332         385         386
f         386         333         332
f         333         386         387
f         387         334         333
f         334         387         388
f         388         335         334
f         335         388         389
f         389         336         335
f         336         389         390
f         390         337         336
f         337         390         391
f         391         338         337
f         338         391         392
f         392         339         338
f         339         392         393
f         393         340         339
f         340         393         394
f         340         394         395
f         395         341         340
f         341         395         396
f         396         342         341
f         342         396         397
f         397         343         342
f         343         397         398
f         398         344         343
f         344         398         399
f         399         345         344
f         345         399         400
f         400         346         345
f         346         400         401
f         401         347         346
f         347         401         402
f         402         348         347
f         348         402         403
f         403         349         348
f         349         403         404
f         404         350         349
f         350         404         405
f         405         351         350
f         351         405         406
f         406         352         351
f         352         406         407
f         407         353         352
f         353         407         408
f         353         408         409
f         409         354         353
f         354         409         410
f         410         355         354
f         355         410         411
f         411         356         355
f         356         411         412
f         412         357         356
f         357         412         413
f         413         358         357
f         358         413         414
f         414         359         358
f         359         414         415
f         415         360         359
f         360         415         416
f         416         361         360
f         361         416         417
f         417         362         361
f         362         417         418
f         418         363         362
f         363         418         419
f         419         364         363
f         364         419         420
f         420         365         364
f         365         420         421
f         421         314         365
f         314         421         366
f         366         422         423
f         423         367         366
f         367         423         424
f         424         368         367
f         368         424         425
f         425         369         368
f         369         425         426
f         426         370         369
f         370         426         427
f         427         371         370
f         371         427         428
f         428         372         371
f         372         428         429
f         429         373         372
f         373         429         430
f         430         374         373
f         374         430         431
f         431         375         374
f         375         431         432
f         432         376         375
f         376         432         433
f         433         377         376
f         377         433         434
f         434         378         377
f         378         434         435
f         435         379         378
f         379         435         436
f         436         380         379
f         380         436         437
f         380         437         438
f         438         381         380
f         381         438         439
f         439         382         381
f         382         439         440
f         440         383         382
f         383         440         441
f         441         384         383
f         384         441         442
f         442         385         384
f         385         442         443
f         443         386         385
f         386         443         444
f         444         387         386
f         387         444         445
f         445         388         387
f         388         445         446
f         446         389         388
f         389         446         447
f         447         390         389
f         390         447         448
f         448         391         390
f         391         448         449
f         449         392         391
f         392         449         450
f         450         393         392
f         393         450         451
f         451         394         393
f         394         451         452
f         394         452         453
f         453         395         394
f         395         453         454
f         454         396         395
f         396         454         455
f         455         397         396
f         397         455         456
f         456         398         397
f         398         456         457
f         457         399         398
f         399         457         458
f         458         400         399
f         400         458         459
f         459         401         400
f         401         459         460
f         460         402         401
f         402         460         461
f         461         403         402
f         403         461         462
f         462         404         403
f         404         462         463
f         463         405         404
f         405         463         464
f         464         406         405
f         406         464         465
f         465         407         406
f         407         465         466
f         466         408         407
f         408         466         467
f         408         467         468
f         468         409         408
f         409         468         469
f         469         410         409
f         410         469         470
f         470         411         410
f         411         470         471
f         471         412         411
f         412         471         472
f         472         413         412
f         413         472         473
f         473         414         413
f         414         473         474
f         474         415         414
f         415         474         475
f         475         416         415
f         416         475         476
f         476         417         416
f         417         476         477
f         477         418         417
f         418         477         478
f         478         419         418
f         419         478         479
f         479         420         419
f         420         479         480
f         480         421         420
f         421         480         481
f         481         366         421
f         366         481         422
f         422         482         483
f         483         423         422
f         423         483         484
f         484         424         423
f         424         484         485
f         485         425         424
f         425         485         486
f         486         426         425
f         426         486         487
f         487         427         426
f         427         487         488
f         488         428         427
f         428         488         489
f         489         429         428
f         429         489         490
f         490         430         429
f         430         490         491
f         491         431         430
f         431         491         492
f         492         432         431
f         432         492         493
f         493         433         432
f         433         493         494
f         494         434         433
f         434         494         495
f         495         435         434
f         435         495         496
f         496         436         435
f         436         496         497
f         497         437         436
f         437         497         498
f         437         498         499
f         499         438         437
f         438         499         500
f         500         439         438
f         439         500         501
f         501         440         439
f         440         501         502
f         502         441         440
f         441         502         503
f         503         442         441
f         442         503         504
f         504         443         442
f         443         504         505
f         505         444         443
f         444         505         506
f         506         445         444
f         445         506         507
f         507         446         445
f         446         507         508
f         508         447         446
f         447         508         509
f         509         448         447
f         448         509         510
f         510         449         448
f         449         510         511
f         511         450         449
f         450         511         512
f         512         451         450
f         451         512         513
f         513         452         451
f         452         513         514
f         452         514         515
f         515         453         452
f         453         515         516
f         516         454         453
f         454         516         517
f         517         455         454
f         455         517         518
f         518         456         455
f         456         518         519
f         519         457         456
f         457         519         520
f         520         458         457
f         458         520         521
f         521         459         458
f         459         521         522
f         522         460         459
f         460         522         523
f         523         461         460
f         461         523         524
f         524         462         461
f         462         524         525
f         525         463         462
f         463         525         526
f         526         464         463
f         464         526         527
f         527         465         464
f         465         527         528
f         528         466         465
f         466         528         529
f         529         467         466
f         467         529         530
f         467         530         531
f         531         468         467
f         468         531         532
f         532         469         468
f         469         532         533
f         533         470         469
f         470         533         534
f         534         471         470
f         471         534         535
f         535         472         471
f         472         535         536
f         536         473         472
f         473         536         537
f         537         474         473
f         474         537         538
f         538         475         474
f         475         538         539
f         539         476         475
f         476         539         540
f         540         477         476
f         477         540         541
f         541         478         477
f         478         541         542
f         542         479         478
f         479         542         543
f         543         480         479
f         480         543         544
f         544         481         480
f         481         544         545
f         545         422         481
f         422         545         482
f         482         546         547
f         547         483         482
f         483         547         548
f         548         484         483
f         484         548         549
f         549         485         484
f         485         549         550
f         550         486         485
f         486         550         551
f         551         487         486
f         487         551         552
f         552         488         487
f         488         552         553
f         553         489         488
f         489         553         554
f         554         490         489
f         490         554         555
f         555         491         490
f         491         555         556
f         556         492         491
f         492         556         557
f         557         493         492
f         493         557         558
f         558         494         493
f         494         558         559
f         559         495         494
f         495         559         560
f         560         496         495
f         496         560         561
f         561         497         496
f         497         561         562
f         562         498         497
f         498         562         563
f         498         563         564
f         564         499         498
f         499         564         565
f         565         500         499
f         500         565         566
f         566         501         500
f         501         566         567
f         567         502         501
f         502         567         568
f         568         503         502
f         503         568         569
f         569         504         503
f         504         569         570
f         570         505         504
f         505         570         571
f         571         506         505
f         506         571         572
f         572         507         506
f         507         572         573
f         573         508         507
f         508         573         574
f         574         509         508
f         509         574         575
f         575         510         509
f         510         575         576
f         576         511         510
f         511         576         577
f         577         512         511
f         512         577         578
f         578         513         512
f         513         578         579
f         579         514         513
f         514         579         580
f         514         580         581
f         581         515         514
f         515         581         582
f         582         516         515
f         516         582         583
f         583         517         516
f         517         583         584
f         584         518         517
f         518         584         585
f         585         519         518
f         519         585         586
f         586         520         519
f         520         586         587
f         587         521         520
f         521         587         588
f         588         522         521
f         522         588         589
f         589         523         522
f         523         589         590
f         590         524         523
f         524         590         591
f         591         525         524
f         525         591         592
f         592         526         525
f         526         592         593
f         593         527         526
f         527         593         594
f         594         528         527
f         528         594         595
f         595         529         528
f         529         595         596
f         596         530         529
f         530         596         597
f         530         597         598
f         598         531         530
f         531         598         599
f         599         532         531
f         532         599         600
f         600         533         532
f         533         600         601
f         601         534         533
f         534         601         602
f         602         535         534
f         535         602         603
f         603         536         535
f         536         603         604
f         604         537         536
f         537         604         605
f         605         538         537
f         538         605         606
f         606         539         538
f         539         606         607
f         607         540         539
f         540         607         608
f         608         541         540
f         541         608         609
f         609         542         541
f         542         609         610
f         610         543         542
f         543         610         611
f         611         544         543
f         544         611         612
f         612         545         544
f         545         612         613
f         613         482         545
f         482         613         546
f         546         614         615
f         615         547         546
f         547         615         616
f         616         548         547
f         548         616         617
f         617         549         548
f         549         617         618
f         618         550         549
f         550         618         619
f         619         551         550
f         551         619         620
f         620         552         551
f         552         620         621
f         621         553         552
f         553         621         622
f         622         554         553
f         554         622         623
f         623         555         554
f         555         623         624
f         624         556         555
f         556         624         625
f         625         557         556
f         557         625         626
f         626         558         557
f         558         626         627
f         627         559         558
f         559         627         628
f         628         560         559
f         560         628         629
f         629         561         560
f         561         629         630
f         630         562         561
f         562         630         631
f         631         563         562
f         563         631         632
f         563         632         633
f         633         564         563
f         564         633         634
f         634         565         564
f         565         634         635
f         635         566         565
f         566         635         636
f         636         567         566
f         567         636         637
f         637         568         567
f         568         637         638
f         638         569         568
f         569         638         639
f         639         570         569
f         570         639         640
f         640         571         570
f         571         640         641
f         641         572         571
f         572         641         642
f         642         573         572
f         573         642         643
f         643         574         573
f         574         643         644
f         644         575         574
f         575         644         645
f         645         576         575
f         576         645         646
f         646         577         576
f         577         646         647
f         647         578         577
f         578         647         648
f         648         579         578
f         579         648         649
f         649         580         579
f         580         649         650
f         580         650         651
f         651         581         580
f         581         651         652
f         652         582         581
f         582         652         653
f         653         583         582
f         583         653         654
f         654         584         583
f         584         654         655
f         655         585         584
f         585         655         656
f         656         586         585
f         586         656         657
f         657         587         586
f         587         657         658
f         658         588         587
f         588         658         659
f         659         589         588
f         589         659         660
f         660         590         589
f         590         660         661
f         661         591         590
f         591         661         662
f         662         592         591
f         592         662         663
f         663         593         592
f         593         663         664
f         664         594         593
f         594         664         665
f         665         595         594
f         595         665         666
f         666         596         595
f         596         666         667
f         667         597         596
f         597         667         668
f         597         668         669
f         669         598         597
f         598         669         670
f         670         599         598
f         599         670         671
f         671         600         599
f         600         671         672
f         672         601         600
f         601         672         673
f         673         602         601
f         602         673         674
f         674         603         602
f         603         674         675
f         675         604         603
f         604         675         676
f         676         605         604
f         605         676         677
f         677         606         605
f         606         677         678
f         678         607         606
f         607         678         679
f         679         608         607
f         608         679         680
f         680         609         608
f         609         680         681
f         681         610         609
f         610         681         682
f         682         611         610
f         611         682         683
f         683         612         611
f         612         683         684
f         684         613         612
f         613         684         685
f         685         546         613
f         546         685         614
f         614         686         687
f         687         615         614
f         615         687         688
f         688         616         615
f         616         688         689
f         689         617         616
f         617         689         690
f         690         618         617
f         618         690         691
f         691         619         618
f         619         691         692
f         692         620         619
f         620         692         693
f         693         621         620
f         621         693         694
f         694         622         621
f         622         694         695
f         695         623         622
f         623         695         696
f         696         624         623
f         624         696         697
f         697         625         624
f         625         697         698
f         698         626         625
f         626         698         699
f         699         627         626
f         627         699         700
f         700         628         627
f         628         700         701
f         701         629         628
f         629         701         702
f         702         630         629
f         630         702         703
f         703         631         630
f         631         703         704
f         704         632         631
f         632         704         705
f         632         705         706
f         706         633         632
f         633         706         707
f         707         634         633
f         634         707         708
f         708         635         634
f         635         708         709
f         709         636         635
f         636         709         710
f         710         637         636
f         637         710         711
f         711         638         637
f         638         711         712
f         712         639         638
f         639         712         713
f         713         640         639
f         640         713         714
f         714         641         640
f         641         714         715
f         715         642         641
f         642         715         716
f         716         643         642
f         643         716         717
f         717         644         643
f         644         717         718
f         718         645         644
f         645         718         719
f         719         646         645
f         646         719         720
f         720         647         646
f         647         720         721
f         721         648         647
f         648         721         722
f         722         649         648
f         649         722         723
f         723         650         649
f         650         723         724
f         650         724         725
f         725         651         650
f         651         725         726
f         726         652         651
f         652         726         727
f         727         653         652
f         653         727         728
f         728         654         653
f         654         728         729
f         729         655         654
f         655         729         730
f         730         656         655
f         656         730         731
f         731         657         656
f         657         731         732
f         732         658         657
f         658         732         733
f         733         659         658
f         659         733         734
f         734         660         659
f         660         734         735
f         735         661         660
f         661         735         736
f         736         662         661
f         662         736         737
f         737         663         662
f         663         737         738
f         738         664         663
f         664         738         739
f         739         665         664
f         665         739         740
f         740         666         665
f         666         740         741
f         741         667         666
f         667         741         742
f         742         668         667
f         668         742         743
f         668         743         744
f         744         669         668
f         669         744         745
f         745         670         669
f         670         745         746
f         746         671         670
f         671         746         747
f         747         672         671
f         672         747         748
f         748         673         672
f         673         748         749
f         749         674         673
f         674         749         750
f         750         675         674
f         675         750         751
f         751         676         675
f         676         751         752
f         752         677         676
f         677         752         753
f         753         678         677
f         678         753         754
f         754         679         678
f         679         754         755
f         755         680         679
f         680         755         756
f         756         681         680
f         681         756         757
f         757         682         681
f         682         757         758
f         758         683         682
f         683         758         759
f         759         684         683
f         684         759         760
f         760         685         684
f         685         760         761
f         761         614         685
f         614         761         686
f         686         762         763
f         763         687         686
f         687         763         764
f         764         688         687
f         688         764         765
f         765         689         688
f         689         765         766
f         766         690         689
f         690         766         767
f         767         691         690
f         691         767         768
f         768         692         691
f         692         768         769
f         769         693         692
f         693         769         770
f         770         694         693
f         694         770         771
f         771         695         694
f         695         771         772
f         772         696         695
f         696         772         773
f         773         697         696
f         697         773         774
f         774         698         697
f         698         774         775
f         775         699         698
f         699         775         776
f         776         700         699
f         700         776         777
f         777         701         700
f         701         777         778
f         778         702         701
f         702         778         779
f         779         703         702
f         703         779         780
f         780         704         703
f         704         780         781
f         781         705         704
f         705         781         782
f         705         782         783
f         783         706         705
f         706         783         784
f         784         707         706
f         707         784         785
f         785         708         707
f         708         785         786
f         786         709         708
f         709         786         787
f         787         710         709
f         710         787         788
f         788         711         710
f         711         788         789
f         789         712         711
f         712         789         790
f         790         713         712
f         713         790         791
f         791         714         713
f         714         791         792
f         792         715         714
f         715         792         793
f         793         716         715
f         716         793         794
f         794         717         716
f         717         794         795
f         795         718         717
f         718         795         796
f         796         719         718
f         719         796         797
f         797         720         719
f         720         797         798
f         798         721         720
f         721         798         799
f         799         722         721
f         722         799         800
f         800         723         722
f         723         800         801
f         801         724         723
f         724         801         802
f         724         802         803
f         803         725         724
f         725         803         804
f         804         726         725
f         726         804         805
f         805         727         726
f         727         805         806
f         806         728         727
f         728         806         807
f         807         729         728
f         729         807         808
f         808         730         729
f         730         808         809
f         809         731         730
f         731         809         810
f         810         732         731
f         732         810         811
f         811         733         732
f         733         811         812
f         812         734         733
f         734         812         813
f         813         735         734
f         735         813         814
f         814         736         735
f         736         814         815
f         815         737         736
f         737         815         816
f         816         738         737
f         738         816         817
f         817         739         738
f         739         817         818
f         818         740         739
f         740         818         819
f         819         741         740
f         741         819         820
f         820         742         741
f         742         820         821
f         821         743         742
f         743         821         822
f         743         822         823
f         823         744         743
f         744         823         824
f         824         745         744
f         745         824         825
f         825         746         745
f         746         825         826
f         826         747         746
f         747         826         827
f         827         748         747
f         748         827         828
f         828         749         748
f         749         828         829
f         829         750         749
f         750         829         830
f         830         751         750
f         751         830         831
f         831         752         751
f         752         831         832
f         832         753         752
f         753         832         833
f         833         754         753
f         754         833         834
f         834         755         754
f         755         834         835
f         835         756         755
f         756         835         836
f         836         757         756
f         757         836         837
f         837         758         757
f         758         837         838
f         838         759         758
f         759         838         839
f         839         760         759
f         760         839         840
f         840         761         760
f         761         840         841
f         841         686         761
f         686         841         762
f         762         842         843
f         843         763         762
f         763         843         844
f         844         764         763
f         764         844         845
f         845         765         764
f         765         845         846
f         846         766         765
f         766         846         847
f         847         767         766
f         767         847         848
f         848         768         767
f         768         848         849
f         849         769         768
f         769         849         850
f         850         770         769
f         770         850         851
f         851         771         770
f         771         851         852
f         852         772         771
f         772         852         853
f         853         773         772
f         773         853         854
f         854         774         773
f         774         854         855
f         855         775         774
f         775         855         856
f         856         776         775
f         776         856         857
f         857         777         776
f         777         857         858
f         858         778         777
f         778         858         859
f         859         779         778
f         779         859         860
f         860         780         779
f         780         860         861
f         861         781         780
f         781         861         862
f         862         782         781
f         782         862         863
f         782         863         864
f         864         783         782
f         783         864         865
f         865         784         783
f         784         865         866
f         866         785         784
f         785         866         867
f         867         786         785
f         786         867         868
f         868         787         786
f         787         868         869
f         869         788         787
f         788         869         870
f         870         789         788
f         789         870         871
f         871         790         789
f         790         871         872
f         872         791         790
f         791         872         873
f         873         792         791
f         792         873         874
f         874         793         792
f         793         874         875
f         875         794         793
f         794         875         876
f         876         795         794
f         795         876         877
f         877         796         795
f         796         877         878
f         878         797         796
f         797         878         879
f         879         798         797
f         798         879         880
f         880         799         798
f         799         880         881
f         881         800         799
f         800         881         882
f         882         801         800
f         801         882         883
f         883         802         801
f         802         883         884
f         802         884         885
f         885         803         802
f         803         885         886
f         886         804         803
f         804         886         887
f         887         805         804
f         805         887         888
f         888         806         805
f         806         888         889
f         889         807         806
f         807         889         890
f         890         808         807
f         808         890         891
f         891         809         808
f         809         891         892
f         892         810         809
f         810         892         893
f         893         811         810
f         811         893         894
f         894         812         811
f         812         894         895
f         895         813         812
f         813         895         896
f         896         814         813
f         814         896         897
f         897         815         814
f         815         897         898
f         898         816         815
f         816         898         899
f         899         817         816
f         817         899         900
f         900         818         817
f         818         900         901
f         901         819         818
f         819         901         902
f         902         820         819
f         820         902         903
f         903         821         820
f         821         903         904
f         904         822         821
f         822         904         905
f         822         905         906
f         906         823         822
f         823         906         907
f         907         824         823
f         824         907         908
f         908         825         824
f         825         908         909
f         909         826         825
f         826         909         910
f         910         827         826
f         827         910         911
f         911         828         827
f         828         911         912
f         912         829         828
f         829         912         913
f         913         830         829
f         830         913         914
f         914         831         830
f         831         914         915
f         915         832         831
f         832         915         916
f         916         833         832
f         833         916         917
f         917         834         833
f         834         917         918
f         918         835         834
f         835         918         919
f         919         836         835
f         836         919         920
f         920         837         836
f         837         920         921
f         921         838         837
f         838         921         922
f         922         839         838
f         839         922         923
f         923         840         839
f         840         923         924
f         924         841         840
f         841         924         925
f         925         762         841
f         762         925         842
f         842         926         927
f         927         843         842
f         843         927         928
f         928         844         843
f         844         928         929
f         929         845         844
f         845         929         930
f         930         846         845
f         846         930         931
f         931         847         846
f         847         931         932
f         932         848         847
f         848         932         933
f         933         849         848
f         849         933         934
f         934         850         849
f         850         934         935
f         935         851         850
f         851         935         936
f         936         852         851
f         852         936         937
f         937         853         852
f         853         937         938
f         938         854         853
f         854         938         939
f         939         855         854
f         855         939         940
f         940         856         855
f         856         940         941
f         941         857         856
f         857         941         942
f         942         858         857
f         858         942         943
f         943         859         858
f         859         943         944
f         944         860         859
f         860         944         945
f         945         861         860
f         861         945         946
f         946         862         861
f         862         946         947
f         947         863         862
f         863         947         948
f         863         948         949
f         949         864         863
f         864         949         950
f         950         865         864
f         865         950         951
f         951         866         865
f         866         951         952
f         952         867         866
f         867         952         953
f         953         868         867
f         868         953         954
f         954         869         868
f         869         954         955
f         955         870         869
f         870         955         956
f         956         871         870
f         871         956         957
f         957         872         871
f         872         957         958
f         958         873         872
f         873         958         959
f         959         874         873
f         874         959         960
f         960         875         874
f         875         960         961
f         961         876         875
f         876         961         962
f         962         877         876
f         877         962         963
f         963         878         877
f         878         963         964
f         964         879         878
f         879         964         965
f         965         880         879
f         880         965         966
f         966         881         880
f         881         966         967
f         967         882         881
f         882         967         968
f         968         883         882
f         883         968         969
f         969         884         883
f         884         969         970
f         884         970         971
f         971         885         884
f         885         971         972
f         972         886         885
f         886         972         973
f         973         887         886
f         887         973         974
f         974         888         887
f         888         974         975
f         975         889         888
f         889         975         976
f         976         890         889
f         890         976         977
f         977         891         890
f         891         977         978
f         978         892         891
f         892         978         979
f         979         893         892
f         893         979         980
f         980         894         893
f         894         980         981
f         981         895         894
f         895         981         982
f         982         896         895
f         896         982         983
f         983         897         896
f         897         983         984
f         984         898         897
f         898         984         985
f         985         899         898
f         899         985         986
f         986         900         899
f         900         986         987
f         987         901         900
f         901         987         988
f         988         902         901
f         902         988         989
f         989         903         902
f         903         989         990
f         990         904         903
f         904         990         991
f         991         905         904
f         905         991         992
f         905         992         993
f         993         906         905
f         906         993         994
f         994         907         906
f         907         994         995
f         995         908         907
f         908         995         996
f         996         909         908
f         909         996         997
f         997         910         909
f         910         997         998
f         998         911         910
f         911         998         999
f         999         912         911
f         912         999        1000
f        1000         913         912
f         913        1000        1001
f        1001         914         913
f         914        1001        1002
f        1002         915         914
f         915        1002        1003
f        1003         916         915
f         916        1003        1004
f        1004         917         916
f         917        1004        1005
f        1005         918         917
f         918        1005        1006
f        1006         919         918
f         919        1006        1007
f        1007         920         919
f         920        1007        1008
f        1008         921         920
f         921        1008        1009
f        1009         922         921
f         922        1009        1010
f        1010         923         922
f         923        1010        1011
f        1011         924         923
f         924        1011        1012
f        1012         925         924
f         925        1012        1013
f        1013         842         925
f         842        1013         926
f         926        1014        1015
f        1015         927         926
f         927        1015        1016
f        1016         928         927
f         928        1016        1017
f        1017         929         928
f         929        1017        1018
f        1018         930         929
f         930        1018        1019
f        1019         931         930
f         931        1019        1020
f        1020         932         931
f         932        1020        1021
f        1021         933         932
f         933        1021        1022
f        1022         934         933
f         934        1022        1023
f        1023         935         934
f         935        1023        1024
f        1024         936         935
f         936        1024        1025
f        1025         937         936
f         937        1025        1026
f        1026         938         937
f         938        1026        1027
f        1027         939         938
f         939        1027        1028
f        1028         940         939
f         940        1028        1029
f        1029         941         940
f         941        1029        1030
f        1030         942         941
f         942        1030        1031
f        1031         943         942
f         943        1031        1032
f        1032         944         943
f         944        1032        1033
f        1033         945         944
f         945        1033        1034
f        1034         946         945
f         946        1034        1035
f        1035         947         946
f         947        1035        1036
f        1036         948         947
f         948        1036        1037
f         948        1037        1038
f        1038         949         948
f         949        1038        1039
f        1039         950         949
f         950        1039        1040
f        1040         951         950
f         951        1040        1041
f        1041         952         951
f         952        1041        1042
f        1042         953         952
f         953        1042        1043
f        1043         954         953
f         954        1043        1044
f        1044         955         954
f         955        1044        1045
f        1045         956         955
f         956        1045        1046
f        1046         957         956
f         957        1046        1047
f        1047         958         957
f         958        1047        1048
f        1048         959         958
f         959        1048        1049
f        1049         960         959
f         960        1049        1050
f        1050         961         960
f         961        1050        1051
f        1051         962         961
f         962        1051        1052
f        1052         963         962
f         963        1052        1053
f        1053         964         963
f         964        1053        1054
f        1054         965         964
f         965        1054        1055
f        1055         966         965
f         966        1055        1056
f        1056         967         966
f         967        1056        1057
f        1057         968         967
f         968        1057        1058
f        1058         969         968
f         969        1058        1059
f        1059         970         969
f         970        1059        1060
f         970        1060        1061
f        1061         971         970
f         971        1061        1062
f        1062         972         971
f         972        1062        1063
f        1063         973         972
f         973        1063        1064
f        1064         974         973
f         974        1064        1065
f        1065         975         974
f         975        1065        1066
f        1066         976         975
f         976        1066        1067
f        1067         977         976
f         977        1067        1068
f        1068         978         977
f         978        1068        1069
f        1069         979         978
f         979        1069        1070
f        1070         980         979
f         980        1070        1071
f        1071         981         980
f         981        1071        1072
f        1072         982         981
f         982        1072        1073
f        1073         983         982
f         983        1073        1074
f        1074         984         983
f         984        1074        1075
f        1075         985         984
f         985        1075        1076
f        1076         986         985
f         986        1076        1077
f        1077         987         986
f         987        1077        1078
f        1078         988         987
f         988        1078        1079
f        1079         989         988
f         989        1079        1080
f        1080         990         989
f         990        1080        1081
f        1081         991         990
f         991        1081        1082
f        1082         992         991
f         992        1082        1083
f         992        1083        1084
f        1084         993         992
f         993        1084        1085
f        1085         994         993
f         994        1085        1086
f        1086         995         994
f         995        1086        1087
f        1087         996         995
f         996        1087        1088
f        1088         997         996
f         997        1088        1089
f        1089         998         997
f         998        1089        1090
f        1090         999         998
f         999        1090        1091
f        1091        1000         999
f        1000        1091        1092
f        1092        1001        1000
f        1001        1092        1093
f        1093        1002        1001
f        1002        1093        1094
f        1094        1003        1002
f        1003        1094        1095
f        1095        1004        1003
f        1004        1095        1096
f        1096        1005        1004
f        1005        1096        1097
f        1097        1006        1005
f        1006        1097        1098
f        1098        1007        1006
f        1007        1098        1099
f        1099        1008        1007
f        1008        1099        1100
f        1100        1009        1008
f        1009        1100        1101
f        1101        1010        1009
f        1010        1101        1102
f        1102        1011        1010
f        1011        1102        1103
f        1103        1012        1011
f        1012        1103        1104
f        1104        1013        1012
f        1013        1104        1105
f        1105         926        1013
f         926        1105        1014
f        1014        1106        1107
f        1107        1015        1014
f        1015        1107        1108
f        1108        1016        1015
f        1016        1108        1109
f        1109        1017        1016
f        1017        1109        1110
f        1110        1018        1017
f        1018        1110        1111
f        1111        1019        1018
f        1019        1111        1112
f        1112        1020        1019
f        1020        1112        1113
f        1113        1021        1020
f        1021        1113        1114
f        1114        1022        1021
f        1022        1114        1115
f        1115        1023        1022
f        1023        1115        1116
f        1116        1024        1023
f        1024        1116        1117
f        1117        1025        1024
f        1025        1117        1118
f        1118        1026        1025
f        1026        1118        1119
f        1119        1027        1026
f        1027        1119        1120
f        1120        1028        1027
f        1028        1120        1121
f        1121        1029        1028
f        1029        1121        1122
f        1122        1030        1029
f        1030        1122        1123
f        1123        1031        1030
f        1031        1123        1124
f        1124        1032        1031
f        1032        1124        1125
f        1125        1033        1032
f        1033        1125        1126
f        1126        1034        1033
f        1034        1126        1127
f        1127        1035        1034
f        1035        1127        1128
f        1128        1036        1035
f        1036        1128        1129
f        1129        1037        1036
f        1037        1129        1130
f        1037        1130        1131
f        1131        1038        1037
f        1038        1131        1132
f        1132        1039        1038
f        1039        1132        1133
f        1133        1040        1039
f        1040        1133        1134
f        1134        1041        1040
f        1041        1134        1135
f        1135        1042        1041
f        1042        1135        1136
f        1136        1043        1042
f        1043        1136        1137
f        1137        1044        1043
f        1044        1137        1138
f        1138        1045        1044
f        1045        1138        1139
f        1139        1046        1045
f        1046        1139        1140
f        1140        1047        1046
f        1047        1140        1141
f        1141        1048        1047
f        1048        1141        1142
f        1142        1049        1048
f        1049        1142        1143
f        1143        1050        1049
f        1050        1143        1144
f        1144        1051        1050
f        1051        1144        1145
f        1145        1052        1051
f        1052        1145        1146
f        1146        1053        1052
f        1053        1146        1147
f        1147        1054        1053
f        1054        1147        1148
f        1148        1055        1054
f        1055        1148        1149
f        1149        1056        1055
f        1056        1149        1150
f        1150        1057        1056
f        1057        1150        1151
f        1151        1058        1057
f        1058        1151        1152
f        1152        1059        1058
f        1059        1152        1153
f        1153        1060        1059
f        1060        1153        1154
f        1060        1154        1155
f        1155        1061        1060
f        1061        1155        1156
f        1156        1062        1061
f        1062        1156        1157
f        1157        1063        1062
f        1063        1157        1158
f        1158        1064        1063
f        1064        1158        1159
f        1159        1065        1064
f        1065        1159        1160
f        1160        1066        1065
f        1066        1160        1161
f        1161        1067        1066
f        1067        1161        1162
f        1162        1068        1067
f        1068        1162        1163
f        1163        1069        1068
f        1069        1163        1164
f        1164        1070        1069
f        1070        1164        1165
f        1165        1071        1070
f        1071        1165        1166
f        1166        1072        1071
f        1072        1166        1167
f        1167        1073        1072
f        1073        1167        1168
f        1168        1074        1073
f        1074        1168        1169
f        1169        1075        1074
f        1075        1169        1170
f        1170        1076        1075
f        1076        1170        1171
f        1171        1077        1076
f        1077        1171        1172
f        1172        1078        1077
f        1078        1172        1173
f        1173        1079        1078
f        1079        1173        1174
f        1174        1080        1079
f        1080        1174        1175
f        1175        1081        1080
f        1081        1175        1176
f        1176        1082        1081
f        1082        1176        1177
f        1177        1083        1082
f        1083        1177        1178
f        1083        1178        1179
f        1179        1084        1083
f        1084        1179        1180
f        1180        1085        1084
f        1085        1180        1181
f        1181        1086        1085
f        1086        1181        1182
f        1182        1087        1086
f        1087        1182        1183
f        1183        1088        1087
f        1088        1183        1184
f        1184        1089        1088
f        1089        1184        1185
f        1185        1090        1089
f        1090        1185        1186
f        1186        1091        1090
f        1091        1186        1187
f        1187        1092        1091
f        1092        1187        1188
f        1188        1093        1092
f        1093        1188        1189
f        1189        1094        1093
f        1094        1189        1190
f        1190        1095        1094
f        1095        1190        1191
f        1191        1096        1095
f        1096        1191        1192
f        1192        1097        1096
f        1097        1192        1193
f        1193        1098        1097
f        1098        1193        1194
f        1194        1099        1098
f        1099        1194        1195
f        1195        1100        1099
f        1100        1195        1196
f        1196        1101        1100
f        1101        1196        1197
f        1197        1102        1101
f        1102        1197        1198
f        1198        1103        1102
f        1103        1198        1199
f        1199        1104        1103
f        1104        1199        1200
f        1200        1105        1104
f        1105        1200        1201
f        1201        1014        1105
f        1014        1201        1106
f        1106        1202        1203
f        1203        1107        1106
f        1107        1203        1204
f        1204        1108        1107
f        1108        1204        1205
f        1205        1109        1108
f        1109        1205        1206
f        1206        1110        1109
f        1110        1206        1207
f        1207        1111        1110
f        1111        1207        1208
f        1208        1112        1111
f        1112        1208        1209
f        1209        1113        1112
f        1113        1209        1210
f        1210        1114        1113
f        1114        1210        1211
f        1211        1115        1114
f        1115        1211        1212
f        1212        1116        1115
f        1116        1212        1213
f        1213        1117        1116
f        1117        1213        1214
f        1214        1118        1117
f        1118        1214        1215
f        1215        1119        1118
f        1119        1215        1216
f        1216        1120        1119
f        1120        1216        1217
f        1217        1121        1120
f        1121        1217        1218
f        1218        1122        1121
f        1122        1218        1219
f        1219        1123        1122
f        1123        1219        1220
f        1220        1124        1123
f        1124        1220        1221
f        1221        1125        1124
f        1125        1221        1222
f        1222        1126        1125
f        1126        1222        1223
f        1223        1127        1126
f        1127        1223        1224
f        1224        1128        1127
f        1128        1224        1225
f        1225        1129        1128
f        1129        1225        1226
f        1226        1130        1129
f        1130        1226        1227
f        1130        1227        1228
f        1228        1131        1130
f        1131        1228        1229
f        1229        1132        1131
f        1132        1229        1230
f        1230        1133        1132
f        1133        1230        1231
f        1231        1134        1133
f        1134        1231        1232
f        1232        1135        1134
f        1135        1232        1233
f        1233        1136        1135
f        1136        1233        1234
f        1234        1137        1136
f        1137        1234        1235
f        1235        1138        1137
f        1138        1235        1236
f        1236        1139        1138
f        1139        1236        1237
f        1237        1140        1139
f        1140        1237        1238
f        1238        1141        1140
f        1141        1238        1239
f        1239        1142        1141
f        1142        1239        1240
f        1240        1143        1142
f        1143        1240        1241
f        1241        1144        1143
f        1144        1241        1242
f        1242        1145        1144
f        1145        1242        1243
f        1243        1146        1145
f        1146        1243        1244
f        1244        1147        1146
f        1147        1244        1245
f        1245        1148        1147
f        1148        1245        1246
f        1246        1149        1148
f        1149        1246        1247
f        1247        1150        1149
f        1150        1247        1248
f        1248        1151        1150
f        1151        1248        1249
f        1249        1152        1151
f        1152        1249        1250
f        1250        1153        1152
f        1153        1250        1251
f        1251        1154        1153
f        1154        1251        1252
f        1154        1252        1253
f        1253        1155        1154
f        1155        1253        1254
f        1254        1156        1155
f        1156        1254        1255
f        1255        1157        1156
f        1157        1255        1256
f        1256        1158        1157
f        1158        1256        1257
f        1257        1159        1158
f        1159        1257        1258
f        1258        1160        1159
f        1160        1258        1259
f        1259        1161        1160
f        1161        1259        1260
f        1260        1162        1161
f        1162        1260        1261
f        1261        1163        1162
f        1163        1261        1262
f        1262        1164        1163
f        1164        1262        1263
f        1263        1165        1164
f        1165        1263        1264
f        1264        1166        1165
f        1166        1264        1265
f        1265        1167        1166
f        1167        1265        1266
f        1266        1168        1167
f        1168        1266        1267
f        1267        1169        1168
f        1169        1267        1268
f        1268        1170        1169
f        1170        1268        1269
f        1269        1171        1170
f        1171        1269        1270
f        1270        1172        1171
f        1172        1270        1271
f        1271        1173        1172
f        1173        1271        1272
f        1272        1174        1173
f        1174        1272        1273
f        1273        1175        1174
f        1175        1273        1274
f        1274        1176        1175
f        1176        1274        1275
f        1275        1177        1176
f        1177        1275        1276
f        1276        1178        1177
f        1178        1276        1277
f        1178        1277        1278
f        1278        1179        1178
f        1179        1278        1279
f        1279        1180        1179
f        1180        1279        1280
f        1280        1181        1180
f        1181        1280        1281
f        1281        1182        1181
f        1182        1281        1282
f        1282        1183        1182
f        1183        1282        1283
f        1283        1184        1183
f        1184        1283        1284
f        1284        1185        1184
f        1185        1284        1285
f        1285        1186        1185
f        1186        1285        1286
f        1286        1187        1186
f        1187        1286        1287
f        1287        1188        1187
f        1188        1287        1288
f        1288        1189        1188
f        1189        1288        1289
f        1289        1190        1189
f        1190        1289        1290
f        1290        1191        1190
f        1191        1290        1291
f        1291        1192        1191
f        1192        1291        1292
f        1292        1193        1192
f        1193        1292        1293
f        1293        1194        1193
f        1194        1293        1294
f        1294        1195        1194
f        1195        1294        1295
f        1295        1196        1195
f        1196        1295        1296
f        1296        1197        1196
f        1197        1296        1297
f        1297        1198        1197
f        1198        1297        1298
f        1298        1199        1198
f        1199        1298        1299
f        1299        1200        1199
f        1200        1299        1300
f        1300        1201        1200
f        1201        1300        1301
f        1301        1106        1201
f        1106        1301        1202
f        1202        1302        1303
f        1303        1203        1202
f        1203        1303        1304
f        1304        1204        1203
f        1204        1304        1305
f        1305        1205        1204
f        1205        1305        1306
f        1306        1206        1205
f        1206        1306        1307
f        1307        1207        1206
f        1207        1307        1308
f        1308        1208        1207
f        1208        1308        1309
f        1309        1209        1208
f        1209        1309        1310
f        1310        1210        1209
f        1210        1310        1311
f        1311        1211        1210
f        1211        1311        1312
f        1312        1212        1211
f        1212        1312        1313
f        1313        1213        1212
f        1213        1313        1314
f        1314        1214        1213
f        1214        1314        1315
f        1315        1215        1214
f        1215        1315        1316
f        1316        1216        1215
f        1216        1316        1317
f        1317        1217        1216
f        1217        1317        1318
f        1318        1218        1217
f        1218        1318        1319
f        1319        1219        1218
f        1219        1319        1320
f        1320        1220        1219
f        1220        1320        1321
f        1321        1221        1220
f        1221        1321        1322
f        1322        1222        1221
f        1222        1322        1323
f        1323        1223        1222
f        1223        1323        1324
f        1324        1224        1223
f        1224        1324        1325
f        1325        1225        1224
f        1225        1325        1326
f        1326        1226        1225
f        1226        1326        1327
f        1327        1227        1226
f        1227        1327        1328
f        1227        1328        1329
f        1329        1228        1227
f        1228        1329        1330
f        1330        1229        1228
f        1229        1330        1331
f        1331        1230        1229
f        1230        1331        1332
f        1332        1231        1230
f        1231        1332        1333
f        1333        1232        1231
f        1232        1333        1334
f        1334        1233        1232
f        1233        1334        1335
f        1335        1234        1233
f        1234        1335        1336
f        1336        1235        1234
f        1235        1336        1337
f        1337        1236        1235
f        1236        1337        1338
f        1338        1237        1236
f        1237        1338        1339
f        1339        1238        1237
f        1238        1339        1340
f        1340        1239        1238
f        1239        1340        1341
f        1341        1240        1239
f        1240        1341        1342
f        1342        1241        1240
f        1241        1342        1343
f        1343        1242        1241
f        1242        1343        1344
f        1344        1243        1242
f        1243        1344        1345
f        1345        1244        1243
f        1244        1345        1346
f        1346        1245        1244
f        1245        1346        1347
f        1347        1246        1245
f        1246        1347        1348
f        1348        1247        1246
f        1247        1348        1349
f        1349        1248        1247
f        1248        1349        1350
f        1350        1249        1248
f        1249        1350        1351
f        1351        1250        1249
f        1250        1351        1352
f        1352        1251        1250
f        1251        1352        1353
f        1353        1252        1251
f        1252        1353        1354
f        1252        1354        1355
f        1355        1253        1252
f        1253        1355        1356
f        1356        1254        1253
f        1254        1356        1357
f        1357        1255        1254
f        1255        1357        1358
f        1358        1256        1255
f        1256        1358        1359
f        1359        1257        1256
f        1257        1359        1360
f        1360        1258        1257
f        1258        1360        1361
f        1361        1259        1258
f        1259        1361        1362
f        1362        1260        1259
f        1260        1362        1363
f        1363        1261        1260
f        1261        1363        1364
f        1364        1262        1261
f        1262        1364        1365
f        1365        1263        1262
f        1263        1365        1366
f        1366        1264        1263
f        1264        1366        1367
f        1367        1265        1264
f        1265        1367        1368
f        1368        1266        1265
f        1266        1368        1369
f        1369        1267        1266
f        1267        1369        1370
f        1370        1268        1267
f        1268        1370        1371
f        1371        1269        1268
f        1269        1371        1372
f        1372        1270        1269
f        1270        1372        1373
f        1373        1271        1270
f        1271        1373        1374
f        1374        1272        1271
f        1272        1374        1375
f        1375        1273        1272
f        1273        1375        1376
f        1376        1274        1273
f        1274        1376        1377
f        1377        1275        1274
f        1275        1377        1378
f        1378        1276        1275
f        1276        1378        1379
f        1379        1277        1276
f        1277        1379        1380
f        1277        1380        1381
f        1381        1278        1277
f        1278        1381        1382
f        1382        1279        1278
f        1279        1382        1383
f        1383        1280        1279
f        1280        1383        1384
f        1384        1281        1280
f        1281        1384        1385
f        1385        1282        1281
f        1282        1385        1386
f        1386        1283        1282
f        1283        1386        1387
f        1387        1284        1283
f        1284        1387        1388
f        1388        1285        1284
f        1285        1388        1389
f        1389        1286        1285
f        1286        1389        1390
f        1390        1287        1286
f        1287        1390        1391
f        1391        1288        1287
f        1288        1391        1392
f        1392        1289        1288
f        1289        1392        1393
f        1393        1290        1289
f        1290        1393        1394
f        1394        1291        1290
f        1291        1394        1395
f        1395        1292        1291
f        1292        1395        1396
f        1396        1293        1292
f        1293        1396        1397
f        1397        1294        1293
f        1294        1397        1398
f        1398        1295        1294
f        1295        1398        1399
f        1399        1296        1295
f        1296        1399        1400
f        1400        1297        1296
f        1297        1400        1401
f        1401        1298        1297
f        1298        1401        1402
f        1402        1299        1298
f        1299        1402        1403
f        1403        1300        1299
f        1300        1403        1404
f        1404        1301        1300
f        1301        1404        1405
f        1405        1202        1301
f        1202        1405        1302
f        1302        1406        1407
f        1407        1303        1302
f        1303        1407        1408
f        1408        1304        1303
f        1304        1408        1409
f        1409        1305        1304
f        1305        1409        1410
f        1410        1306        1305
f        1306        1410        1411
f        1411        1307        1306
f        1307        1411        1412
f        1412        1308        1307
f        1308        1412        1413
f        1413        1309        1308
f        1309        1413        1414
f        1414        1310        1309
f        1310        1414        1415
f        1415        1311        1310
f        1311        1415        1416
f        1416        1312        1311
f        1312        1416        1417
f        1417        1313        1312
f        1313        1417        1418
f        1418        1314        1313
f        1314        1418        1419
f        1419        1315        1314
f        1315        1419        1420
f        1420        1316        1315
f        1316        1420        1421
f        1421        1317        1316
f        1317        1421        1422
f        1422        1318        1317
f        1318        1422        1423
f        1423        1319        1318
f        1319        1423        1424
f        1424        1320        1319
f        1320        1424        1425
f        1425        1321        1320
f        1321        1425        1426
f        1426        1322        1321
f        1322        1426        1427
f        1427        1323        1322
f        1323        1427        1428
f        1428        1324        1323
f        1324        1428        1429
f        1429        1325        1324
f        1325        1429        1430
f        1430        1326        1325
f        1326        1430        1431
f        1431        1327        1326
f        1327        1431        1432
f        1432        1328        1327
f        1328        1432        1433
f        1328        1433        1434
f        1434        1329        1328
f        1329        1434        1435
f        1435        1330        1329
f        1330        1435        1436
f        1436        1331        1330
f        1331        1436        1437
f        1437        1332        1331
f        1332        1437        1438
f        1438        1333        1332
f        1333        1438        1439
f        1439        1334        1333
f        1334        1439        1440
f        1440        1335        1334
f        1335        1440        1441
f        1441        1336        1335
f        1336        1441        1442
f        1442        1337        1336
f        1337        1442        1443
f        1443        1338        1337
f        1338        1443        1444
f        1444        1339        1338
f        1339        1444        1445
f        1445        1340        1339
f        1340        1445        1446
f        1446        1341        1340
f        1341        1446        1447
f        1447        1342        1341
f        1342        1447        1448
f        1448        1343        1342
f        1343        1448        1449
f        1449        1344        1343
f        1344        1449        1450
f        1450        1345        1344
f        1345        1450        1451
f        1451        1346        1345
f        1346        1451        1452
f        1452        1347        1346
f        1347        1452        1453
f        1453        1348        1347
f        1348        1453        1454
f        1454        1349        1348
f        1349        1454        1455
f        1455        1350        1349
f        1350        1455        1456
f        1456        1351        1350
f        1351        1456        1457
f        1457        1352        1351
f        1352        1457        1458
f        1458        1353        1352
f        1353        1458        1459
f        1459        1354        1353
f        1354        1459        1460
f        1354        1460        1461
f        1461        1355        1354
f        1355        1461        1462
f        1462        1356        1355
f        1356        1462        1463
f        1463        1357        1356
f        1357        1463        1464
f        1464        1358        1357
f        1358        1464        1465
f        1465        1359        1358
f        1359        1465        1466
f        1466        1360        1359
f        1360        1466        1467
f        1467        1361        1360
f        1361        1467        1468
f        1468        1362        1361
f        1362        1468        1469
f        1469        1363        1362
f        1363        1469        1470
f        1470        1364        1363
f        1364        1470        1471
f        1471        1365        1364
f        1365        1471        1472
f        1472        1366        1365
f        1366        1472        1473
f        1473        1367        1366
f        1367        1473        1474
f        1474        1368        1367
f        1368        1474        1475
f        1475        1369        1368
f        1369        1475        1476
f        1476        1370        1369
f        1370        1476        1477
f        1477        1371        1370
f        1371        1477        1478
f        1478        1372        1371
f        1372        1478        1479
f        1479        1373        1372
f        1373        1479        1480
f        1480        1374        1373
f        1374        1480        1481
f        1481        1375        1374
f        1375        1481        1482
f        1482        1376        1375
f        1376        1482        1483
f        1483        1377        1376
f        1377        1483        1484
f        1484        1378        1377
f        1378        1484        1485
f        1485        1379        1378
f        1379        1485        1486
f        1486        1380        1379
f        1380        1486        1487
f        1380        1487        1488
f        1488        1381        1380
f        1381        1488        1489
f        1489        1382        1381
f        1382        1489        1490
f        1490        1383        1382
f        1383        1490        1491
f        1491        1384        1383
f        1384        1491        1492
f        1492        1385        1384
f        1385        1492        1493
f        1493        1386        1385
f        1386        1493        1494
f        1494        1387        1386
f        1387        1494        1495
f        1495        1388        1387
f        1388        1495        1496
f        1496        1389        1388
f        1389        1496        1497
f        1497        1390        1389
f        1390        1497        1498
f        1498        1391        1390
f        1391        1498        1499
f        1499        1392        1391
f        1392        1499        1500
f        1500        1393        1392
f        1393        1500        1501
f        1501        1394        1393
f        1394        1501        1502
f        1502        1395        1394
f        1395        1502        1503
f        1503        1396        1395
f        1396        1503        1504
f        1504        1397        1396
f        1397        1504        1505
f        1505        1398        1397
f        1398        1505        1506
f        1506        1399        1398
f        1399        1506        1507
f        1507        1400        1399
f        1400        1507        1508
f        1508        1401        1400
f        1401        1508        1509
f        1509        1402        1401
f        1402        1509        1510
f        1510        1403        1402
f        1403        1510        1511
f        1511        1404        1403
f        1404        1511        1512
f        1512        1405        1404
f        1405        1512        1513
f        1513        1302        1405
f        1302        1513        1406
f        1406        1514        1515
f        1515        1407        1406
f        1407        1515        1516
f        1516        1408        1407
f        1408        1516        1517
f        1517        1409        1408
f        1409        1517        1518
f        1518        1410        1409
f        1410        1518        1519
f        1519        1411        1410
f        1411        1519        1520
f        1520        1412        1411
f        1412        1520        1521
f        1521        1413        1412
f        1413        1521        1522
f        1522        1414        1413
f        1414        1522        1523
f        1523        1415        1414
f        1415        1523        1524
f        1524        1416        1415
f        1416        1524        1525
f        1525        1417        1416
f        1417        1525        1526
f        1526        1418        1417
f        1418        1526        1527
f        1527        1419        1418
f        1419        1527        1528
f        1528        1420        1419
f        1420        1528        1529
f        1529        1421        1420
f        1421        1529        1530
f        1530        1422        1421
f        1422        1530        1531
f        1531        1423        1422
f        1423        1531        1532
f        1532        1424        1423
f        1424        1532        1533
f        1533        1425        1424
f        1425        1533        1534
f        1534        1426        1425
f        1426        1534        1535
f        1535        1427        1426
f        1427        1535        1536
f        1536        1428        1427
f        1428        1536        1537
f        1537        1429        1428
f        1429        1537        1538
f        1538        1430        1429
f        1430        1538        1539
f        1539        1431        1430
f        1431        1539        1540
f        1540        1432        1431
f        1432        1540        1541
f        1541        1433        1432
f        1433        1541        1542
f        1433        1542        1543
f        1543        1434        1433
f        1434        1543        1544
f        1544        1435        1434
f        1435        1544        1545
f        1545        1436        1435
f        1436        1545        1546
f        1546        1437        1436
f        1437        1546        1547
f        1547        1438        1437
f        1438        1547        1548
f        1548        1439        1438
f        1439        1548        1549
f        1549        1440        1439
f        1440        1549        1550
f        1550        1441        1440
f        1441        1550        1551
f        1551        1442        1441
f        1442        1551        1552
f        1552        1443        1442
f        1443        1552        1553
f        1553        1444        1443
f        1444        1553        1554
f        1554        1445        1444
f        1445        1554        1555
f        1555        1446        1445
f        1446        1555        1556
f        1556        1447        1446
f        1447        1556        1557
f        1557        1448        1447
f        1448        1557        1558
f        1558        1449        1448
f        1449        1558        1559
f        1559        1450        1449
f        1450        1559        1560
f        1560        1451        1450
f        1451        1560        1561
f        1561        1452        1451
f        1452        1561        1562
f        1562        1453        1452
f        1453        1562        1563
f        1563        1454        1453
f        1454        1563        1564
f        1564        1455        1454
f        1455        1564        1565
f        1565        1456        1455
f        1456        1565        1566
f        1566        1457        1456
f        1457        1566        1567
f        1567        1458        1457
f        1458        1567        1568
f        1568        1459        1458
f        1459        1568        1569
f        1569        1460        1459
f        1460        1569        1570
f        1460        1570        1571
f        1571        1461        1460
f        1461        1571        1572
f        1572        1462        1461
f        1462        1572        1573
f        1573        1463        1462
f        1463        1573        1574
f        1574        1464        1463
f        1464        1574        1575
f        1575        1465        1464
f        1465        1575        1576
f        1576        1466        1465
f        1466        1576        1577
f        1577        1467        1466
f        1467        1577        1578
f        1578        1468        1467
f        1468        1578        1579
f        1579        1469        1468
f        1469        1579        1580
f        1580        1470        1469
f        1470        1580        1581
f        1581        1471        1470
f        1471        1581        1582
f        1582        1472        1471
f        1472        1582        1583
f        1583        1473        1472
f        1473        1583        1584
f        1584        1474        1473
f        1474        1584        1585
f        1585        1475        1474
f        1475        1585        1586
f        1586        1476        1475
f        1476        1586        1587
f        1587        1477        1476
f        1477        1587        1588
f        1588        1478        1477
f        1478        1588        1589
f        1589        1479        1478
f        1479        1589        1590
f        1590        1480        1479
f        1480        1590        1591
f        1591        1481        1480
f        1481        1591        1592
f        1592        1482        1481
f        1482        1592        1593
f        1593        1483        1482
f        1483        1593        1594
f        1594        1484        1483
f        1484        1594        1595
f        1595        1485        1484
f        1485        1595        1596
f        1596        1486        1485
f        1486        1596        1597
f        1597        1487        1486
f        1487        1597        1598
f        1487        1598        1599
f        1599        1488        1487
f        1488        1599        1600
f        1600        1489        1488
f        1489        1600        1601
f        1601        1490        1489
f        1490        1601        1602
f        1602        1491        1490
f        1491        1602        1603
f        1603        1492        1491
f        1492        1603        1604
f        1604        1493        1492
f        1493        1604        1605
f        1605        1494        1493
f        1494        1605        1606
f        1606        1495        1494
f        1495        1606        1607
f        1607        1496        1495
f        1496        1607        1608
f        1608        1497        1496
f        1497        1608        1609
f        1609        1498        1497
f        1498        1609        1610
f        1610        1499        1498
f        1499        1610        1611
f        1611        1500        1499
f        1500        1611        1612
f        1612        1501        1500
f        1501        1612        1613
f        1613        1502        1501
f        1502        1613        1614
f        1614        1503        1502
f        1503        1614        1615
f        1615        1504        1503
f        1504        1615        1616
f        1616        1505        1504
f        1505        1616        1617
f        1617        1506        1505
f        1506        1617        1618
f        1618        1507        1506
f        1507        1618        1619
f        1619        1508        1507
f        1508        1619        1620
f        1620        1509        1508
f        1509        1620        1621
f        1621        1510        1509
f        1510        1621        1622
f        1622        1511        1510
f        1511        1622        1623
f        1623        1512        1511
f        1512        1623        1624
f        1624        1513        1512
f        1513        1624        1625
f        1625        1406        1513
f        1406        1625        1514
f        1514        1626        1627
f        1627        1515        1514
f        1515        1627        1628
f        1628        1516        1515
f        1516        1628        1629
f        1629        1517        1516
f        1517        1629        1630
f        1630        1518        1517
f        1518        1630        1631
f        1631        1519        1518
f        1519        1631        1632
f        1632        1520        1519
f        1520        1632        1633
f        1633        1521        1520
f        1521        1633        1634
f        1634        1522        1521
f        1522        1634        1635
f        1635        1523        1522
f        1523        1635        1636
f        1636        1524        1523
f        1524        1636        1637
f        1637        1525        1524
f        1525        1637        1638
f        1638        1526        1525
f        1526        1638        1639
f        1639        1527        1526
f        1527        1639        1640
f        1640        1528        1527
f        1528        1640        1641
f        1641        1529        1528
f        1529        1641        1642
f        1642        1530        1529
f        1530        1642        1643
f        1643        1531        1530
f        1531        1643        1644
f        1644        1532        1531
f        1532        1644        1645
f        1645        1533        1532
f        1533        1645        1646
f        1646        1534        1533
f        1534        1646        1647
f        1647        1535        1534
f        1535        1647        1648
f        1648        1536        1535
f        1536        1648        1649
f        1649        1537        1536
f        1537        1649        1650
f        1650        1538        1537
f        1538        1650        1651
f        1651        1539        1538
f        1539        1651        1652
f        1652        1540        1539
f        1540        1652        1653
f        1653        1541        1540
f        1541        1653        1654
f        1654        1542        1541
f        1542        1654        1655
f        1542        1655        1656
f        1656        1543        1542
f        1543        1656        1657
f        1657        1544        1543
f        1544        1657        1658
f        1658        1545        1544
f        1545        1658        1659
f        1659        1546        1545
f        1546        1659        1660
f        1660        1547        1546
f        1547        1660        1661
f        1661        1548        1547
f        1548        1661        1662
f        1662        1549        1548
f        1549        1662        1663
f        1663        1550        1549
f        1550        1663        1664
f        1664        1551        1550
f        1551        1664        1665
f        1665        1552        1551
f        1552        1665        1666
f        1666        1553        1552
f        1553        1666        1667
f        1667        1554        1553
f        1554        1667        1668
f        1668        1555        1554
f        1555        1668        1669
f        1669        1556        1555
f        1556        1669        1670
f        1670        1557        1556
f        1557        1670        1671
f        1671        1558        1557
f        1558        1671        1672
f        1672        1559        1558
f        1559        1672        1673
f        1673        1560        1559
f        1560        1673        1674
f        1674        1561        1560
f        1561        1674        1675
f        1675        1562        1561
f        1562        1675        1676
f        1676        1563        1562
f        1563        1676        1677
f        1677        1564        1563
f        1564        1677        1678
f        1678        1565        1564
f        1565        1678        1679
f        1679        1566        1565
f        1566        1679        1680
f        1680        1567        1566
f        1567        1680        1681
f        1681        1568        1567
f        1568        1681        1682
f        1682        1569        1568
f        1569        1682        1683
f        1683        1570        1569
f        1570        1683        1684
f        1570        1684        1685
f        1685        1571        1570
f        1571        1685        1686
f        1686        1572        1571
f        1572        1686        1687
f        1687        1573        1572
f        1573        1687        1688
f        1688        1574        1573
f        1574        1688        1689
f        1689        1575        1574
f        1575        1689        1690
f        1690        1576        1575
f        1576        1690        1691
f        1691        1577        1576
f        1577        1691        1692
f        1692        1578        1577
f        1578        1692        1693
f        1693        1579        1578
f        1579        1693        1694
f        1694        1580        1579
f        1580        1694        1695
f        1695        1581        1580
f        1581        1695        1696
f        1696        1582        1581
f        1582        1696        1697
f        1697        1583        1582
f        1583        1697        1698
f        1698        1584        1583
f        1584        1698        1699
f        1699        1585        1584
f        1585        1699        1700
f        1700        1586        1585
f        1586        1700        1701
f        1701        1587        1586
f        1587        1701        1702
f        1702        1588        1587
f        1588        1702        1703
f        1703        1589        1588
f        1589        1703        1704
f        1704        1590        1589
f        1590        1704        1705
f        1705        1591        1590
f        1591        1705        1706
f        1706        1592        1591
f        1592        1706        1707
f        1707        1593        1592
f        1593        1707        1708
f        1708        1594        1593
f        1594        1708        1709
f        1709        1595        1594
f        1595        1709        1710
f        1710        1596        1595
f        1596        1710        1711
f        1711        1597        1596
f        1597        1711        1712
f        1712        1598        1597
f        1598        1712        1713
f        1598        1713        1714
f        1714        1599        1598
f        1599        1714        1715
f        1715        1600        1599
f        1600        1715        1716
f        1716        1601        1600
f        1601        1716        1717
f        1717        1602        1601
f        1602        1717        1718
f        1718        1603        1602
f        1603        1718        1719
f        1719        1604        1603
f        1604        1719        1720
f        1720        1605        1604
f        1605        1720        1721
f        1721        1606        1605
f        1606        1721        1722
f        1722        1607        1606
f        1607        1722        1723
f        1723        1608        1607
f        1608        1723        1724
f        1724        1609        1608
f        1609        1724        1725
f        1725        1610        1609
f        1610        1725        1726
f        1726        1611        1610
f        1611        1726        1727
f        1727        1612        1611
f        1612        1727        1728
f        1728        1613        1612
f        1613        1728        1729
f        1729        1614        1613
f        1614        1729        1730
f        1730        1615        1614
f        1615        1730        1731
f        1731        1616        1615
f        1616        1731        1732
f        1732        1617        1616
f        1617        1732        1733
f        1733        1618        1617
f        1618        1733        1734
f        1734        1619        1618
f        1619        1734        1735
f        1735        1620        1619
f        1620        1735        1736
f        1736        1621        1620
f        1621        1736        1737
f        1737        1622        1621
f        1622        1737        1738
f        1738        1623        1622
f        1623        1738        1739
f        1739        1624        1623
f        1624        1739        1740
f        1740        1625        1624
f        1625        1740        1741
f        1741        1514        1625
f        1514        1741        1626
f        1626        1742        1743
f        1743        1627        1626
f        1627        1743        1744
f        1744        1628        1627
f        1628        1744        1745
f        1745        1629        1628
f        1629        1745        1746
f        1746        1630        1629
f        1630        1746        1747
f        1747        1631        1630
f        1631        1747        1748
f        1748        1632        1631
f        1632        1748        1749
f        1749        1633        1632
f        1633        1749        1750
f        1750        1634        1633
f        1634        1750        1751
f        1751        1635        1634
f        1635        1751        1752
f        1752        1636        1635
f        1636        1752        1753
f        1753        1637        1636
f        1637        1753        1754
f        1754        1638        1637
f        1638        1754        1755
f        1755        1639        1638
f        1639        1755        1756
f        1756        1640        1639
f        1640        1756        1757
f        1757        1641        1640
f        1641        1757        1758
f        1758        1642        1641
f        1642        1758        1759
f        1759        1643        1642
f        1643        1759        1760
f        1760        1644        1643
f        1644        1760        1761
f        1761        1645        1644
f        1645        1761        1762
f        1762        1646        1645
f        1646        1762        1763
f        1763        1647        1646
f        1647        1763        1764
f        1764        1648        1647
f        1648        1764        1765
f        1765        1649        1648
f        1649        1765        1766
f        1766        1650        1649
f        1650        1766        1767
f        1767        1651        1650
f        1651        1767        1768
f        1768        1652        1651
f        1652        1768        1769
f        1769        1653        1652
f        1653        1769        1770
f        1770        1654        1653
f        1654        1770        1771
f        1771        1655        1654
f        1655        1771        1772
f        1655        1772        1773
f        1773        1656        1655
f        1656        1773        1774
f        1774        1657        1656
f        1657        1774        1775
f        1775        1658        1657
f        1658        1775        1776
f        1776        1659        1658
f        1659        1776        1777
f        1777        1660        1659
f        1660        1777        1778
f        1778        1661        1660
f        1661        1778        1779
f        1779        1662        1661
f        1662        1779        1780
f        1780        1663        1662
f        1663        1780        1781
f        1781        1664        1663
f        1664        1781        1782
f        1782        1665        1664
f        1665        1782        1783
f        1783        1666        1665
f        1666        1783        1784
f        1784        1667        1666
f        1667        1784        1785
f        1785        1668        1667
f        1668        1785        1786
f        1786        1669        1668
f        1669        1786        1787
f        1787        1670        1669
f        1670        1787        1788
f        1788        1671        1670
f        1671        1788        1789
f        1789        1672        1671
f        1672        1789        1790
f        1790        1673        1672
f        1673        1790        1791
f        1791        1674        1673
f        1674        1791        1792
f        1792        1675        1674
f        1675        1792        1793
f        1793        1676        1675
f        1676        1793        1794
f        1794        1677        1676
f        1677        1794        1795
f        1795        1678        1677
f        1678        1795        1796
f        1796        1679        1678
f        1679        1796        1797
f        1797        1680        1679
f        1680        1797        1798
f        1798        1681        1680
f        1681        1798        1799
f        1799        1682        1681
f        1682        1799        1800
f        1800        1683        1682
f        1683        1800        1801
f        1801        1684        1683
f        1684        1801        1802
f        1684        1802        1803
f        1803        1685        1684
f        1685        1803        1804
f        1804        1686        1685
f        1686        1804        1805
f        1805        1687        1686
f        1687        1805        1806
f        1806        1688        1687
f        1688        1806        1807
f        1807        1689        1688
f        1689        1807        1808
f        1808        1690        1689
f        1690        1808        1809
f        1809        1691        1690
f        1691        1809        1810
f        1810        1692        1691
f        1692        1810        1811
f        1811        1693        1692
f        1693        1811        1812
f        1812        1694        1693
f        1694        1812        1813
f        1813        1695        1694
f        1695        1813        1814
f        1814        1696        1695
f        1696        1814        1815
f        1815        1697        1696
f        1697        1815        1816
f        1816        1698        1697
f        1698        1816        1817
f        1817        1699        1698
f        1699        1817        1818
f        1818        1700        1699
f        1700        1818        1819
f        1819        1701        1700
f        1701        1819        1820
f        1820        1702        1701
f        1702        1820        1821
f        1821        1703        1702
f        1703        1821        1822
f        1822        1704        1703
f        1704        1822        1823
f        1823        1705        1704
f        1705        1823        1824
f        1824        1706        1705
f        1706        1824        1825
f        1825        1707        1706
f        1707        1825        1826
f        1826        1708        1707
f        1708        1826        1827
f        1827        1709        1708
f        1709        1827        1828
f        1828        1710        1709
f        1710        1828        1829
f        1829        1711        1710
f        1711        1829        1830
f        1830        1712        1711
f        1712        1830        1831
f        1831        1713        1712
f        1713        1831        1832
f        1713        1832        1833
f        1833        1714        1713
f        1714        1833        1834
f        1834        1715        1714
f        1715        1834        1835
f        1835        1716        1715
f        1716        1835        1836
f        1836        1717        1716
f        1717        1836        1837
f        1837        1718        1717
f        1718        1837        1838
f        1838        1719        1718
f        1719        1838        1839
f        1839        1720        1719
f        1720        1839        1840
f        1840        1721        1720
f        1721        1840        1841
f        1841        1722        1721
f        1722        1841        1842
f        1842        1723        1722
f        1723        1842        1843
f        1843        1724        1723
f        1724        1843        1844
f        1844        1725        1724
f        1725        1844        1845
f        1845        1726        1725
f        1726        1845        1846
f        1846        1727        1726
f        1727        1846        1847
f        1847        1728        1727
f        1728        1847        1848
f        1848        1729        1728
f        1729        1848        1849
f        1849        1730        1729
f        1730        1849        1850
f        1850        1731        1730
f        1731        1850        1851
f        1851        1732        1731
f        1732        1851        1852
f        1852        1733        1732
f        1733        1852        1853
f        1853        1734        1733
f        1734        1853        1854
f        1854        1735        1734
f        1735        1854        1855
f        1855        1736        1735
f        1736        1855        1856
f        1856        1737        1736
f        1737        1856        1857
f        1857        1738        1737
f        1738        1857        1858
f        1858        1739        1738
f        1739        1858        1859
f        1859        1740        1739
f        1740        1859        1860
f        1860        1741        1740
f        1741        1860        1861
f        1861        1626        1741
f        1626        1861        1742
f        1862        1743        1742
f        1863        1743        1862
f        1863        1744        1743
f        1864        1744        1863
f        1864        1745        1744
f        1865        1745        1864
f        1865        1746        1745
f        1866        1746        1865
f        1866        1747        1746
f        1867        1747        1866
f        1867        1748        1747
f        1868        1748        1867
f        1868        1749        1748
f        1869        1749        1868
f        1869        1750        1749
f        1870        1750        1869
f        1870        1751        1750
f        1871        1751        1870
f        1871        1752        1751
f        1872        1752        1871
f        1872        1753        1752
f        1873        1753        1872
f        1873        1754        1753
f        1874        1754        1873
f        1874        1755        1754
f        1875        1755        1874
f        1875        1756        1755
f        1876        1756        1875
f        1876        1757        1756
f        1877        1757        1876
f        1877        1758        1757
f        1878        1758        1877
f        1878        1759        1758
f        1879        1759        1878
f        1879        1760        1759
f        1880        1760        1879
f        1880        1761        1760
f        1881        1761        1880
f        1881        1762        1761
f        1882        1762        1881
f        1882        1763        1762
f        1883        1763        1882
f        1883        1764        1763
f        1884        1764        1883
f        1884        1765        1764
f        1885        1765        1884
f        1885        1766        1765
f        1886        1766        1885
f        1886        1767        1766
f        1887        1767        1886
f        1887        1768        1767
f        1888        1768        1887
f        1888        1769        1768
f        1889        1769        1888
f        1889        1770        1769
f        1890        1770        1889
f        1890        1771        1770
f        1891        1771        1890
f        1891        1772        1771
f        1891        1773        1772
f        1892        1773        1891
f        1892        1774        1773
f        1893        1774        1892
f        1893        1775        1774
f        1894        1775        1893
f        1894        1776        1775
f        1895        1776        1894
f        1895        1777        1776
f        1896        1777        1895
f        1896        1778        1777
f        1897        1778        1896
f        1897        1779        1778
f        1898        1779        1897
f        1898        1780        1779
f        1899        1780        1898
f        1899        1781        1780
f        1900        1781        1899
f        1900        1782        1781
f        1901        1782        1900
f        1901        1783        1782
f        1902        1783        1901
f        1902        1784        1783
f        1903        1784        1902
f        1903        1785        1784
f        1904        1785        1903
f        1904        1786        1785
f        1905        1786        1904
f        1905        1787        1786
f        1906        1787        1905
f        1906        1788        1787
f        1907        1788        1906
f        1907        1789        1788
f        1908        1789        1907
f        1908        1790        1789
f        1909        1790        1908
f        1909        1791        1790
f        1910        1791        1909
f        1910        1792        1791
f        1911        1792        1910
f        1911        1793        1792
f        1912        1793        1911
f        1912        1794        1793
f        1913        1794        1912
f        1913        1795        1794
f        1914        1795        1913
f        1914        1796        1795
f        1915        1796        1914
f        1915        1797        1796
f        1916        1797        1915
f        1916        1798        1797
f        1917        1798        1916
f        1917        1799        1798
f        1918        1799        1917
f        1918        1800        1799
f        1919        1800        1918
f        1919        1801        1800
f        1920        1801        1919
f        1920        1802        1801
f        1920        1803        1802
f        1921        1803        1920
f        1921        1804        1803
f        1922        1804        1921
f        1922        1805        1804
f        1923        1805        1922
f        1923        1806        1805
f        1924        1806        1923
f        1924        1807        1806
f        1925        1807        1924
f        1925        1808        1807
f        1926        1808        1925
f        1926        1809        1808
f        1927        1809        1926
f        1927        1810        1809
f        1928        1810        1927
f        1928        1811        1810
f        1929        1811        1928
f        1929        1812        1811
f        1930        1812        1929
f        1930        1813        1812
f        1931        1813        1930
f        1931        1814        1813
f        1932        1814        1931
f        1932        1815        1814
f        1933        1815        1932
f        1933        1816        1815
f        1934        1816        1933
f        1934        1817        1816
f        1935        1817        1934
f        1935        1818        1817
f        1936        1818        1935
f        1936        1819        1818
f        1937        1819        1936
f        1937        1820        1819
f        1938        1820        1937
f        1938        1821        1820
f        1939        1821        1938
f        1939        1822        1821
f        1940        1822        1939
f        1940        1823        1822
f        1941        1823        1940
f        1941        1824        1823
f        1942        1824        1941
f        1942        1825        1824
f        1943        1825        1942
f        1943        1826        1825
f        1944        1826        1943
f        1944        1827        1826
f        1945        1827        1944
f        1945        1828        1827
f        1946        1828        1945
f        1946        1829        1828
f        1947        1829        1946
f        1947        1830        1829
f        1948        1830        1947
f        1948        1831        1830
f        1949        1831        1948
f        1949        1832        1831
f        1949        1833        1832
f        1950        1833        1949
f        1950        1834        1833
f        1951        1834        1950
f        1951        1835        1834
f        1952        1835        1951
f        1952        1836        1835
f        1953        1836        1952
f        1953        1837        1836
f        1954        1837        1953
f        1954        1838        1837
f        1955        1838        1954
f        1955        1839        1838
f        1956        1839        1955
f        1956        1840        1839
f        1957        1840        1956
f        1957        1841        1840
f        1958        1841        1957
f        1958        1842        1841
f        1959        1842        1958
f        1959        1843        1842
f        1960        1843        1959
f        1960        1844        1843
f        1961        1844        1960
f        1961        1845        1844
f        1962        1845        1961
f        1962        1846        1845
f        1963        1846        1962
f        1963        1847        1846
f        1964        1847        1963
f        1964        1848        1847
f        1965        1848        1964
f        1965        1849        1848
f        1966        1849        1965
f        1966        1850        1849
f        1967        1850        1966
f        1967        1851        1850
f        1968        1851        1967
f        1968        1852        1851
f        1969        1852        1968
f        1969        1853        1852
f        1970        1853        1969
f        1970        1854        1853
f        1971        1854        1970
f        1971        1855        1854
f        1972        1855        1971
f        1972        1856        1855
f        1973        1856        1972
f        1973        1857        1856
f        1974        1857        1973
f        1974        1858        1857
f        1975        1858        1974
f        1975        1859        1858
f        1976        1859        1975
f        1976        1860        1859
f        1977        1860        1976
f        1977        1861        1860
f        1862        1861        1977
f        1862        1742        1861
f        1978        1863        1862
f        1979        1863        1978
f        1979        1864        1863
f        1980        1864        1979
f        1980        1865        1864
f        1981        1865        1980
f        1981        1866        1865
f        1982        1866        1981
f        1982        1867        1866
f        1983        1867        1982
f        1983        1868        1867
f        1984        1868        1983
f        1984        1869        1868
f        1985        1869        1984
f        1985        1870        1869
f        1986        1870        1985
f        1986        1871        1870
f        1987        1871        1986
f        1987        1872        1871
f        1988        1872        1987
f        1988        1873        1872
f        1989        1873        1988
f        1989        1874        1873
f        1990        1874        1989
f        1990        1875        1874
f        1991        1875        1990
f        1991        1876        1875
f        1992        1876        1991
f        1992        1877        1876
f        1993        1877        1992
f        1993        1878        1877
f        1994        1878        1993
f        1994        1879        1878
f        1995        1879        1994
f        1995        1880        1879
f        1996        1880        1995
f        1996        1881        1880
f        1997        1881        1996
f        1997        1882        1881
f        1998        1882        1997
f        1998        1883        1882
f        1999        1883        1998
f        1999        1884        1883
f        2000        1884        1999
f        2000        1885        1884
f        2001        1885        2000
f        2001        1886        1885
f        2002        1886        2001
f        2002        1887        1886
f        2003        1887        2002
f        2003        1888        1887
f        2004        1888        2003
f        2004        1889        1888
f        2005        1889        2004
f        2005        1890        1889
f        2006        1890        2005
f        2006        1891        1890
f        2006        1892        1891
f        2007        1892        2006
f        2007        1893        1892
f        2008        1893        2007
f        2008        1894        1893
f        2009        1894        2008
f        2009        1895        1894
f        2010        1895        2009
f        2010        1896        1895
f        2011        1896        2010
f        2011        1897        1896
f        2012        1897        2011
f        2012        1898        1897
f        2013        1898        2012
f        2013        1899        1898
f        2014        1899        2013
f        2014        1900        1899
f        2015        1900        2014
f        2015        1901        1900
f        2016        1901        2015
f        2016        1902        1901
f        2017        1902        2016
f        2017        1903        1902
f        2018        1903        2017
f        2018        1904        1903
f        2019        1904        2018
f        2019        1905        1904
f        2020        1905        2019
f        2020        1906        1905
f        2021        1906        2020
f        2021        1907        1906
f        2022        1907        2021
f        2022        1908        1907
f        2023        1908        2022
f        2023        1909        1908
f        2024        1909        2023
f        2024        1910        1909
f        2025        1910        2024
f        2025        1911        1910
f        2026        1911        2025
f        2026        1912        1911
f        2027        1912        2026
f        2027        1913        1912
f        2028        1913        2027
f        2028        1914        1913
f        2029        1914        2028
f        2029        1915        1914
f        2030        1915        2029
f        2030        1916        1915
f        2031        1916        2030
f        2031        1917        1916
f        2032        1917        2031
f        2032        1918        1917
f        2033        1918        2032
f        2033        1919        1918
f        2034        1919        2033
f        2034        1920        1919
f        2034        1921        1920
f        2035        1921        2034
f        2035        1922        1921
f        2036        1922        2035
f        2036        1923        1922
f        2037        1923        2036
f        2037        1924        1923
f        2038        1924        2037
f        2038        1925        1924
f        2039        1925        2038
f        2039        1926        1925
f        2040        1926        2039
f        2040        1927        1926
f        2041        1927        2040
f        2041        1928        1927
f        2042        1928        2041
f        2042        1929        1928
f        2043        1929        2042
f        2043        1930        1929
f        2044        1930        2043
f        2044        1931        1930
f        2045        1931        2044
f        2045        1932        1931
f        2046        1932        2045
f        2046        1933        1932
f        2047        1933        2046
f        2047        1934        1933
f        2048        1934        2047
f        2048        1935        1934
f        2049        1935        2048
f        2049        1936        1935
f        2050        1936        2049
f        2050        1937        1936
f        2051        1937        2050
f        2051        1938        1937
f        2052        1938        2051
f        2052        1939        1938
f        2053        1939        2052
f        2053        1940        1939
f        2054        1940        2053
f        2054        1941        1940
f        2055        1941        2054
f        2055        1942        1941
f        2056        1942        2055
f        2056        1943        1942
f        2057        1943        2056
f        2057        1944        1943
f        2058        1944        2057
f        2058        1945        1944
f        2059        1945        2058
f        2059        1946        1945
f        2060        1946        2059
f        2060        1947        1946
f        2061        1947        2060
f        2061        1948        1947
f        2062        1948        2061
f        2062        1949        1948
f        2062        1950        1949
f        2063        1950        2062
f        2063        1951        1950
f        2064        1951        2063
f        2064        1952        1951
f        2065        1952        2064
f        2065        1953        1952
f        2066        1953        2065
f        2066        1954        1953
f        2067        1954        2066
f        2067        1955        1954
f        2068        1955        2067
f        2068        1956        1955
f        2069        1956        2068
f        2069        1957        1956
f        2070        1957        2069
f        2070        1958        1957
f        2071        1958        2070
f        2071        1959        1958
f        2072        1959        2071
f        2072        1960        1959
f        2073        1960        2072
f        2073        1961        1960
f        2074        1961        2073
f        2074        1962        1961
f        2075        1962        2074
f        2075        1963        1962
f        2076        1963        2075
f        2076        1964        1963
f        2077        1964        2076
f        2077        1965        1964
f        2078        1965        2077
f        2078        1966        1965
f        2079        1966        2078
f        2079        1967        1966
f        2080        1967        2079
f        2080        1968        1967
f        2081        1968        2080
f        2081        1969        1968
f        2082        1969        2081
f        2082        1970        1969
f        2083        1970        2082
f        2083        1971        1970
f        2084        1971        2083
f        2084        1972        1971
f        2085        1972        2084
f        2085        1973        1972
f        2086        1973        2085
f        2086        1974        1973
f        2087        1974        2086
f        2087        1975        1974
f        2088        1975        2087
f        2088        1976        1975
f        2089        1976        2088
f        2089        1977        1976
f        1978        1977        2089
f        1978        1862        1977
f        2090        1979        1978
f        2091        1979        2090
f        2091        1980        1979
f        2092        1980        2091
f        2092        1981        1980
f        2093        1981        2092
f        2093        1982        1981
f        2094        1982        2093
f        2094        1983        1982
f        2095        1983        2094
f        2095        1984        1983
f        2096        1984        2095
f        2096        1985        1984
f        2097        1985        2096
f        2097        1986        1985
f        2098        1986        2097
f        2098        1987        1986
f        2099        1987        2098
f        2099        1988        1987
f        2100        1988        2099
f        2100        1989        1988
f        2101        1989        2100
f        2101        1990        1989
f        2102        1990        2101
f        2102        1991        1990
f        2103        1991        2102
f        2103        1992        1991
f        2104        1992        2103
f        2104        1993        1992
f        2105        1993        2104
f        2105        1994        1993
f        2106        1994        2105
f        2106        1995        1994
f        2107        1995        2106
f        2107        1996        1995
f        2108        1996        2107
f        2108        1997        1996
f        2109        1997        2108
f        2109        1998        1997
f        2110        1998        2109
f        2110        1999        1998
f        2111        1999        2110
f        2111        2000        1999
f        2112        2000        2111
f        2112        2001        2000
f        2113        2001        2112
f        2113        2002        2001
f        2114        2002        2113
f        2114        2003        2002
f        2115        2003        2114
f        2115        2004        2003
f        2116        2004        2115
f        2116        2005        2004
f        2117        2005        2116
f        2117        2006        2005
f        2117        2007        2006
f        2118        2007        2117
f        2118        2008        2007
f        2119        2008        2118
f        2119        2009        2008
f        2120        2009        2119
f        2120        2010        2009
f        2121        2010        2120
f        2121        2011        2010
f        2122        2011        2121
f        2122        2012        2011
f        2123        2012        2122
f        2123        2013        2012
f        2124        2013        2123
f        2124        2014        2013
f        2125        2014        2124
f        2125        2015        2014
f        2126        2015        2125
f        2126        2016        2015
f        2127        2016        2126
f        2127        2017        2016
f        2128        2017        2127
f        2128        2018        2017
f        2129        2018        2128
f        2129        2019        2018
f        2130        2019        2129
f        2130        2020        2019
f        2131        2020        2130
f        2131        2021        2020
f        2132        2021        2131
f        2132        2022        2021
f        2133        2022        2132
f        2133        2023        2022
f        2134        2023        2133
f        2134        2024        2023
f        2135        2024        2134
f        2135        2025        2024
f        2136        2025        2135
f        2136        2026        2025
f        2137        2026        2136
f        2137        2027        2026
f        2138        2027        2137
f        2138        2028        2027
f        2139        2028        2138
f        2139        2029        2028
f        2140        2029        2139
f        2140        2030        2029
f        2141        2030        2140
f        2141        2031        2030
f        2142        2031        2141
f        2142        2032        2031
f        2143        2032        2142
f        2143        2033        2032
f        2144        2033        2143
f        2144        2034        2033
f        2144        2035        2034
f        2145        2035        2144
f        2145        2036        2035
f        2146        2036        2145
f        2146        2037        2036
f        2147        2037        2146
f        2147        2038        2037
f        2148        2038        2147
f        2148        2039        2038
f        2149        2039        2148
f        2149        2040        2039
f        2150        2040        2149
f        2150        2041        2040
f        2151        2041        2150
f        2151        2042        2041
f        2152        2042        2151
f        2152        2043        2042
f        2153        2043        2152
f        2153        2044        2043
f        2154        2044        2153
f        2154        2045        2044
f        2155        2045        2154
f        2155        2046        2045
f        2156        2046        2155
f        2156        2047        2046
f        2157        2047        2156
f        2157        2048        2047
f        2158        2048        2157
f        2158        2049        2048
f        2159        2049        2158
f        2159        2050        2049
f        2160        2050        2159
f        2160        2051        2050
f        2161        2051        2160
f        2161        2052        2051
f        2162        2052        2161
f        2162        2053        2052
f        2163        2053        2162
f        2163        2054        2053
f        2164        2054        2163
f        2164        2055        2054
f        2165        2055        2164
f        2165        2056        2055
f        2166        2056        2165
f        2166        2057        2056
f        2167        2057        2166
f        2167        2058        2057
f        2168        2058        2167
f        2168        2059        2058
f        2169        2059        2168
f        2169        2060        2059
f        2170        2060        2169
f        2170        2061        2060
f        2171        2061        2170
f        2171        2062        2061
f        2171        2063        2062
f        2172        2063        2171
f        2172        2064        2063
f        2173        2064        2172
f        2173        2065        2064
f        2174        2065        2173
f        2174        2066        2065
f        2175        2066        2174
f        2175        2067        2066
f        2176        2067        2175
f        2176        2068        2067
f        2177        2068        2176
f        2177        2069        2068
f        2178        2069        2177
f        2178        2070        2069
f        2179        2070        2178
f        2179        2071        2070
f        2180        2071        2179
f        2180        2072        2071
f        2181        2072        2180
f        2181        2073        2072
f        2182        2073        2181
f        2182        2074        2073
f        2183        2074        2182
f        2183        2075        2074
f        2184        2075        2183
f        2184        2076        2075
f        2185        2076        2184
f        2185        2077        2076
f        2186        2077        2185
f        2186        2078        2077
f        2187        2078        2186
f        2187        2079        2078
f        2188        2079        2187
f        2188        2080        2079
f        2189        2080        2188
f        2189        2081        2080
f        2190        2081        2189
f        2190        2082        2081
f        2191        2082        2190
f        2191        2083        2082
f        2192        2083        2191
f        2192        2084        2083
f        2193        2084        2192
f        2193        2085        2084
f        2194        2085        2193
f        2194        2086        2085
f        2195        2086        2194
f        2195        2087        2086
f        2196        2087        2195
f        2196        2088        2087
f        2197        2088        2196
f        2197        2089        2088
f        2090        2089        2197
f        2090        1978        2089
f        2198        2091        2090
f        2199        2091        2198
f        2199        2092        2091
f        2200        2092        2199
f        2200        2093        2092
f        2201        2093        2200
f        2201        2094        2093
f        2202        2094        2201
f        2202        2095        2094
f        2203        2095        2202
f        2203        2096        2095
f        2204        2096        2203
f        2204        2097        2096
f        2205        2097        2204
f        2205        2098        2097
f        2206        2098        2205
f        2206        2099        2098
f        2207        2099        2206
f        2207        2100        2099
f        2208        2100        2207
f        2208        2101        2100
f        2209        2101        2208
f        2209        2102        2101
f        2210        2102        2209
f        2210        2103        2102
f        2211        2103        2210
f        2211        2104        2103
f        2212        2104        2211
f        2212        2105        2104
f        2213        2105        2212
f        2213        2106        2105
f        2214        2106        2213
f        2214        2107        2106
f        2215        2107        2214
f        2215        2108        2107
f        2216        2108        2215
f        2216        2109        2108
f        2217        2109        2216
f        2217        2110        2109
f        2218        2110        2217
f        2218        2111        2110
f        2219        2111        2218
f        2219        2112        2111
f        2220        2112        2219
f        2220        2113        2112
f        2221        2113        2220
f        2221        2114        2113
f        2222        2114        2221
f        2222        2115        2114
f        2223        2115        2222
f        2223        2116        2115
f        2224        2116        2223
f        2224        2117        2116
f        2224        2118        2117
f        2225        2118        2224
f        2225        2119        2118
f        2226        2119        2225
f        2226        2120        2119
f        2227        2120        2226
f        2227        2121        2120
f        2228        2121        2227
f        2228        2122        2121
f        2229        2122        2228
f        2229        2123        2122
f        2230        2123        2229
f        2230        2124        2123
f        2231        2124        2230
f        2231        2125        2124
f        2232        2125        2231
f        2232        2126        2125
f        2233        2126        2232
f        2233        2127        2126
f        2234        2127        2233
f        2234        2128        2127
f        2235        2128        2234
f        2235        2129        2128
f        2236        2129        2235
f        2236        2130        2129
f        2237        2130        2236
f        2237        2131        2130
f        2238        2131        2237
f        2238        2132        2131
f        2239        2132        2238
f        2239        2133        2132
f        2240        2133        2239
f        2240        2134        2133
f        2241        2134        2240
f        2241        2135        2134
f        2242        2135        2241
f        2242        2136        2135
f        2243        2136        2242
f        2243        2137        2136
f        2244        2137        2243
f        2244        2138        2137
f        2245        2138        2244
f        2245        2139        2138
f        2246        2139        2245
f        2246        2140        2139
f        2247        2140        2246
f        2247        2141        2140
f        2248        2141        2247
f        2248        2142        2141
f        2249        2142        2248
f        2249        2143        2142
f        2250        2143        2249
f        2250        2144        2143
f        2250        2145        2144
f        2251        2145        2250
f        2251        2146        2145
f        2252        2146        2251
f        2252        2147        2146
f        2253        2147        2252
f        2253        2148        2147
f        2254        2148        2253
f        2254        2149        2148
f        2255        2149        2254
f        2255        2150        2149
f        2256        2150        2255
f        2256        2151        2150
f        2257        2151        2256
f        2257        2152        2151
f        2258        2152        2257
f        2258        2153        2152
f        2259        2153        2258
f        2259        2154        2153
f        2260        2154        2259
f        2260        2155        2154
f        2261        2155        2260
f        2261        2156        2155
f        2262        2156        2261
f        2262        2157        2156
f        2263        2157        2262
f        2263        2158        2157
f        2264        2158        2263
f        2264        2159        2158
f        2265        2159        2264
f        2265        2160        2159
f        2266        2160        2265
f        2266        2161        2160
f        2267        2161        2266
f        2267        2162        2161
f        2268        2162        2267
f        2268        2163        2162
f        2269        2163        2268
f        2269        2164        2163
f        2270        2164        2269
f        2270        2165        2164
f        2271        2165        2270
f        2271        2166        2165
f        2272        2166        2271
f        2272        2167        2166
f        2273        2167        2272
f        2273        2168        2167
f        2274        2168        2273
f        2274        2169        2168
f        2275        2169        2274
f        2275        2170        2169
f        2276        2170        2275
f        2276        2171        2170
f        2276        2172        2171
f        2277        2172        2276
f        2277        2173        2172
f        2278        2173        2277
f        2278        2174        2173
f        2279        2174        2278
f        2279        2175        2174
f        2280        2175        2279
f        2280        2176        2175
f        2281        2176        2280
f        2281        2177        2176
f        2282        2177        2281
f        2282        2178        2177
f        2283        2178        2282
f        2283        2179        2178
f        2284        2179        2283
f        2284        2180        2179
f        2285        2180        2284
f        2285        2181        2180
f        2286        2181        2285
f        2286        2182        2181
f        2287        2182        2286
f        2287        2183        2182
f        2288        2183        2287
f        2288        2184        2183
f        2289        2184        2288
f        2289        2185        2184
f        2290        2185        2289
f        2290        2186        2185
f        2291        2186        2290
f        2291        2187        2186
f        2292        2187        2291
f        2292        2188        2187
f        2293        2188        2292
f        2293        2189        2188
f        2294        2189        2293
f        2294        2190        2189
f        2295        2190        2294
f        2295        2191        2190
f        2296        2191        2295
f        2296        2192        2191
f        2297        2192        2296
f        2297        2193        2192
f        2298        2193        2297
f        2298        2194        2193
f        2299        2194        2298
f        2299        2195        2194
f        2300        2195        2299
f        2300        2196        2195
f        2301        2196        2300
f        2301        2197        2196
f        2198        2197        2301
f        2198        2090        2197
f        2302        2199        2198
f        2303        2199        2302
f        2303        2200        2199
f        2304        2200        2303
f        2304        2201        2200
f        2305        2201        2304
f        2305        2202        2201
f        2306        2202        2305
f        2306        2203        2202
f        2307        2203        2306
f        2307        2204        2203
f        2308        2204        2307
f        2308        2205        2204
f        2309        2205        2308
f        2309        2206        2205
f        2310        2206        2309
f        2310        2207        2206
f        2311        2207        2310
f        2311        2208        2207
f        2312        2208        2311
f        2312        2209        2208
f        2313        2209        2312
f        2313        2210        2209
f        2314        2210        2313
f        2314        2211        2210
f        2315        2211        2314
f        2315        2212        2211
f        2316        2212        2315
f        2316        2213        2212
f        2317        2213        2316
f        2317        2214        2213
f        2318        2214        2317
f        2318        2215        2214
f        2319        2215        2318
f        2319        2216        2215
f        2320        2216        2319
f        2320        2217        2216
f        2321        2217        2320
f        2321        2218        2217
f        2322        2218        2321
f        2322        2219        2218
f        2323        2219        2322
f        2323        2220        2219
f        2324        2220        2323
f        2324        2221        2220
f        2325        2221        2324
f        2325        2222        2221
f        2326        2222        2325
f        2326        2223        2222
f        2327        2223        2326
f        2327        2224        2223
f        2327        2225        2224
f        2328        2225        2327
f        2328        2226        2225
f        2329        2226        2328
f        2329        2227        2226
f        2330        2227        2329
f        2330        2228        2227
f        2331        2228        2330
f        2331        2229        2228
f        2332        2229        2331
f        2332        2230        2229
f        2333        2230        2332
f        2333        2231        2230
f        2334        2231        2333
f        2334        2232        2231
f        2335        2232        2334
f        2335        2233        2232
f        2336        2233        2335
f        2336        2234        2233
f        2337        2234        2336
f        2337        2235        2234
f        2338        2235        2337
f        2338        2236        2235
f        2339        2236        2338
f        2339        2237        2236
f        2340        2237        2339
f        2340        2238        2237
f        2341        2238        2340
f        2341        2239        2238
f        2342        2239        2341
f        2342        2240        2239
f        2343        2240        2342
f        2343        2241        2240
f        2344        2241        2343
f        2344        2242        2241
f        2345        2242        2344
f        2345        2243        2242
f        2346        2243        2345
f        2346        2244        2243
f        2347        2244        2346
f        2347        2245        2244
f        2348        2245        2347
f        2348        2246        2245
f        2349        2246        2348
f        2349        2247        2246
f        2350        2247        2349
f        2350        2248        2247
f        2351        2248        2350
f        2351        2249        2248
f        2352        2249        2351
f        2352        2250        2249
f        2352        2251        2250
f        2353        2251        2352
f        2353        2252        2251
f        2354        2252        2353
f        2354        2253        2252
f        2355        2253        2354
f        2355        2254        2253
f        2356        2254        2355
f        2356        2255        2254
f        2357        2255        2356
f        2357        2256        2255
f        2358        2256        2357
f        2358        2257        2256
f        2359        2257        2358
f        2359        2258        2257
f        2360        2258        2359
f        2360        2259        2258
f        2361        2259        2360
f        2361        2260        2259
f        2362        2260        2361
f        2362        2261        2260
f        2363        2261        2362
f        2363        2262        2261
f        2364        2262        2363
f        2364        2263        2262
f        2365        2263        2364
f        2365        2264        2263
f        2366        2264        2365
f        2366        2265        2264
f        2367        2265        2366
f        2367        2266        2265
f        2368        2266        2367
f        2368        2267        2266
f        2369        2267        2368
f        2369        2268        2267
f        2370        2268        2369
f        2370        2269        2268
f        2371        2269        2370
f        2371        2270        2269
f        2372        2270        2371
f        2372        2271        2270
f        2373        2271        2372
f        2373        2272        2271
f        2374        2272        2373
f        2374        2273        2272
f        2375        2273        2374
f        2375        2274        2273
f        2376        2274        2375
f        2376        2275        2274
f        2377        2275        2376
f        2377        2276        2275
f        2377        2277        2276
f        2378        2277        2377
f        2378        2278        2277
f        2379        2278        2378
f        2379        2279        2278
f        2380        2279        2379
f        2380        2280        2279
f        2381        2280        2380
f        2381        2281        2280
f        2382        2281        2381
f        2382        2282        2281
f        2383        2282        2382
f        2383        2283        2282
f        2384        2283        2383
f        2384        2284        2283
f        2385        2284        2384
f        2385        2285        2284
f        2386        2285        2385
f        2386        2286        2285
f        2387        2286        2386
f        2387        2287        2286
f        2388        2287        2387
f        2388        2288        2287
f        2389        2288        2388
f        2389        2289        2288
f        2390        2289        2389
f        2390        2290        2289
f        2391        2290        2390
f        2391        2291        2290
f        2392        2291        2391
f        2392        2292        2291
f        2393        2292        2392
f        2393        2293        2292
f        2394        2293        2393
f        2394        2294        2293
f        2395        2294        2394
f        2395        2295        2294
f        2396        2295        2395
f        2396        2296        2295
f        2397        2296        2396
f        2397        2297        2296
f        2398        2297        2397
f        2398        2298        2297
f        2399        2298        2398
f        2399        2299        2298
f        2400        2299        2399
f        2400        2300        2299
f        2401        2300        2400
f        2401        2301        2300
f        2302        2301        2401
f        2302        2198        2301
f        2402        2303        2302
f        2403        2303        2402
f        2403        2304        2303
f        2404        2304        2403
f        2404        2305        2304
f        2405        2305        2404
f        2405        2306        2305
f        2406        2306        2405
f        2406        2307        2306
f        2407        2307        2406
f        2407        2308        2307
f        2408        2308        2407
f        2408        2309        2308
f        2409        2309        2408
f        2409        2310        2309
f        2410        2310        2409
f        2410        2311        2310
f        2411        2311        2410
f        2411        2312        2311
f        2412        2312        2411
f        2412        2313        2312
f        2413        2313        2412
f        2413        2314        2313
f        2414        2314        2413
f        2414        2315        2314
f        2415        2315        2414
f        2415        2316        2315
f        2416        2316        2415
f        2416        2317        2316
f        2417        2317        2416
f        2417        2318        2317
f        2418        2318        2417
f        2418        2319        2318
f        2419        2319        2418
f        2419        2320        2319
f        2420        2320        2419
f        2420        2321        2320
f        2421        2321        2420
f        2421        2322        2321
f        2422        2322        2421
f        2422        2323        2322
f        2423        2323        2422
f        2423        2324        2323
f        2424        2324        2423
f        2424        2325        2324
f        2425        2325        2424
f        2425        2326        2325
f        2426        2326        2425
f        2426        2327        2326
f        2426        2328        2327
f        2427        2328        2426
f        2427        2329        2328
f        2428        2329        2427
f        2428        2330        2329
f        2429        2330        2428
f        2429        2331        2330
f        2430        2331        2429
f        2430        2332        2331
f        2431        2332        2430
f        2431        2333        2332
f        2432        2333        2431
f        2432        2334        2333
f        2433        2334        2432
f        2433        2335        2334
f        2434        2335        2433
f        2434        2336        2335
f        2435        2336        2434
f        2435        2337        2336
f        2436        2337        2435
f        2436        2338        2337
f        2437        2338        2436
f        2437        2339        2338
f        2438        2339        2437
f        2438        2340        2339
f        2439        2340        2438
f        2439        2341        2340
f        2440        2341        2439
f        2440        2342        2341
f        2441        2342        2440
f        2441        2343        2342
f        2442        2343        2441
f        2442        2344        2343
f        2443        2344        2442
f        2443        2345        2344
f        2444        2345        2443
f        2444        2346        2345
f        2445        2346        2444
f        2445        2347        2346
f        2446        2347        2445
f        2446        2348        2347
f        2447        2348        2446
f        2447        2349        2348
f        2448        2349        2447
f        2448        2350        2349
f        2449        2350        2448
f        2449        2351        2350
f        2450        2351        2449
f        2450        2352        2351
f        2450        2353        2352
f        2451        2353        2450
f        2451        2354        2353
f        2452        2354        2451
f        2452        2355        2354
f        2453        2355        2452
f        2453        2356        2355
f        2454        2356        2453
f        2454        2357        2356
f        2455        2357        2454
f        2455        2358        2357
f        2456        2358        2455
f        2456        2359        2358
f        2457        2359        2456
f        2457        2360        2359
f        2458        2360        2457
f        2458        2361        2360
f        2459        2361        2458
f        2459        2362        2361
f        2460        2362        2459
f        2460        2363        2362
f        2461        2363        2460
f        2461        2364        2363
f        2462        2364        2461
f        2462        2365        2364
f        2463        2365        2462
f        2463        2366        2365
f        2464        2366        2463
f        2464        2367        2366
f        2465        2367        2464
f        2465        2368        2367
f        2466        2368        2465
f        2466        2369        2368
f        2467        2369        2466
f        2467        2370        2369
f        2468        2370        2467
f        2468        2371        2370
f        2469        2371        2468
f        2469        2372        2371
f        2470        2372        2469
f        2470        2373        2372
f        2471        2373        2470
f        2471        2374        2373
f        2472        2374        2471
f        2472        2375        2374
f        2473        2375        2472
f        2473        2376        2375
f        2474        2376        2473
f        2474        2377        2376
f        2474        2378        2377
f        2475        2378        2474
f        2475        2379        2378
f        2476        2379        2475
f        2476        2380        2379
f        2477        2380        2476
f        2477        2381        2380
f        2478        2381        2477
f        2478        2382        2381
f        2479        2382        2478
f        2479        2383        2382
f        2480        2383        2479
f        2480        2384        2383
f        2481        2384        2480
f        2481        2385        2384
f        2482        2385        2481
f        2482        2386        2385
f        2483        2386        2482
f        2483        2387        2386
f        2484        2387        2483
f        2484        2388        2387
f        2485        2388        2484
f        2485        2389        2388
f        2486        2389        2485
f        2486        2390        2389
f        2487        2390        2486
f        2487        2391        2390
f        2488        2391        2487
f        2488        2392        2391
f        2489        2392        2488
f        2489        2393        2392
f        2490        2393        2489
f        2490        2394        2393
f        2491        2394        2490
f        2491        2395        2394
f        2492        2395        2491
f        2492        2396        2395
f        2493        2396        2492
f        2493        2397        2396
f        2494        2397        2493
f        2494        2398        2397
f        2495        2398        2494
f        2495        2399        2398
f        2496        2399        2495
f        2496        2400        2399
f        2497        2400        2496
f        2497        2401        2400
f        2402        2401        2497
f        2402        2302        2401
f        2498        2403        2402
f        2499        2403        2498
f        2499        2404        2403
f        2500        2404        2499
f        2500        2405        2404
f        2501        2405        2500
f        2501        2406        2405
f        2502        2406        2501
f        2502        2407        2406
f        2503        2407        2502
f        2503        2408        2407
f        2504        2408        2503
f        2504        2409        2408
f        2505        2409        2504
f        2505        2410        2409
f        2506        2410        2505
f        2506        2411        2410
f        2507        2411        2506
f        2507        2412        2411
f        2508        2412        2507
f        2508        2413        2412
f        2509        2413        2508
f        2509        2414        2413
f        2510        2414        2509
f        2510        2415        2414
f        2511        2415        2510
f        2511        2416        2415
f        2512        2416        2511
f        2512        2417        2416
f        2513        2417        2512
f        2513        2418        2417
f        2514        2418        2513
f        2514        2419        2418
f        2515        2419        2514
f        2515        2420        2419
f        2516        2420        2515
f        2516        2421        2420
f        2517        2421        2516
f        2517        2422        2421
f        2518        2422        2517
f        2518        2423        2422
f        2519        2423        2518
f        2519        2424        2423
f        2520        2424        2519
f        2520        2425        2424
f        2521        2425        2520
f        2521        2426        2425
f        2521        2427        2426
f        2522        2427        2521
f        2522        2428        2427
f        2523        2428        2522
f        2523        2429        2428
f        2524        2429        2523
f        2524        2430        2429
f        2525        2430        2524
f        2525        2431        2430
f        2526        2431        2525
f        2526        2432        2431
f        2527        2432        2526
f        2527        2433        2432
f        2528        2433        2527
f        2528        2434        2433
f        2529        2434        2528
f        2529        2435        2434
f        2530        2435        2529
f        2530        2436        2435
f        2531        2436        2530
f        2531        2437        2436
f        2532        2437        2531
f        2532        2438        2437
f        2533        2438        2532
f        2533        2439        2438
f        2534        2439        2533
f        2534        2440        2439
f        2535        2440        2534
f        2535        2441        2440
f        2536        2441        2535
f        2536        2442        2441
f        2537        2442        2536
f        2537        2443        2442
f        2538        2443        2537
f        2538        2444        2443
f        2539        2444        2538
f        2539        2445        2444
f        2540        2445        2539
f        2540        2446        2445
f        2541        2446        2540
f        2541        2447        2446
f        2542        2447        2541
f        2542        2448        2447
f        2543        2448        2542
f        2543        2449        2448
f        2544        2449        2543
f        2544        2450        2449
f        2544        2451        2450
f        2545        2451        2544
f        2545        2452        2451
f        2546        2452        2545
f        2546        2453        2452
f        2547        2453        2546
f        2547        2454        2453
f        2548        2454        2547
f        2548        2455        2454
f        2549        2455        2548
f        2549        2456        2455
f        2550        2456        2549
f        2550        2457        2456
f        2551        2457        2550
f        2551        2458        2457
f        2552        2458        2551
f        2552        2459        2458
f        2553        2459        2552
f        2553        2460        2459
f        2554        2460        2553
f        2554        2461        2460
f        2555        2461        2554
f        2555        2462        2461
f        2556        2462        2555
f        2556        2463        2462
f        2557        2463        2556
f        2557        2464        2463
f        2558        2464        2557
f        2558        2465        2464
f        2559        2465        2558
f        2559        2466        2465
f        2560        2466        2559
f        2560        2467        2466
f        2561        2467        2560
f        2561        2468        2467
f        2562        2468        2561
f        2562        2469        2468
f        2563        2469        2562
f        2563        2470        2469
f        2564        2470        2563
f        2564        2471        2470
f        2565        2471        2564
f        2565        2472        2471
f        2566        2472        2565
f        2566        2473        2472
f        2567        2473        2566
f        2567        2474        2473
f        2567        2475        2474
f        2568        2475        2567
f        2568        2476        2475
f        2569        2476        2568
f        2569        2477        2476
f        2570        2477        2569
f        2570        2478        2477
f        2571        2478        2570
f        2571        2479        2478
f        2572        2479        2571
f        2572        2480        2479
f        2573        2480        2572
f        2573        2481        2480
f        2574        2481        2573
f        2574        2482        2481
f        2575        2482        2574
f        2575        2483        2482
f        2576        2483        2575
f        2576        2484        2483
f        2577        2484        2576
f        2577        2485        2484
f        2578        2485        2577
f        2578        2486        2485
f        2579        2486        2578
f        2579        2487        2486
f        2580        2487        2579
f        2580        2488        2487
f        2581        2488        2580
f        2581        2489        2488
f        2582        2489        2581
f        2582        2490        2489
f        2583        2490        2582
f        2583        2491        2490
f        2584        2491        2583
f        2584        2492        2491
f        2585        2492        2584
f        2585        2493        2492
f        2586        2493        2585
f        2586        2494        2493
f        2587        2494        2586
f        2587        2495        2494
f        2588        2495        2587
f        2588        2496        2495
f        2589        2496        2588
f        2589        2497        2496
f        2498        2497        2589
f        2498        2402        2497
f        2590        2499        2498
f        2591        2499        2590
f        2591        2500        2499
f        2592        2500        2591
f        2592        2501        2500
f        2593        2501        2592
f        2593        2502        2501
f        2594        2502        2593
f        2594        2503        2502
f        2595        2503        2594
f        2595        2504        2503
f        2596        2504        2595
f        2596        2505        2504
f        2597        2505        2596
f        2597        2506        2505
f        2598        2506        2597
f        2598        2507        2506
f        2599        2507        2598
f        2599        2508        2507
f        2600        2508        2599
f        2600        2509        2508
f        2601        2509        2600
f        2601        2510        2509
f        2602        2510        2601
f        2602        2511        2510
f        2603        2511        2602
f        2603        2512        2511
f        2604        2512        2603
f        2604        2513        2512
f        2605        2513        2604
f        2605        2514        2513
f        2606        2514        2605
f        2606        2515        2514
f        2607        2515        2606
f        2607        2516        2515
f        2608        2516        2607
f        2608        2517        2516
f        2609        2517        2608
f        2609        2518        2517
f        2610        2518        2609
f        2610        2519        2518
f        2611        2519        2610
f        2611        2520        2519
f        2612        2520        2611
f        2612        2521        2520
f        2612        2522        2521
f        2613        2522        2612
f        2613        2523        2522
f        2614        2523        2613
f        2614        2524        2523
f        2615        2524        2614
f        2615        2525        2524
f        2616        2525        2615
f        2616        2526        2525
f        2617        2526        2616
f        2617        2527        2526
f        2618        2527        2617
f        2618        2528        2527
f        2619        2528        2618
f        2619        2529        2528
f        2620        2529        2619
f        2620        2530        2529
f        2621        2530        2620
f        2621        2531        2530
f        2622        2531        2621
f        2622        2532        2531
f        2623        2532        2622
f        2623        2533        2532
f        2624        2533        2623
f        2624        2534        2533
f        2625        2534        2624
f        2625        2535        2534
f        2626        2535        2625
f        2626        2536        2535
f        2627        2536        2626
f        2627        2537        2536
f        2628        2537        2627
f        2628        2538        2537
f        2629        2538        2628
f        2629        2539        2538
f        2630        2539        2629
f        2630        2540        2539
f        2631        2540        2630
f        2631        2541        2540
f        2632        2541        2631
f        2632        2542        2541
f        2633        2542        2632
f        2633        2543        2542
f        2634        2543        2633
f        2634        2544        2543
f        2634        2545        2544
f        2635        2545        2634
f        2635        2546        2545
f        2636        2546        2635
f        2636        2547        2546
f        2637        2547        2636
f        2637        2548        2547
f        2638        2548        2637
f        2638        2549        2548
f        2639        2549        2638
f        2639        2550        2549
f        2640        2550        2639
f        2640        2551        2550
f        2641        2551        2640
f        2641        2552        2551
f        2642        2552        2641
f        2642        2553        2552
f        2643        2553        2642
f        2643        2554        2553
f        2644        2554        2643
f        2644        2555        2554
f        2645        2555        2644
f        2645        2556        2555
f        2646        2556        2645
f        2646        2557        2556
f        2647        2557        2646
f        2647        2558        2557
f        2648        2558        2647
f        2648        2559        2558
f        2649        2559        2648
f        2649        2560        2559
f        2650        2560        2649
f        2650        2561        2560
f        2651        2561        2650
f        2651        2562        2561
f        2652        2562        2651
f        2652        2563        2562
f        2653        2563        2652
f        2653        2564        2563
f        2654        2564        2653
f        2654        2565        2564
f        2655        2565        2654
f        2655        2566        2565
f        2656        2566        2655
f        2656        2567        2566
f        2656        2568        2567
f        2657        2568        2656
f        2657        2569        2568
f        2658        2569        2657
f        2658        2570        2569
f        2659        2570        2658
f        2659        2571        2570
f        2660        2571        2659
f        2660        2572        2571
f        2661        2572        2660
f        2661        2573        2572
f        2662        2573        2661
f        2662        2574        2573
f        2663        2574        2662
f        2663        2575        2574
f        2664        2575        2663
f        2664        2576        2575
f        2665        2576        2664
f        2665        2577        2576
f        2666        2577        2665
f        2666        2578        2577
f        2667        2578        2666
f        2667        2579        2578
f        2668        2579        2667
f        2668        2580        2579
f        2669        2580        2668
f        2669        2581        2580
f        2670        2581        2669
f        2670        2582        2581
f        2671        2582        2670
f        2671        2583        2582
f        2672        2583        2671
f        2672        2584        2583
f        2673        2584        2672
f        2673        2585        2584
f        2674        2585        2673
f        2674        2586        2585
f        2675        2586        2674
f        2675        2587        2586
f        2676        2587        2675
f        2676        2588        2587
f        2677        2588        2676
f        2677        2589        2588
f        2590        2589        2677
f        2590        2498        2589
f        2678        2591        2590
f        2679        2591        2678
f        2679        2592        2591
f        2680        2592        2679
f        2680        2593        2592
f        2681        2593        2680
f        2681        2594        2593
f        2682        2594        2681
f        2682        2595        2594
f        2683        2595        2682
f        2683        2596        2595
f        2684        2596        2683
f        2684        2597        2596
f        2685        2597        2684
f        2685        2598        2597
f        2686        2598        2685
f        2686        2599        2598
f        2687        2599        2686
f        2687        2600        2599
f        2688        2600        2687
f        2688        2601        2600
f        2689        2601        2688
f        2689        2602        2601
f        2690        2602        2689
f        2690        2603        2602
f        2691        2603        2690
f        2691        2604        2603
f        2692        2604        2691
f        2692        2605        2604
f        2693        2605        2692
f        2693        2606        2605
f        2694        2606        2693
f        2694        2607        2606
f        2695        2607        2694
f        2695        2608        2607
f        2696        2608        2695
f        2696        2609        2608
f        2697        2609        2696
f        2697        2610        2609
f        2698        2610        2697
f        2698        2611        2610
f        2699        2611        2698
f        2699        2612        2611
f        2699        2613        2612
f        2700        2613        2699
f        2700        2614        2613
f        2701        2614        2700
f        2701        2615        2614
f        2702        2615        2701
f        2702        2616        2615
f        2703        2616        2702
f        2703        2617        2616
f        2704        2617        2703
f        2704        2618        2617
f        2705        2618        2704
f        2705        2619        2618
f        2706        2619        2705
f        2706        2620        2619
f        2707        2620        2706
f        2707        2621        2620
f        2708        2621        2707
f        2708        2622        2621
f        2709        2622        2708
f        2709        2623        2622
f        2710        2623        2709
f        2710        2624        2623
f        2711        2624        2710
f        2711        2625        2624
f        2712        2625        2711
f        2712        2626        2625
f        2713        2626        2712
f        2713        2627        2626
f        2714        2627        2713
f        2714        2628        2627
f        2715        2628        2714
f        2715        2629        2628
f        2716        2629        2715
f        2716        2630        2629
f        2717        2630        2716
f        2717        2631        2630
f        2718        2631        2717
f        2718        2632        2631
f        2719        2632        2718
f        2719        2633        2632
f        2720        2633        2719
f        2720        2634        2633
f        2720        2635        2634
f        2721        2635        2720
f        2721        2636        2635
f        2722        2636        2721
f        2722        2637        2636
f        2723        2637        2722
f        2723        2638        2637
f        2724        2638        2723
f        2724        2639        2638
f        2725        2639        2724
f        2725        2640        2639
f        2726        2640        2725
f        2726        2641        2640
f        2727        2641        2726
f        2727        2642        2641
f        2728        2642        2727
f        2728        2643        2642
f        2729        2643        2728
f        2729        2644        2643
f        2730        2644        2729
f        2730        2645        2644
f        2731        2645        2730
f        2731        2646        2645
f        2732        2646        2731
f        2732        2647        2646
f        2733        2647        2732
f        2733        2648        2647
f        2734        2648        2733
f        2734        2649        2648
f        2735        2649        2734
f        2735        2650        2649
f        2736        2650        2735
f        2736        2651        2650
f        2737        2651        2736
f        2737        2652        2651
f        2738        2652        2737
f        2738        2653        2652
f        2739        2653        2738
f        2739        2654        2653
f        2740        2654        2739
f        2740        2655        2654
f        2741        2655        2740
f        2741        2656        2655
f        2741        2657        2656
f        2742        2657        2741
f        2742        2658        2657
f        2743        2658        2742
f        2743        2659        2658
f        2744        2659        2743
f        2744        2660        2659
f        2745        2660        2744
f        2745        2661        2660
f        2746        2661        2745
f        2746        2662        2661
f        2747        2662        2746
f        2747        2663        2662
f        2748        2663        2747
f        2748        2664        2663
f        2749        2664        2748
f        2749        2665        2664
f        2750        2665        2749
f        2750        2666        2665
f        2751        2666        2750
f        2751        2667        2666
f        2752        2667        2751
f        2752        2668        2667
f        2753        2668        2752
f        2753        2669        2668
f        2754        2669        2753
f        2754        2670        2669
f        2755        2670        2754
f        2755        2671        2670
f        2756        2671        2755
f        2756        2672        2671
f        2757        2672        2756
f        2757        2673        2672
f        2758        2673        2757
f        2758        2674        2673
f        2759        2674        2758
f        2759        2675        2674
f        2760        2675        2759
f        2760        2676        2675
f        2761        2676        2760
f        2761        2677        2676
f        2678        2677        2761
f        2678        2590        2677
f        2762        2679        2678
f        2763        2679        2762
f        2763        2680        2679
f        2764        2680        2763
f        2764        2681        2680
f        2765        2681        2764
f        2765        2682        2681
f        2766        2682        2765
f        2766        2683        2682
f        2767        2683        2766
f        2767        2684        2683
f        2768        2684        2767
f        2768        2685        2684
f        2769        2685        2768
f        2769        2686        2685
f        2770        2686        2769
f        2770        2687        2686
f        2771        2687        2770
f        2771        2688        2687
f        2772        2688        2771
f        2772        2689        2688
f        2773        2689        2772
f        2773        2690        2689
f        2774        2690        2773
f        2774        2691        2690
f        2775        2691        2774
f        2775        2692        2691
f        2776        2692        2775
f        2776        2693        2692
f        2777        2693        2776
f        2777        2694        2693
f        2778        2694        2777
f        2778        2695        2694
f        2779        2695        2778
f        2779        2696        2695
f        2780        2696        2779
f        2780        2697        2696
f        2781        2697        2780
f        2781        2698        2697
f        2782        2698        2781
f        2782        2699        2698
f        2782        2700        2699
f        2783        2700        2782
f        2783        2701        2700
f        2784        2701        2783
f        2784        2702        2701
f        2785        2702        2784
f        2785        2703        2702
f        2786        2703        2785
f        2786        2704        2703
f        2787        2704        2786
f        2787        2705        2704
f        2788        2705        2787
f        2788        2706        2705
f        2789        2706        2788
f        2789        2707        2706
f        2790        2707        2789
f        2790        2708        2707
f        2791        2708        2790
f        2791        2709        2708
f        2792        2709        2791
f        2792        2710        2709
f        2793        2710        2792
f        2793        2711        2710
f        2794        2711        2793
f        2794        2712        2711
f        2795        2712        2794
f        2795        2713        2712
f        2796        2713        2795
f        2796        2714        2713
f        2797        2714        2796
f        2797        2715        2714
f        2798        2715        2797
f        2798        2716        2715
f        2799        2716        2798
f        2799        2717        2716
f        2800        2717        2799
f        2800        2718        2717
f        2801        2718        2800
f        2801        2719        2718
f        2802        2719        2801
f        2802        2720        2719
f        2802        2721        2720
f        2803        2721        2802
f        2803        2722        2721
f        2804        2722        2803
f        2804        2723        2722
f        2805        2723        2804
f        2805        2724        2723
f        2806        2724        2805
f        2806        2725        2724
f        2807        2725        2806
f        2807        2726        2725
f        2808        2726        2807
f        2808        2727        2726
f        2809        2727        2808
f        2809        2728        2727
f        2810        2728        2809
f        2810        2729        2728
f        2811        2729        2810
f        2811        2730        2729
f        2812        2730        2811
f        2812        2731        2730
f        2813        2731        2812
f        2813        2732        2731
f        2814        2732        2813
f        2814        2733        2732
f        2815        2733        2814
f        2815        2734        2733
f        2816        2734        2815
f        2816        2735        2734
f        2817        2735        2816
f        2817        2736        2735
f        2818        2736        2817
f        2818        2737        2736
f        2819        2737        2818
f        2819        2738        2737
f        2820        2738        2819
f        2820        2739        2738
f        2821        2739        2820
f        2821        2740        2739
f        2822        2740        2821
f        2822        2741        2740
f        2822        2742        2741
f        2823        2742        2822
f        2823        2743        2742
f        2824        2743        2823
f        2824        2744        2743
f        2825        2744        2824
f        2825        2745        2744
f        2826        2745        2825
f        2826        2746        2745
f        2827        2746        2826
f        2827        2747        2746
f        2828        2747        2827
f        2828        2748        2747
f        2829        2748        2828
f        2829        2749        2748
f        2830        2749        2829
f        2830        2750        2749
f        2831        2750        2830
f        2831        2751        2750
f        2832        2751        2831
f        2832        2752        2751
f        2833        2752        2832
f        2833        2753        2752
f        2834        2753        2833
f        2834        2754        2753
f        2835        2754        2834
f        2835        2755        2754
f        2836        2755        2835
f        2836        2756        2755
f        2837        2756        2836
f        2837        2757        2756
f        2838        2757        2837
f        2838        2758        2757
f        2839        2758        2838
f        2839        2759        2758
f        2840        2759        2839
f        2840        2760        2759
f        2841        2760        2840
f        2841        2761        2760
f        2762        2761        2841
f        2762        2678        2761
f        2842        2763        2762
f        2843        2763        2842
f        2843        2764        2763
f        2844        2764        2843
f        2844        2765        2764
f        2845        2765        2844
f        2845        2766        2765
f        2846        2766        2845
f        2846        2767        2766
f        2847        2767        2846
f        2847        2768        2767
f        2848        2768        2847
f        2848        2769        2768
f        2849        2769        2848
f        2849        2770        2769
f        2850        2770        2849
f        2850        2771        2770
f        2851        2771        2850
f        2851        2772        2771
f        2852        2772        2851
f        2852        2773        2772
f        2853        2773        2852
f        2853        2774        2773
f        2854        2774        2853
f        2854        2775        2774
f        2855        2775        2854
f        2855        2776        2775
f        2856        2776        2855
f        2856        2777        2776
f        2857        2777        2856
f        2857        2778        2777
f        2858        2778        2857
f        2858        2779        2778
f        2859        2779        2858
f        2859        2780        2779
f        2860        2780        2859
f        2860        2781        2780
f        2861        2781        2860
f        2861        2782        2781
f        2861        2783        2782
f        2862        2783        2861
f        2862        2784        2783
f        2863        2784        2862
f        2863        2785        2784
f        2864        2785        2863
f        2864        2786        2785
f        2865        2786        2864
f        2865        2787        2786
f        2866        2787        2865
f        2866        2788        2787
f        2867        2788        2866
f        2867        2789        2788
f        2868        2789        2867
f        2868        2790        2789
f        2869        2790        2868
f        2869        2791        2790
f        2870        2791        2869
f        2870        2792        2791
f        2871        2792        2870
f        2871        2793        2792
f        2872        2793        2871
f        2872        2794        2793
f        2873        2794        2872
f        2873        2795        2794
f        2874        2795        2873
f        2874        2796        2795
f        2875        2796        2874
f        2875        2797        2796
f        2876        2797        2875
f        2876        2798        2797
f        2877        2798        2876
f        2877        2799        2798
f        2878        2799        2877
f        2878        2800        2799
f        2879        2800        2878
f        2879        2801        2800
f        2880        2801        2879
f        2880        2802        2801
f        2880        2803        2802
f        2881        2803        2880
f        2881        2804        2803
f        2882        2804        2881
f        2882        2805        2804
f        2883        2805        2882
f        2883        2806        2805
f        2884        2806        2883
f        2884        2807        2806
f        2885        2807        2884
f        2885        2808        2807
f        2886        2808        2885
f        2886        2809        2808
f        2887        2809        2886
f        2887        2810        2809
f        2888        2810        2887
f        2888        2811        2810
f        2889        2811        2888
f        2889        2812        2811
f        2890        2812        2889
f        2890        2813        2812
f        2891        2813        2890
f        2891        2814        2813
f        2892        2814        2891
f        2892        2815        2814
f        2893        2815        2892
f        2893        2816        2815
f        2894        2816        2893
f        2894        2817        2816
f        2895        2817        2894
f        2895        2818        2817
f        2896        2818        2895
f        2896        2819        2818
f        2897        2819        2896
f        2897        2820        2819
f        2898        2820        2897
f        2898        2821        2820
f        2899        2821        2898
f        2899        2822        2821
f        2899        2823        2822
f        2900        2823        2899
f        2900        2824        2823
f        2901        2824        2900
f        2901        2825        2824
f        2902        2825        2901
f        2902        2826        2825
f        2903        2826        2902
f        2903        2827        2826
f        2904        2827        2903
f        2904        2828        2827
f        2905        2828        2904
f        2905        2829        2828
f        2906        2829        2905
f        2906        2830        2829
f        2907        2830        2906
f        2907        2831        2830
f        2908        2831        2907
f        2908        2832        2831
f        2909        2832        2908
f        2909        2833        2832
f        2910        2833        2909
f        2910        2834        2833
f        2911        2834        2910
f        2911        2835        2834
f        2912        2835        2911
f        2912        2836        2835
f        2913        2836        2912
f        2913        2837        2836
f        2914        2837        2913
f        2914        2838        2837
f        2915        2838        2914
f        2915        2839        2838
f        2916        2839        2915
f        2916        2840        2839
f        2917        2840        2916
f        2917        2841        2840
f        2842        2841        2917
f        2842        2762        2841
f        2918        2843        2842
f        2919        2843        2918
f        2919        2844        2843
f        2920        2844        2919
f        2920        2845        2844
f        2921        2845        2920
f        2921        2846        2845
f        2922        2846        2921
f        2922        2847        2846
f        2923        2847        2922
f        2923        2848        2847
f        2924        2848        2923
f        2924        2849        2848
f        2925        2849        2924
f        2925        2850        2849
f        2926        2850        2925
f        2926        2851        2850
f        2927        2851        2926
f        2927        2852        2851
f        2928        2852        2927
f        2928        2853        2852
f        2929        2853        2928
f        2929        2854        2853
f        2930        2854        2929
f        2930        2855        2854
f        2931        2855        2930
f        2931        2856        2855
f        2932        2856        2931
f        2932        2857        2856
f        2933        2857        2932
f        2933        2858        2857
f        2934        2858        2933
f        2934        2859        2858
f        2935        2859        2934
f        2935        2860        2859
f        2936        2860        2935
f        2936        2861        2860
f        2936        2862        2861
f        2937        2862        2936
f        2937        2863        2862
f        2938        2863        2937
f        2938        2864        2863
f        2939        2864        2938
f        2939        2865        2864
f        2940        2865        2939
f        2940        2866        2865
f        2941        2866        2940
f        2941        2867        2866
f        2942        2867        2941
f        2942        2868        2867
f        2943        2868        2942
f        2943        2869        2868
f        2944        2869        2943
f        2944        2870        2869
f        2945        2870        2944
f        2945        2871        2870
f        2946        2871        2945
f        2946        2872        2871
f        2947        2872        2946
f        2947        2873        2872
f        2948        2873        2947
f        2948        2874        2873
f        2949        2874        2948
f        2949        2875        2874
f        2950        2875        2949
f        2950        2876        2875
f        2951        2876        2950
f        2951        2877        2876
f        2952        2877        2951
f        2952        2878        2877
f        2953        2878        2952
f        2953        2879        2878
f        2954        2879        2953
f        2954        2880        2879
f        2954        2881        2880
f        2955        2881        2954
f        2955        2882        2881
f        2956        2882        2955
f        2956        2883        2882
f        2957        2883        2956
f        2957        2884        2883
f        2958        2884        2957
f        2958        2885        2884
f        2959        2885        2958
f        2959        2886        2885
f        2960        2886        2959
f        2960        2887        2886
f        2961        2887        2960
f        2961        2888        2887
f        2962        2888        2961
f        2962        2889        2888
f        2963        2889        2962
f        2963        2890        2889
f        2964        2890        2963
f        2964        2891        2890
f        2965        2891        2964
f        2965        2892        2891
f        2966        2892        2965
f        2966        2893        2892
f        2967        2893        2966
f        2967        2894        2893
f        2968        2894        2967
f        2968        2895        2894
f        2969        2895        2968
f        2969        2896        2895
f        2970        2896        2969
f        2970        2897        2896
f        2971        2897        2970
f        2971        2898        2897
f        2972        2898        2971
f        2972        2899        2898
f        2972        2900        2899
f        2973        2900        2972
f        2973        2901        2900
f        2974        2901        2973
f        2974        2902        2901
f        2975        2902        2974
f        2975        2903        2902
f        2976        2903        2975
f        2976        2904        2903
f        2977        2904        2976
f        2977        2905        2904
f        2978        2905        2977
f        2978        2906        2905
f        2979        2906        2978
f        2979        2907        2906
f        2980        2907        2979
f        2980        2908        2907
f        2981        2908        2980
f        2981        2909        2908
f        2982        2909        2981
f        2982        2910        2909
f        2983        2910        2982
f        2983        2911        2910
f        2984        2911        2983
f        2984        2912        2911
f        2985        2912        2984
f        2985        2913        2912
f        2986        2913        2985
f        2986        2914        2913
f        2987        2914        2986
f        2987        2915        2914
f        2988        2915        2987
f        2988        2916        2915
f        2989        2916        2988
f        2989        2917        2916
f        2918        2917        2989
f        2918        2842        2917
f        2990        2919        2918
f        2991        2919        2990
f        2991        2920        2919
f        2992        2920        2991
f        2992        2921        2920
f        2993        2921        2992
f        2993        2922        2921
f        2994        2922        2993
f        2994        2923        2922
f        2995        2923        2994
f        2995        2924        2923
f        2996        2924        2995
f        2996        2925        2924
f        2997        2925        2996
f        2997        2926        2925
f        2998        2926        2997
f        2998        2927        2926
f        2999        2927        2998
f        2999        2928        2927
f        3000        2928        2999
f        3000        2929        2928
f        3001        2929        3000
f        3001        2930        2929
f        3002        2930        3001
f        3002        2931        2930
f        3003        2931        3002
f        3003        2932        2931
f        3004        2932        3003
f        3004        2933        2932
f        3005        2933        3004
f        3005        2934        2933
f        3006        2934        3005
f        3006        2935        2934
f        3007        2935        3006
f        3007        2936        2935
f        3007        2937        2936
f        3008        2937        3007
f        3008        2938        2937
f        3009        2938        3008
f        3009        2939        2938
f        3010        2939        3009
f        3010        2940        2939
f        3011        2940        3010
f        3011        2941        2940
f        3012        2941        3011
f        3012        2942        2941
f        3013        2942        3012
f        3013        2943        2942
f        3014        2943        3013
f        3014        2944        2943
f        3015        2944        3014
f        3015        2945        2944
f        3016        2945        3015
f        3016        2946        2945
f        3017        2946        3016
f        3017        2947        2946
f        3018        2947        3017
f        3018        2948        2947
f        3019        2948        3018
f        3019        2949        2948
f        3020        2949        3019
f        3020        2950        2949
f        3021        2950        3020
f        3021        2951        2950
f        3022        2951        3021
f        3022        2952        2951
f        3023        2952        3022
f        3023        2953        2952
f        3024        2953        3023
f        3024        2954        2953
f        3024        2955        2954
f        3025        2955        3024
f        3025        2956        2955
f        3026        2956        3025
f        3026        2957        2956
f        3027        2957        3026
f        3027        2958        2957
f        3028        2958        3027
f        3028        2959        2958
f        3029        2959        3028
f        3029        2960        2959
f        3030        2960        3029
f        3030        2961        2960
f        3031        2961        3030
f        3031        2962        2961
f        3032        2962        3031
f        3032        2963        2962
f        3033        2963        3032
f        3033        2964        2963
f        3034        2964        3033
f        3034        2965        2964
f        3035        2965        3034
f        3035        2966        2965
f        3036        2966        3035
f        3036        2967        2966
f        3037        2967        3036
f        3037        2968        2967
f        3038        2968        3037
f        3038        2969        2968
f        3039        2969        3038
f        3039        2970        2969
f        3040        2970        3039
f        3040        2971        2970
f        3041        2971        3040
f        3041        2972        2971
f        3041        2973        2972
f        3042        2973        3041
f        3042        2974        2973
f        3043        2974        3042
f        3043        2975        2974
f        3044        2975        3043
f        3044        2976        2975
f        3045        2976        3044
f        3045        2977        2976
f        3046        2977        3045
f        3046        2978        2977
f        3047        2978        3046
f        3047        2979        2978
f        3048        2979        3047
f        3048        2980        2979
f        3049        2980        3048
f        3049        2981        2980
f        3050        2981        3049
f        3050        2982        2981
f        3051        2982        3050
f        3051        2983        2982
f        3052        2983        3051
f        3052        2984        2983
f        3053        2984        3052
f        3053        2985        2984
f        3054        2985        3053
f        3054        2986        2985
f        3055        2986        3054
f        3055        2987        2986
f        3056        2987        3055
f        3056        2988        2987
f        3057        2988        3056
f        3057        2989        2988
f        2990        2989        3057
f        2990        2918        2989
f        3058        2991        2990
f        3059        2991        3058
f        3059        2992        2991
f        3060        2992        3059
f        3060        2993        2992
f        3061        2993        3060
f        3061        2994        2993
f        3062        2994        3061
f        3062        2995        2994
f        3063        2995        3062
f        3063        2996        2995
f        3064        2996        3063
f        3064        2997        2996
f        3065        2997        3064
f        3065        2998        2997
f        3066        2998        3065
f        3066        2999        2998
f        3067        2999        3066
f        3067        3000        2999
f        3068        3000        3067
f        3068        3001        3000
f        3069        3001        3068
f        3069        3002        3001
f        3070        3002        3069
f        3070        3003        3002
f        3071        3003        3070
f        3071        3004        3003
f        3072        3004        3071
f        3072        3005        3004
f        3073        3005        3072
f        3073        3006        3005
f        3074        3006        3073
f        3074        3007        3006
f        3074        3008        3007
f        3075        3008        3074
f        3075        3009        3008
f        3076        3009        3075
f        3076        3010        3009
f        3077        3010        3076
f        3077        3011        3010
f        3078        3011        3077
f        3078        3012        3011
f        3079        3012        3078
f        3079        3013        3012
f        3080        3013        3079
f        3080        3014        3013
f        3081        3014        3080
f        3081        3015        3014
f        3082        3015        3081
f        3082        3016        3015
f        3083        3016        3082
f        3083        3017        3016
f        3084        3017        3083
f        3084        3018        3017
f        3085        3018        3084
f        3085        3019        3018
f        3086        3019        3085
f        3086        3020        3019
f        3087        3020        3086
f        3087        3021        3020
f        3088        3021        3087
f        3088        3022        3021
f        3089        3022        3088
f        3089        3023        3022
f        3090        3023        3089
f        3090        3024        3023
f        3090        3025        3024
f        3091        3025        3090
f        3091        3026        3025
f        3092        3026        3091
f        3092        3027        3026
f        3093        3027        3092
f        3093        3028        3027
f        3094        3028        3093
f        3094        3029        3028
f        3095        3029        3094
f        3095        3030        3029
f        3096        3030        3095
f        3096        3031        3030
f        3097        3031        3096
f        3097        3032        3031
f        3098        3032        3097
f        3098        3033        3032
f        3099        3033        3098
f        3099        3034        3033
f        3100        3034        3099
f        3100        3035        3034
f        3101        3035        3100
f        3101        3036        3035
f        3102        3036        3101
f        3102        3037        3036
f        3103        3037        3102
f        3103        3038        3037
f        3104        3038        3103
f        3104        3039        3038
f        3105        3039        3104
f        3105        3040        3039
f        3106        3040        3105
f        3106        3041        3040
f        3106        3042        3041
f        3107        3042        3106
f        3107        3043        3042
f        3108        3043        3107
f        3108        3044        3043
f        3109        3044        3108
f        3109        3045        3044
f        3110        3045        3109
f        3110        3046        3045
f        3111        3046        3110
f        3111        3047        3046
f        3112        3047        3111
f        3112        3048        3047
f        3113        3048        3112
f        3113        3049        3048
f        3114        3049        3113
f        3114        3050        3049
f        3115        3050        3114
f        3115        3051        3050
f        3116        3051        3115
f        3116        3052        3051
f        3117        3052        3116
f        3117        3053        3052
f        3118        3053        3117
f        3118        3054        3053
f        3119        3054        3118
f        3119        3055        3054
f        3120        3055        3119
f        3120        3056        3055
f        3121        3056        3120
f        3121        3057        3056
f        3058        3057        3121
f        3058        2990        3057
f        3122        3059        3058
f        3123        3059        3122
f        3123        3060        3059
f        3124        3060        3123
f        3124        3061        3060
f        3125        3061        3124
f        3125        3062        3061
f        3126        3062        3125
f        3126        3063        3062
f        3127        3063        3126
f        3127        3064        3063
f        3128        3064        3127
f        3128        3065        3064
f        3129        3065        3128
f        3129        3066        3065
f        3130        3066        3129
f        3130        3067        3066
f        3131        3067        3130
f        3131        3068        3067
f        3132        3068        3131
f        3132        3069        3068
f        3133        3069        3132
f        3133        3070        3069
f        3134        3070        3133
f        3134        3071        3070
f        3135        3071        3134
f        3135        3072        3071
f        3136        3072        3135
f        3136        3073        3072
f        3137        3073        3136
f        3137        3074        3073
f        3137        3075        3074
f        3138        3075        3137
f        3138        3076        3075
f        3139        3076        3138
f        3139        3077        3076
f        3140        3077        3139
f        3140        3078        3077
f        3141        3078        3140
f        3141        3079        3078
f        3142        3079        3141
f        3142        3080        3079
f        3143        3080        3142
f        3143        3081        3080
f        3144        3081        3143
f        3144        3082        3081
f        3145        3082        3144
f        3145        3083        3082
f        3146        3083        3145
f        3146        3084        3083
f        3147        3084        3146
f        3147        3085        3084
f        3148        3085        3147
f        3148        3086        3085
f        3149        3086        3148
f        3149        3087        3086
f        3150        3087        3149
f        3150        3088        3087
f        3151        3088        3150
f        3151        3089        3088
f        3152        3089        3151
f        3152        3090        3089
f        3152        3091        3090
f        3153        3091        3152
f        3153        3092        3091
f        3154        3092        3153
f        3154        3093        3092
f        3155        3093        3154
f        3155        3094        3093
f        3156        3094        3155
f        3156        3095        3094
f        3157        3095        3156
f        3157        3096        3095
f        3158        3096        3157
f        3158        3097        3096
f        3159        3097        3158
f        3159        3098        3097
f        3160        3098        3159
f        3160        3099        3098
f        3161        3099        3160
f        3161        3100        3099
f        3162        3100        3161
f        3162        3101        3100
f        3163        3101        3162
f        3163        3102        3101
f        3164        3102        3163
f        3164        3103        3102
f        3165        3103        3164
f        3165        3104        3103
f        3166        3104        3165
f        3166        3105        3104
f        3167        3105        3166
f        3167        3106        3105
f        3167        3107        3106
f        3168        3107        3167
f        3168        3108        3107
f        3169        3108        3168
f        3169        3109        3108
f        3170        3109        3169
f        3170        3110        3109
f        3171        3110        3170
f        3171        3111        3110
f        3172        3111        3171
f        3172        3112        3111
f        3173        3112        3172
f        3173        3113        3112
f        3174        3113        3173
f        3174        3114        3113
f        3175        3114        3174
f        3175        3115        3114
f        3176        3115        3175
f        3176        3116        3115
f        3177        3116        3176
f        3177        3117        3116
f        3178        3117        3177
f        3178        3118        3117
f        3179        3118        3178
f        3179        3119        3118
f        3180        3119        3179
f        3180        3120        3119
f        3181        3120        3180
f        3181        3121        3120
f        3122        3121        3181
f        3122        3058        3121
f        3182        3123        3122
f        3183        3123        3182
f        3183        3124        3123
f        3184        3124        3183
f        3184        3125        3124
f        3185        3125        3184
f        3185        3126        3125
f        3186        3126        3185
f        3186        3127        3126
f        3187        3127        3186
f        3187        3128        3127
f        3188        3128        3187
f        3188        3129        3128
f        3189        3129        3188
f        3189        3130        3129
f        3190        3130        3189
f        3190        3131        3130
f        3191        3131        3190
f        3191        3132        3131
f        3192        3132        3191
f        3192        3133        3132
f        3193        3133        3192
f        3193        3134        3133
f        3194        3134        3193
f        3194        3135        3134
f        3195        3135        3194
f        3195        3136        3135
f        3196        3136        3195
f        3196        3137        3136
f        3196        3138        3137
f        3197        3138        3196
f        3197        3139        3138
f        3198        3139        3197
f        3198        3140        3139
f        3199        3140        3198
f        3199        3141        3140
f        3200        3141        3199
f        3200        3142        3141
f        3201        3142        3200
f        3201        3143        3142
f        3202        3143        3201
f        3202        3144        3143
f        3203        3144        3202
f        3203        3145        3144
f        3204        3145        3203
f        3204        3146        3145
f        3205        3146        3204
f        3205        3147        3146
f        3206        3147        3205
f        3206        3148        3147
f        3207        3148        3206
f        3207        3149        3148
f        3208        3149        3207
f        3208        3150        3149
f        3209        3150        3208
f        3209        3151        3150
f        3210        3151        3209
f        3210        3152        3151
f        3210        3153        3152
f        3211        3153        3210
f        3211        3154        3153
f        3212        3154        3211
f        3212        3155        3154
f        3213        3155        3212
f        3213        3156        3155
f        3214        3156        3213
f        3214        3157        3156
f        3215        3157        3214
f        3215        3158        3157
f        3216        3158        3215
f        3216        3159        3158
f        3217        3159        3216
f        3217        3160        3159
f        3218        3160        3217
f        3218        3161        3160
f        3219        3161        3218
f        3219        3162        3161
f        3220        3162        3219
f        3220        3163        3162
f        3221        3163        3220
f        3221        3164        3163
f        3222        3164        3221
f        3222        3165        3164
f        3223        3165        3222
f        3223        3166        3165
f        3224        3166        3223
f        3224        3167        3166
f        3224        3168        3167
f        3225        3168        3224
f        3225        3169        3168
f        3226        3169        3225
f        3226        3170        3169
f        3227        3170        3226
f        3227        3171        3170
f        3228        3171        3227
f        3228        3172        3171
f        3229        3172        3228
f        3229        3173        3172
f        3230        3173        3229
f        3230        3174        3173
f        3231        3174        3230
f        3231        3175        3174
f        3232        3175        3231
f        3232        3176        3175
f        3233        3176        3232
f        3233        3177        3176
f        3234        3177        3233
f        3234        3178        3177
f        3235        3178        3234
f        3235        3179        3178
f        3236        3179        3235
f        3236        3180        3179
f        3237        3180        3236
f        3237        3181        3180
f        3182        3181        3237
f        3182        3122        3181
f        3238        3183        3182
f        3239        3183        3238
f        3239        3184        3183
f        3240        3184        3239
f        3240        3185        3184
f        3241        3185        3240
f        3241        3186        3185
f        3242        3186        3241
f        3242        3187        3186
f        3243        3187        3242
f        3243        3188        3187
f        3244        3188        3243
f        3244        3189        3188
f        3245        3189        3244
f        3245        3190        3189
f        3246        3190        3245
f        3246        3191        3190
f        3247        3191        3246
f        3247        3192        3191
f        3248        3192        3247
f        3248        3193        3192
f        3249        3193        3248
f        3249        3194        3193
f        3250        3194        3249
f        3250        3195        3194
f        3251        3195        3250
f        3251        3196        3195
f        3251        3197        3196
f        3252        3197        3251
f        3252        3198        3197
f        3253        3198        3252
f        3253        3199        3198
f        3254        3199        3253
f        3254        3200        3199
f        3255        3200        3254
f        3255        3201        3200
f        3256        3201        3255
f        3256        3202        3201
f        3257        3202        3256
f        3257        3203        3202
f        3258        3203        3257
f        3258        3204        3203
f        3259        3204        3258
f        3259        3205        3204
f        3260        3205        3259
f        3260        3206        3205
f        3261        3206        3260
f        3261        3207        3206
f        3262        3207        3261
f        3262        3208        3207
f        3263        3208        3262
f        3263        3209        3208
f        3264        3209        3263
f        3264        3210        3209
f        3264        3211        3210
f        3265        3211        3264
f        3265        3212        3211
f        3266        3212        3265
f        3266        3213        3212
f        3267        3213        3266
f        3267        3214        3213
f        3268        3214        3267
f        3268        3215        3214
f        3269        3215        3268
f        3269        3216        3215
f        3270        3216        3269
f        3270        3217        3216
f        3271        3217        3270
f        3271        3218        3217
f        3272        3218        3271
f        3272        3219        3218
f        3273        3219        3272
f        3273        3220        3219
f        3274        3220        3273
f        3274        3221        3220
f        3275        3221        3274
f        3275        3222        3221
f        3276        3222        3275
f        3276        3223        3222
f        3277        3223        3276
f        3277        3224        3223
f        3277        3225        3224
f        3278        3225        3277
f        3278        3226        3225
f        3279        3226        3278
f        3279        3227        3226
f        3280        3227        3279
f        3280        3228        3227
f        3281        3228        3280
f        3281        3229        3228
f        3282        3229        3281
f        3282        3230        3229
f        3283        3230        3282
f        3283        3231        3230
f        3284        3231        3283
f        3284        3232        3231
f        3285        3232        3284
f        3285        3233        3232
f        3286        3233        3285
f        3286        3234        3233
f        3287        3234        3286
f        3287        3235        3234
f        3288        3235        3287
f        3288        3236        3235
f        3289        3236        3288
f        3289        3237        3236
f        3238        3237        3289
f        3238        3182        3237
f        3290        3239        3238
f        3291        3239        3290
f        3291        3240        3239
f        3292        3240        3291
f        3292        3241        3240
f        3293        3241        3292
f        3293        3242        3241
f        3294        3242        3293
f        3294        3243        3242
f        3295        3243        3294
f        3295        3244        3243
f        3296        3244        3295
f        3296        3245        3244
f        3297        3245        3296
f        3297        3246        3245
f        3298        3246        3297
f        3298        3247        3246
f        3299        3247        3298
f        3299        3248        3247
f        3300        3248        3299
f        3300        3249        3248
f        3301        3249        3300
f        3301        3250        3249
f        3302        3250        3301
f        3302        3251        3250
f        3302        3252        3251
f        3303        3252        3302
f        3303        3253        3252
f        3304        3253        3303
f        3304        3254        3253
f        3305        3254        3304
f        3305        3255        3254
f        3306        3255        3305
f        3306        3256        3255
f        3307        3256        3306
f        3307        3257        3256
f        3308        3257        3307
f        3308        3258        3257
f        3309        3258        3308
f        3309        3259        3258
f        3310        3259        3309
f        3310        3260        3259
f        3311        3260        3310
f        3311        3261        3260
f        3312        3261        3311
f        3312        3262        3261
f        3313        3262        3312
f        3313        3263        3262
f        3314        3263        3313
f        3314        3264        3263
f        3314        3265        3264
f        3315        3265        3314
f        3315        3266        3265
f        3316        3266        3315
f        3316        3267        3266
f        3317        3267        3316
f        3317        3268        3267
f        3318        3268        3317
f        3318        3269        3268
f        3319        3269        3318
f        3319        3270        3269
f        3320        3270        3319
f        3320        3271        3270
f        3321        3271        3320
f        3321        3272        3271
f        3322        3272        3321
f        3322        3273        3272
f        3323        3273        3322
f        3323        3274        3273
f        3324        3274        3323
f        3324        3275        3274
f        3325        3275        3324
f        3325        3276        3275
f        3326        3276        3325
f        3326        3277        3276
f        3326        3278        3277
f        3327        3278        3326
f        3327        3279        3278
f        3328        3279        3327
f        3328        3280        3279
f        3329        3280        3328
f        3329        3281        3280
f        3330        3281        3329
f        3330        3282        3281
f        3331        3282        3330
f        3331        3283        3282
f        3332        3283        3331
f        3332        3284        3283
f        3333        3284        3332
f        3333        3285        3284
f        3334        3285        3333
f        3334        3286        3285
f        3335        3286        3334
f        3335        3287        3286
f        3336        3287        3335
f        3336        3288        3287
f        3337        3288        3336
f        3337        3289        3288
f        3290        3289        3337
f        3290        3238        3289
f        3338        3291        3290
f        3339        3291        3338
f        3339        3292        3291
f        3340        3292        3339
f        3340        3293        3292
f        3341        3293        3340
f        3341        3294        3293
f        3342        3294        3341
f        3342        3295        3294
f        3343        3295        3342
f        3343        3296        3295
f        3344        3296        3343
f        3344        3297        3296
f        3345        3297        3344
f        3345        3298        3297
f        3346        3298        3345
f        3346        3299        3298
f        3347        3299        3346
f        3347        3300        3299
f        3348        3300        3347
f        3348        3301        3300
f        3349        3301        3348
f        3349        3302        3301
f        3349        3303        3302
f        3350        3303        3349
f        3350        3304        3303
f        3351        3304        3350
f        3351        3305        3304
f        3352        3305        3351
f        3352        3306        3305
f        3353        3306        3352
f        3353        3307        3306
f        3354        3307        3353
f        3354        3308        3307
f        3355        3308        3354
f        3355        3309        3308
f        3356        3309        3355
f        3356        3310        3309
f        3357        3310        3356
f        3357        3311        3310
f        3358        3311        3357
f        3358        3312        3311
f        3359        3312        3358
f        3359        3313        3312
f        3360        3313        3359
f        3360        3314        3313
f        3360        3315        3314
f        3361        3315        3360
f        3361        3316        3315
f        3362        3316        3361
f        3362        3317        3316
f        3363        3317        3362
f        3363        3318        3317
f        3364        3318        3363
f        3364        3319        3318
f        3365        3319        3364
f        3365        3320        3319
f        3366        3320        3365
f        3366        3321        3320
f        3367        3321        3366
f        3367        3322        3321
f        3368        3322        3367
f        3368        3323        3322
f        3369        3323        3368
f        3369        3324        3323
f        3370        3324        3369
f        3370        3325        3324
f        3371        3325        3370
f        3371        3326        3325
f        3371        3327        3326
f        3372        3327        3371
f        3372        3328        3327
f        3373        3328        3372
f        3373        3329        3328
f        3374        3329        3373
f        3374        3330        3329
f        3375        3330        3374
f        3375        3331        3330
f        3376        3331        3375
f        3376        3332        3331
f        3377        3332        3376
f        3377        3333        3332
f        3378        3333        3377
f        3378        3334        3333
f        3379        3334        3378
f        3379        3335        3334
f        3380        3335        3379
f        3380        3336        3335
f        3381        3336        3380
f        3381        3337        3336
f        3338        3337        3381
f        3338        3290        3337
f        3382        3339        3338
f        3383        3339        3382
f        3383        3340        3339
f        3384        3340        3383
f        3384        3341        3340
f        3385        3341        3384
f        3385        3342        3341
f        3386        3342        3385
f        3386        3343        3342
f        3387        3343        3386
f        3387        3344        3343
f        3388        3344        3387
f        3388        3345        3344
f        3389        3345        3388
f        3389        3346        3345
f        3390        3346        3389
f        3390        3347        3346
f        3391        3347        3390
f        3391        3348        3347
f        3392        3348        3391
f        3392        3349        3348
f        3392        3350        3349
f        3393        3350        3392
f        3393        3351        3350
f        3394        3351        3393
f        3394        3352        3351
f        3395        3352        3394
f        3395        3353        3352
f        3396        3353        3395
f        3396        3354        3353
f        3397        3354        3396
f        3397        3355        3354
f        3398        3355        3397
f        3398        3356        3355
f        3399        3356        3398
f        3399        3357        3356
f        3400        3357        3399
f        3400        3358        3357
f        3401        3358        3400
f        3401        3359        3358
f        3402        3359        3401
f        3402        3360        3359
f        3402        3361        3360
f        3403        3361        3402
f        3403        3362        3361
f        3404        3362        3403
f        3404        3363        3362
f        3405        3363        3404
f        3405        3364        3363
f        3406        3364        3405
f        3406        3365        3364
f        3407        3365        3406
f        3407        3366        3365
f        3408        3366        3407
f        3408        3367        3366
f        3409        3367        3408
f        3409        3368        3367
f        3410        3368        3409
f        3410        3369        3368
f        3411        3369        3410
f        3411        3370        3369
f        3412        3370        3411
f        3412        3371        3370
f        3412        3372        3371
f        3413        3372        3412
f        3413        3373        3372
f        3414        3373        3413
f        3414        3374        3373
f        3415        3374        3414
f        3415        3375        3374
f        3416        3375        3415
f        3416        3376        3375
f        3417        3376        3416
f        3417        3377        3376
f        3418        3377        3417
f        3418        3378        3377
f        3419        3378        3418
f        3419        3379        3378
f        3420        3379        3419
f        3420        3380        3379
f        3421        3380        3420
f        3421        3381        3380
f        3382        3381        3421
f        3382        3338        3381
f        3422        3383        3382
f        3423        3383        3422
f        3423        3384        3383
f        3424        3384        3423
f        3424        3385        3384
f        3425        3385        3424
f        3425        3386        3385
f        3426        3386        3425
f        3426        3387        3386
f        3427        3387        3426
f        3427        3388        3387
f        3428        3388        3427
f        3428        3389        3388
f        3429        3389        3428
f        3429        3390        3389
f        3430        3390        3429
f        3430        3391        3390
f        3431        3391        3430
f        3431        3392        3391
f        3431        3393        3392
f        3432        3393        3431
f        3432        3394        3393
f        3433        3394        3432
f        3433        3395        3394
f        3434        3395        3433
f        3434        3396        3395
f        3435        3396        3434
f        3435        3397        3396
f        3436        3397        3435
f        3436        3398        3397
f        3437        3398        3436
f        3437        3399        3398
f        3438        3399        3437
f        3438        3400        3399
f        3439        3400        3438
f        3439        3401        3400
f        3440        3401        3439
f        3440        3402        3401
f        3440        3403        3402
f        3441        3403        3440
f        3441        3404        3403
f        3442        3404        3441
f        3442        3405        3404
f        3443        3405        3442
f        3443        3406        3405
f        3444        3406        3443
f        3444        3407        3406
f        3445        3407        3444
f        3445        3408        3407
f        3446        3408        3445
f        3446        3409        3408
f        3447        3409        3446
f        3447        3410        3409
f        3448        3410        3447
f        3448        3411        3410
f        3449        3411        3448
f        3449        3412        3411
f        3449        3413        3412
f        3450        3413        3449
f        3450        3414        3413
f        3451        3414        3450
f        3451        3415        3414
f        3452        3415        3451
f        3452        3416        3415
f        3453        3416        3452
f        3453        3417        3416
f        3454        3417        3453
f        3454        3418        3417
f        3455        3418        3454
f        3455        3419        3418
f        3456        3419        3455
f        3456        3420        3419
f        3457        3420        3456
f        3457        3421        3420
f        3422        3421        3457
f        3422        3382        3421
f        3458        3423        3422
f        3459        3423        3458
f        3459        3424        3423
f        3460        3424        3459
f        3460        3425        3424
f        3461        3425        3460
f        3461        3426        3425
f        3462        3426        3461
f        3462        3427        3426
f        3463        3427        3462
f        3463        3428        3427
f        3464        3428        3463
f        3464        3429        3428
f        3465        3429        3464
f        3465        3430        3429
f        3466        3430        3465
f        3466        3431        3430
f        3466        3432        3431
f        3467        3432        3466
f        3467        3433        3432
f        3468        3433        3467
f        3468        3434        3433
f        3469        3434        3468
f        3469        3435        3434
f        3470        3435        3469
f        3470        3436        3435
f        3471        3436        3470
f        3471        3437        3436
f        3472        3437        3471
f        3472        3438        3437
f        3473        3438        3472
f        3473        3439        3438
f        3474        3439        3473
f        3474        3440        3439
f        3474        3441        3440
f        3475        3441        3474
f        3475        3442        3441
f        3476        3442        3475
f        3476        3443        3442
f        3477        3443        3476
f        3477        3444        3443
f        3478        3444        3477
f        3478        3445        3444
f        3479        3445        3478
f        3479        3446        3445
f        3480        3446        3479
f        3480        3447        3446
f        3481        3447        3480
f        3481        3448        3447
f        3482        3448        3481
f        3482        3449        3448
f        3482        3450        3449
f        3483        3450        3482
f        3483        3451        3450
f        3484        3451        3483
f        3484        3452        3451
f        3485        3452        3484
f        3485        3453        3452
f        3486        3453        3485
f        3486        3454        3453
f        3487        3454        3486
f        3487        3455        3454
f        3488        3455        3487
f        3488        3456        3455
f        3489        3456        3488
f        3489        3457        3456
f        3458        3457        3489
f        3458        3422        3457
f        3490        3459        3458
f        3491        3459        3490
f        3491        3460        3459
f        3492        3460        3491
f        3492        3461        3460
f        3493        3461        3492
f        3493        3462        3461
f        3494        3462        3493
f        3494        3463        3462
f        3495        3463        3494
f        3495        3464        3463
f        3496        3464        3495
f        3496        3465        3464
f        3497        3465        3496
f        3497        3466        3465
f        3497        3467        3466
f        3498        3467        3497
f        3498        3468        3467
f        3499        3468        3498
f        3499        3469        3468
f        3500        3469        3499
f        3500        3470        3469
f        3501        3470        3500
f        3501        3471        3470
f        3502        3471        3501
f        3502        3472        3471
f        3503        3472        3502
f        3503        3473        3472
f        3504        3473        3503
f        3504        3474        3473
f        3504        3475        3474
f        3505        3475        3504
f        3505        3476        3475
f        3506        3476        3505
f        3506        3477        3476
f        3507        3477        3506
f        3507        3478        3477
f        3508        3478        3507
f        3508        3479        3478
f        3509        3479        3508
f        3509        3480        3479
f        3510        3480        3509
f        3510        3481        3480
f        3511        3481        3510
f        3511        3482        3481
f        3511        3483        3482
f        3512        3483        3511
f        3512        3484        3483
f        3513        3484        3512
f        3513        3485        3484
f        3514        3485        3513
f        3514        3486        3485
f        3515        3486        3514
f        3515        3487        3486
f        3516        3487        3515
f        3516        3488        3487
f        3517        3488        3516
f        3517        3489        3488
f        3490        3489        3517
f        3490        3458        3489
f        3518        3491        3490
f        3519        3491        3518
f        3519        3492        3491
f        3520        3492        3519
f        3520        3493        3492
f        3521        3493        3520
f        3521        3494        3493
f        3522        3494        3521
f        3522        3495        3494
f        3523        3495        3522
f        3523        3496        3495
f        3524        3496        3523
f        3524        3497        3496
f        3524        3498        3497
f        3525        3498        3524
f        3525        3499        3498
f        3526        3499        3525
f        3526        3500        3499
f        3527        3500        3526
f        3527        3501        3500
f        3528        3501        3527
f        3528        3502        3501
f        3529        3502        3528
f        3529        3503        3502
f        3530        3503        3529
f        3530        3504        3503
f        3530        3505        3504
f        3531        3505        3530
f        3531        3506        3505
f        3532        3506        3531
f        3532        3507        3506
f        3533        3507        3532
f        3533        3508        3507
f        3534        3508        3533
f        3534        3509        3508
f        3535        3509        3534
f        3535        3510        3509
f        3536        3510        3535
f        3536        3511        3510
f        3536        3512        3511
f        3537        3512        3536
f        3537        3513        3512
f        3538        3513        3537
f        3538        3514        3513
f        3539        3514        3538
f        3539        3515        3514
f        3540        3515        3539
f        3540        3516        3515
f        3541        3516        3540
f        3541        3517        3516
f        3518        3517        3541
f        3518        3490        3517
f        3542        3519        3518
f        3543        3519        3542
f        3543        3520        3519
f        3544        3520        3543
f        3544        3521        3520
f        3545        3521        3544
f        3545        3522        3521
f        3546        3522        3545
f        3546        3523        3522
f        3547        3523        3546
f        3547        3524        3523
f        3547        3525        3524
f        3548        3525        3547
f        3548        3526        3525
f        3549        3526        3548
f        3549        3527        3526
f        3550        3527        3549
f        3550        3528        3527
f        3551        3528        3550
f        3551        3529        3528
f        3552        3529        3551
f        3552        3530        3529
f        3552        3531        3530
f        3553        3531        3552
f        3553        3532        3531
f        3554        3532        3553
f        3554        3533        3532
f        3555        3533        3554
f        3555        3534        3533
f        3556        3534        3555
f        3556        3535        3534
f        3557        3535        3556
f        3557        3536        3535
f        3557        3537        3536
f        3558        3537        3557
f        3558        3538        3537
f        3559        3538        3558
f        3559        3539        3538
f        3560        3539        3559
f        3560        3540        3539
f        3561        3540        3560
f        3561        3541        3540
f        3542        3541        3561
f        3542        3518        3541
f        3562        3543        3542
f        3563        3543        3562
f        3563        3544        3543
f        3564        3544        3563
f        3564        3545        3544
f        3565        3545        3564
f        3565        3546        3545
f        3566        3546        3565
f        3566        3547        3546
f        3566        3548        3547
f        3567        3548        3566
f        3567        3549        3548
f        3568        3549        3567
f        3568        3550        3549
f        3569        3550        3568
f        3569        3551        3550
f        3570        3551        3569
f        3570        3552        3551
f        3570        3553        3552
f        3571        3553        3570
f        3571        3554        3553
f        3572        3554        3571
f        3572        3555        3554
f        3573        3555        3572
f        3573        3556        3555
f        3574        3556        3573
f        3574        3557        3556
f        3574        3558        3557
f        3575        3558        3574
f        3575        3559        3558
f        3576        3559        3575
f        3576        3560        3559
f        3577        3560        3576
f        3577        3561        3560
f        3562        3561        3577
f        3562        3542        3561
f        3578        3563        3562
f        3579        3563        3578
f        3579        3564        3563
f        3580        3564        3579
f        3580        3565        3564
f        3581        3565        3580
f        3581        3566        3565
f        3581        3567        3566
f        3582        3567        3581
f        3582        3568        3567
f        3583        3568        3582
f        3583        3569        3568
f        3584        3569        3583
f        3584        3570        3569
f        3584        3571        3570
f        3585        3571        3584
f        3585        3572        3571
f        3586        3572        3585
f        3586        3573        3572
f        3587        3573        3586
f        3587        3574        3573
f        3587        3575        3574
f        3588        3575        3587
f        3588        3576        3575
f        3589        3576        3588
f        3589        3577        3576
f        3578        3577        3589
f        3578        3562        3577
f        3590        3579        3578
f        3591        3579        3590
f        3591        3580        3579
f        3592        3580        3591
f        3592        3581        3580
f        3592        3582        3581
f        3593        3582        3592
f        3593        3583        3582
f        3594        3583        3593
f        3594        3584        3583
f        3594        3585        3584
f        3595        3585        3594
f        3595        3586        3585
f        3596        3586        3595
f        3596        3587        3586
f        3596        3588        3587
f        3597        3588        3596
f        3597        3589        3588
f        3590        3589        3597
f        3590        3578        3589
f        3598        3591        3590
f        3599        3591        3598
f        3599        3592        3591
f        3599        3593        3592
f        3600        3593        3599
f        3600        3594        3593
f        3600        3595        3594
f        3601        3595        3600
f        3601        3596        3595
f        3601        3597        3596
f        3598        3597        3601
f        3598        3590        3597
f        3602        3599        3598
f        3602        3600        3599
f        3602        3601        3600
f        3602        3598        3601
